attempt_id,matched_block_id,stage,batch,subject,profile,block,variant,attempt,scheduled_seq,record_seq,record_sha256,started_utc,ended_utc,elapsed_s,job_elapsed_s,exit_status,timed_out,cleanup_ok,profile_verified,cpu_quota,cpu_period,categories,signatures,annotation_source,stdout_sha256,stderr_sha256
c1v1-measured-etcd5509-b01-L-ok-a1,c1v1-etcd5509-b01,measured,A,etcd5509,L,1,V_ok,1,55,1,98cfc39863891e0ec3d110e1ab07e915ef13365a08bf3ccc2b727a9639f9d26f,2026-09-25T13:15:27.440781Z,2026-09-25T13:15:27.948640Z,0.507827,1.117569,0,False,True,True,200000,100000,PASS,,mechanical,c1c11bad0cf93b17965e9a04c3f0c8ee5fc90932031c954464c0241c47c0c45b,a2179c8580c21e71ce5e1b6337d1c466fd179b18bbbf2806b064b46f471b43c7
c1v1-measured-etcd5509-b01-L-ok-a2,c1v1-etcd5509-b01,measured,A,etcd5509,L,1,V_ok,2,56,2,f4b6ddee9c33c52ab0d41eb6c5b755893751f01325c6badaec36d1d6b2fa2a54,2026-09-25T13:15:30.565284Z,2026-09-25T13:15:31.032227Z,0.466917,1.069031,0,False,True,True,200000,100000,PASS,,mechanical,0865ca53acff4a56d7897b8710ddc98bcf02d813971f747324154bbda3b90b05,742e587c794c1868fc13830103431d9e82cfccb17a57768f3ab17e82b39c6990
c1v1-measured-etcd5509-b01-L-ok-a3,c1v1-etcd5509-b01,measured,A,etcd5509,L,1,V_ok,3,57,3,de2cf6b934a37c2e37c7dfb8b960755b349010611e6d857b3f56617f7373f5c6,2026-09-25T13:15:33.655323Z,2026-09-25T13:15:34.155711Z,0.500357,1.108405,0,False,True,True,200000,100000,PASS,,mechanical,d8ff113241af518ad7390093f52df3178aad3c37a152b55b82f66bb7db889430,ea5e504b4ba9bd1d716714fa1dc529635de2adb5056ea06cfc89d66b231cda7f
c1v1-measured-etcd5509-b01-L-bad-a1,c1v1-etcd5509-b01,measured,A,etcd5509,L,1,V_bad,1,58,4,383d6e41dace0a4acff12b5361525ddeb96dfd44becb904e276b1d8c82bee629,2026-09-25T13:15:36.783831Z,2026-09-25T13:16:18.973071Z,42.189211,42.664757,2,False,True,True,200000,100000,FOCAL_DEFECT_WITNESS,a,mechanical,ff1cd7c15d2f9199cd492e71537a4234f37d166d6d092f657424acde379b583f,728103893bf52720945e81c00c8aaf17d30bf8732ac3c98af75447dbc71569b8
c1v1-measured-etcd5509-b01-L-bad-a2,c1v1-etcd5509-b01,measured,A,etcd5509,L,1,V_bad,2,59,5,ce5c2900e478dcf009d244b97fafe7219de31aa63ca61f023f2e145697a9c704,2026-09-25T13:16:21.463935Z,2026-09-25T13:17:03.525601Z,42.061634,42.68906,2,False,True,True,200000,100000,FOCAL_DEFECT_WITNESS,a,mechanical,ff1cd7c15d2f9199cd492e71537a4234f37d166d6d092f657424acde379b583f,539ab609370d0c76477e97e1e7548c484f21a427ef8990ba8db12707a527223d
c1v1-measured-etcd5509-b01-L-bad-a3,c1v1-etcd5509-b01,measured,A,etcd5509,L,1,V_bad,3,60,6,23ec05e4360d09374fcdfca714aab442e225bdc8dad4554753bfbe9055e98108,2026-09-25T13:17:06.176603Z,2026-09-25T13:17:06.661720Z,0.485089,1.046746,0,False,True,True,200000,100000,PASS,,mechanical,0865ca53acff4a56d7897b8710ddc98bcf02d813971f747324154bbda3b90b05,2fc20b12265bf6e83d2d54ab892e97350c0b1953b727717559c96fca855e05eb
c1v1-measured-etcd5509-b02-L-bad-a1,c1v1-etcd5509-b02,measured,A,etcd5509,L,2,V_bad,1,97,7,fa87c5c76280641dba8d029ac5edb52928d78be132eca1adb4190c8b7ed6f91e,2026-09-25T13:19:31.931373Z,2026-09-25T13:20:14.032320Z,42.100916,42.586201,2,False,True,True,200000,100000,FOCAL_DEFECT_WITNESS,a,mechanical,ff1cd7c15d2f9199cd492e71537a4234f37d166d6d092f657424acde379b583f,9fcd9e45c5e3b16edd3ea18a8ad0e083a2ae57df91fecf8503854847a24db83b
c1v1-measured-etcd5509-b02-L-bad-a2,c1v1-etcd5509-b02,measured,A,etcd5509,L,2,V_bad,2,98,8,1db1af5d6ad9b0d20b7b1d9349e3bef4bf9fcd1e45c3069d98bf0b03c90031fa,2026-09-25T13:20:16.532493Z,2026-09-25T13:20:58.691434Z,42.158908,42.633135,2,False,True,True,200000,100000,FOCAL_DEFECT_WITNESS,a,mechanical,ff1cd7c15d2f9199cd492e71537a4234f37d166d6d092f657424acde379b583f,7376895b7d324896ab67986c1670481cdc7c9086adc07ae1dcc56016cd22effb
c1v1-measured-etcd5509-b02-L-bad-a3,c1v1-etcd5509-b02,measured,A,etcd5509,L,2,V_bad,3,99,9,f80097e85b65951012677d0756f468a8d20fd3b58f9c062a66a66d9ddc42268d,2026-09-25T13:21:01.175918Z,2026-09-25T13:21:43.302963Z,42.127015,42.60216,2,False,True,True,200000,100000,FOCAL_DEFECT_WITNESS,a,mechanical,ff1cd7c15d2f9199cd492e71537a4234f37d166d6d092f657424acde379b583f,57a134428cb9226e172072c90f6cdb477ec162ddd11f046eca5a013c93d9fbb2
c1v1-measured-etcd5509-b02-L-ok-a1,c1v1-etcd5509-b02,measured,A,etcd5509,L,2,V_ok,1,103,10,ca25f1600967120fa6aeb09e5dea4599612befd2361635b62c00ab80ff6ca556,2026-09-25T13:23:18.062965Z,2026-09-25T13:23:18.544752Z,0.481761,1.024505,0,False,True,True,200000,100000,PASS,,mechanical,0865ca53acff4a56d7897b8710ddc98bcf02d813971f747324154bbda3b90b05,a2c131f563612d4e4ba7fcc8e3ec6701fcc2db6026ed132dc995542aaaf04acf
c1v1-measured-etcd5509-b02-L-ok-a2,c1v1-etcd5509-b02,measured,A,etcd5509,L,2,V_ok,2,104,11,92d42c5a3784d0671579a1e1de6e92722c673cb5bec91b7d94ecf4248855f7fc,2026-09-25T13:23:21.172117Z,2026-09-25T13:23:21.644712Z,0.47257,1.090421,0,False,True,True,200000,100000,PASS,,mechanical,0865ca53acff4a56d7897b8710ddc98bcf02d813971f747324154bbda3b90b05,77d3d281f8c8ac7ceb56d276c7d9eb281b50adc1a158cc93482e57d592a84de2
c1v1-measured-etcd5509-b02-L-ok-a3,c1v1-etcd5509-b02,measured,A,etcd5509,L,2,V_ok,3,105,12,90ce281e59fcc8bb3469c6bf3f76e96f8c2eef5c817c3419722b891b793191eb,2026-09-25T13:23:24.275405Z,2026-09-25T13:23:24.758995Z,0.483558,1.103731,0,False,True,True,200000,100000,PASS,,mechanical,0865ca53acff4a56d7897b8710ddc98bcf02d813971f747324154bbda3b90b05,9bb847f91cd096ce6b98e79a24b7a26f9a07a39348e7a92d8f2db19fc67ac962
c1v1-measured-etcd5509-b03-L-ok-a1,c1v1-etcd5509-b03,measured,A,etcd5509,L,3,V_ok,1,151,13,e313cfe89a082da95659851c02c799884f0cc7198e14f54cdd1248cbc736bd1d,2026-09-25T13:30:32.117181Z,2026-09-25T13:30:32.583911Z,0.466703,1.081016,0,False,True,True,200000,100000,PASS,,mechanical,c1c11bad0cf93b17965e9a04c3f0c8ee5fc90932031c954464c0241c47c0c45b,8bd31592b9133b29bd263477d6d8c6cde6312c9ebd4f201e3f7001d8ba4b85d8
c1v1-measured-etcd5509-b03-L-ok-a2,c1v1-etcd5509-b03,measured,A,etcd5509,L,3,V_ok,2,152,14,36ef29ee8ce7199455ea4108c1b52b6e1182c57892eaa4c769a7ca2e45d901d1,2026-09-25T13:30:35.218115Z,2026-09-25T13:30:35.738251Z,0.520098,1.137444,0,False,True,True,200000,100000,PASS,,mechanical,0865ca53acff4a56d7897b8710ddc98bcf02d813971f747324154bbda3b90b05,79acce735764308803e923746d6af2c8ceaaee66f2793cbb0cc1ab65c816dd2a
c1v1-measured-etcd5509-b03-L-ok-a3,c1v1-etcd5509-b03,measured,A,etcd5509,L,3,V_ok,3,153,15,c51f2f6e87fb273ac1fa14e8f82ac7e3cdf16e559767d2ecb37bc22d07bf2017,2026-09-25T13:30:38.374094Z,2026-09-25T13:30:38.855137Z,0.481013,1.091856,0,False,True,True,200000,100000,PASS,,mechanical,0865ca53acff4a56d7897b8710ddc98bcf02d813971f747324154bbda3b90b05,e779a78dff51e60bd779a01dc4f20c0e31bcf89bcc1aa92d819cda7910352c66
c1v1-measured-etcd5509-b03-L-bad-a1,c1v1-etcd5509-b03,measured,A,etcd5509,L,3,V_bad,1,154,16,e36c77e8ab96c422cc2b6a853531042119d484aa3f727b86bb0dcedee318c745,2026-09-25T13:30:41.482628Z,2026-09-25T13:31:23.541101Z,42.058444,42.536348,2,False,True,True,200000,100000,FOCAL_DEFECT_WITNESS,a,mechanical,ff1cd7c15d2f9199cd492e71537a4234f37d166d6d092f657424acde379b583f,1d678f04b000821844c874f7bfd50d626c82fec5d1582434836218a331c5b648
c1v1-measured-etcd5509-b03-L-bad-a2,c1v1-etcd5509-b03,measured,A,etcd5509,L,3,V_bad,2,155,17,6e48a13bea58e9d4135e818cc28564be02295284e9273099c11c0053dc9ef5e0,2026-09-25T13:31:26.032788Z,2026-09-25T13:32:08.102382Z,42.069566,42.548718,2,False,True,True,200000,100000,FOCAL_DEFECT_WITNESS,a,mechanical,ff1cd7c15d2f9199cd492e71537a4234f37d166d6d092f657424acde379b583f,ef460a6a67b9e946b506555de69aad59e7e377e792e66ef179e402476d59e6ee
c1v1-measured-etcd5509-b03-L-bad-a3,c1v1-etcd5509-b03,measured,A,etcd5509,L,3,V_bad,3,156,18,d143631d3429c1841794cd7539d507b9f4d5f6727ffb2f36486bf401deb21025,2026-09-25T13:32:10.596643Z,2026-09-25T13:32:52.654878Z,42.058206,42.532756,2,False,True,True,200000,100000,FOCAL_DEFECT_WITNESS,a,mechanical,ff1cd7c15d2f9199cd492e71537a4234f37d166d6d092f657424acde379b583f,dc6bc7996b18b06ec1213747bb2c7f7ac36bf117de4b726042dae85f141cdc84
c1v1-measured-etcd5509-b04-L-bad-a1,c1v1-etcd5509-b04,measured,A,etcd5509,L,4,V_bad,1,256,19,59451c8868ae44ad3041b7346b55ecf8d769b40e2461ea7f5c429c98bb63e789,2026-09-25T13:47:25.182349Z,2026-09-25T13:48:07.242487Z,42.060105,42.465687,2,False,True,True,200000,100000,FOCAL_DEFECT_WITNESS,a,mechanical,ff1cd7c15d2f9199cd492e71537a4234f37d166d6d092f657424acde379b583f,d4a9af8237910c2cafdf4ed554e94a6b722d9642c496bdfbdbc5131023bc5e8f
c1v1-measured-etcd5509-b04-L-bad-a2,c1v1-etcd5509-b04,measured,A,etcd5509,L,4,V_bad,2,257,20,328fd3aaf492ba9b2c51773c5d5f88025ef75a66acf34bfa9abcf512d0e5051b,2026-09-25T13:48:09.732098Z,2026-09-25T13:48:51.628034Z,41.895901,42.384465,2,False,True,True,200000,100000,FOCAL_DEFECT_WITNESS,a,mechanical,ff1cd7c15d2f9199cd492e71537a4234f37d166d6d092f657424acde379b583f,d7f02f0f9984c9480884db5416eed4ff82d05e1a162103db8a2bd9cf2b3d7f57
c1v1-measured-etcd5509-b04-L-bad-a3,c1v1-etcd5509-b04,measured,A,etcd5509,L,4,V_bad,3,258,21,f27a8219af9fd00a92c4302f4cb77ace24083492c321bf22ba0ac484bc0239df,2026-09-25T13:48:54.061014Z,2026-09-25T13:48:54.538374Z,0.477332,1.020682,0,False,True,True,200000,100000,PASS,,mechanical,c1c11bad0cf93b17965e9a04c3f0c8ee5fc90932031c954464c0241c47c0c45b,cbe238e6fe6f759101dd6bb2163393538e4d1fd2697652a8bcbcd23689d1a587
c1v1-measured-etcd5509-b04-L-ok-a1,c1v1-etcd5509-b04,measured,A,etcd5509,L,4,V_ok,1,259,22,05d54fa76e040255bde842f1d9ce13e47ff9f13f65b1be4627a99602f4ef2b02,2026-09-25T13:48:57.177174Z,2026-09-25T13:48:57.719418Z,0.542216,1.163743,0,False,True,True,200000,100000,PASS,,mechanical,0865ca53acff4a56d7897b8710ddc98bcf02d813971f747324154bbda3b90b05,9aafceab3f36e8f196d955c08e5cfb93a41b28514978304aee4296406b2499ce
c1v1-measured-etcd5509-b04-L-ok-a2,c1v1-etcd5509-b04,measured,A,etcd5509,L,4,V_ok,2,260,23,47e455e968debf5437c27844f3cf41ab87b91ca065e5e1152c3c0d4e02bbf745,2026-09-25T13:49:00.357300Z,2026-09-25T13:49:00.771152Z,0.413819,1.025172,0,False,True,True,200000,100000,PASS,,mechanical,0865ca53acff4a56d7897b8710ddc98bcf02d813971f747324154bbda3b90b05,8e464d416a6f043e7a9bf89119cae484acb4c230624615a158f4b8a5772fa094
c1v1-measured-etcd5509-b04-L-ok-a3,c1v1-etcd5509-b04,measured,A,etcd5509,L,4,V_ok,3,261,24,9172d588349c7f3894c23ecc1814fa5143f664bb30fbac703b291f5ebb3eaf16,2026-09-25T13:49:03.400805Z,2026-09-25T13:49:03.909238Z,0.508402,1.140992,0,False,True,True,200000,100000,PASS,,mechanical,d8ff113241af518ad7390093f52df3178aad3c37a152b55b82f66bb7db889430,1b3853e0bd4b3d5d9ba214ee93845477b4c49c67ec85180c39f7049f5aad96c0
c1v1-measured-etcd5509-b05-L-ok-a1,c1v1-etcd5509-b05,measured,A,etcd5509,L,5,V_ok,1,337,25,44c2bd284aadf7ffd9567d22a4bb1056594a2a08d241e9e07c4cee28ab1fda81,2026-09-25T13:55:37.069083Z,2026-09-25T13:55:37.653562Z,0.584453,1.196925,0,False,True,True,200000,100000,PASS,,mechanical,d8ff113241af518ad7390093f52df3178aad3c37a152b55b82f66bb7db889430,b95663ff2da9faead8f03015483993d1eb88f74760b71c829808562c432b81c3
c1v1-measured-etcd5509-b05-L-ok-a2,c1v1-etcd5509-b05,measured,A,etcd5509,L,5,V_ok,2,338,26,38943e3e47525cacce09a59f1571ef637954888804cab255ee77d4c625884cb8,2026-09-25T13:55:40.279819Z,2026-09-25T13:55:40.744473Z,0.464623,1.070071,0,False,True,True,200000,100000,PASS,,mechanical,d8ff113241af518ad7390093f52df3178aad3c37a152b55b82f66bb7db889430,432e522aa773ef48aa0343ada96a5ee508cc43a919304b836c24085db7a9c93c
c1v1-measured-etcd5509-b05-L-ok-a3,c1v1-etcd5509-b05,measured,A,etcd5509,L,5,V_ok,3,339,27,7cf5136090b69dce071080bb926d4678e560f1f98f9d0616e6270f8fb0068012,2026-09-25T13:55:43.361757Z,2026-09-25T13:55:43.860943Z,0.499156,1.121941,0,False,True,True,200000,100000,PASS,,mechanical,d8ff113241af518ad7390093f52df3178aad3c37a152b55b82f66bb7db889430,425c778a4ce67c1cc3025f84b4a336855d855ec9107e32e075405004451b2e47
c1v1-measured-etcd5509-b05-L-bad-a1,c1v1-etcd5509-b05,measured,A,etcd5509,L,5,V_bad,1,343,28,f4795a781cf8a00be63fe3e78956bbbaa5cce9be8864f2a6a18691b14bfa7412,2026-09-25T13:55:55.886220Z,2026-09-25T13:56:38.017688Z,42.131437,42.600181,2,False,True,True,200000,100000,FOCAL_DEFECT_WITNESS,a,mechanical,ff1cd7c15d2f9199cd492e71537a4234f37d166d6d092f657424acde379b583f,62341339d9d4ccf4a1c031b356434a93a7ada1c2dd5c1f12695c7f927b0773d8
c1v1-measured-etcd5509-b05-L-bad-a2,c1v1-etcd5509-b05,measured,A,etcd5509,L,5,V_bad,2,344,29,dae8be8e56abf65628787e2ea6f5317b1d021f73dc17a7313a0e118cde364469,2026-09-25T13:56:40.506557Z,2026-09-25T13:57:22.467717Z,41.961127,42.427435,2,False,True,True,200000,100000,FOCAL_DEFECT_WITNESS,a,mechanical,ff1cd7c15d2f9199cd492e71537a4234f37d166d6d092f657424acde379b583f,83d2ee0e0a952123c9cbed2501a7ef08ca5b20307da1314553402bc211825230
c1v1-measured-etcd5509-b05-L-bad-a3,c1v1-etcd5509-b05,measured,A,etcd5509,L,5,V_bad,3,345,30,3dfd15f7d4c0193dde47b0ee602cc568973c8bb156d0fc2c4b42662979d13309,2026-09-25T13:57:24.947796Z,2026-09-25T13:58:06.922662Z,41.974839,42.44171,2,False,True,True,200000,100000,FOCAL_DEFECT_WITNESS,a,mechanical,ff1cd7c15d2f9199cd492e71537a4234f37d166d6d092f657424acde379b583f,fd738200864f54402e664e56ddf72a9578eeab9d439ff8320635bcf20956adf3
c1v1-measured-etcd5509-b06-L-bad-a1,c1v1-etcd5509-b06,measured,B,etcd5509,L,6,V_bad,1,424,31,53c15ccc4e712b92573c2cf1e40abd0cf3df0ac6eab44943a859dcc1230af21e,2026-09-25T14:16:50.223356Z,2026-09-25T14:17:34.665202Z,44.441817,45.06402,2,False,True,True,200000,100000,FOCAL_DEFECT_WITNESS,a,mechanical,ff1cd7c15d2f9199cd492e71537a4234f37d166d6d092f657424acde379b583f,b2d4dca314dad089adf66ee95fb5a7b67d24c9dbd70a40ab92dd90eb69d292a4
c1v1-measured-etcd5509-b06-L-bad-a2,c1v1-etcd5509-b06,measured,B,etcd5509,L,6,V_bad,2,425,32,3f5e2efa80804b34aeb8b97997d1c237c13e55b40a79d348024b7e87561cbc40,2026-09-25T14:17:37.304136Z,2026-09-25T14:18:21.544858Z,44.240687,44.857157,2,False,True,True,200000,100000,FOCAL_DEFECT_WITNESS,a,mechanical,ff1cd7c15d2f9199cd492e71537a4234f37d166d6d092f657424acde379b583f,203aecdc257bfdf1dbbb5786872cd6cf8c7714c6474819722a18b799af870afb
c1v1-measured-etcd5509-b06-L-bad-a3,c1v1-etcd5509-b06,measured,B,etcd5509,L,6,V_bad,3,426,33,40325cbab3037231142a5806c3141eb22b78975da205d77962d1ac6ed0bcb3f7,2026-09-25T14:18:24.186504Z,2026-09-25T14:19:08.969794Z,44.783263,45.399858,2,False,True,True,200000,100000,FOCAL_DEFECT_WITNESS,a,mechanical,ff1cd7c15d2f9199cd492e71537a4234f37d166d6d092f657424acde379b583f,0af80a0e584855bd0ec62e7e15097b89ab947f1cf96bbb29c5ded1772c923069
c1v1-measured-etcd5509-b06-L-ok-a1,c1v1-etcd5509-b06,measured,B,etcd5509,L,6,V_ok,1,427,34,0688db2a79f181900c35c04072270521768d747010b7d44df7296fc13e859ea3,2026-09-25T14:19:11.607020Z,2026-09-25T14:19:12.159095Z,0.552046,1.105788,0,False,True,True,200000,100000,PASS,,mechanical,d8ff113241af518ad7390093f52df3178aad3c37a152b55b82f66bb7db889430,f1bb0dcc1f013cc103bef8ae34ddf8676bf5066050094ef5ba7b0fd73e52be83
c1v1-measured-etcd5509-b06-L-ok-a2,c1v1-etcd5509-b06,measured,B,etcd5509,L,6,V_ok,2,428,35,c2d08fcfdbcb38a1e482b734723bb93fe5ad482c3d3c4bbe4c605e47fcd9fa55,2026-09-25T14:19:14.723765Z,2026-09-25T14:19:15.241463Z,0.51767,1.132871,0,False,True,True,200000,100000,PASS,,mechanical,0865ca53acff4a56d7897b8710ddc98bcf02d813971f747324154bbda3b90b05,98111f933df28da0091467064c2b264e7003e25b1acc49d360e151a413d39dc6
c1v1-measured-etcd5509-b06-L-ok-a3,c1v1-etcd5509-b06,measured,B,etcd5509,L,6,V_ok,3,429,36,ac77580f7c721a0dfa21a77d4a3ae44721573c73af52b0d71da9a2bed5da6047,2026-09-25T14:19:17.887520Z,2026-09-25T14:19:18.399029Z,0.511481,1.132322,0,False,True,True,200000,100000,PASS,,mechanical,0865ca53acff4a56d7897b8710ddc98bcf02d813971f747324154bbda3b90b05,5f8bc8af0ca1bfee8b695fceea3f0d9a2be1477f11efe1c0022feda858a2e28f
c1v1-measured-etcd5509-b07-L-ok-a1,c1v1-etcd5509-b07,measured,B,etcd5509,L,7,V_ok,1,496,37,10e555096b5d80247c0a72efd6a5acaf6a8a09b616f8b65c344926538b2db2b8,2026-09-25T14:25:21.015946Z,2026-09-25T14:25:21.519399Z,0.503426,1.131355,0,False,True,True,200000,100000,PASS,,mechanical,0865ca53acff4a56d7897b8710ddc98bcf02d813971f747324154bbda3b90b05,6f2f585fd5041363d1bd1f4bf9c608ef16b521599f795f5bc2a3579a14ea82c3
c1v1-measured-etcd5509-b07-L-ok-a2,c1v1-etcd5509-b07,measured,B,etcd5509,L,7,V_ok,2,497,38,d04eacca25c97d6d3b81bb6da28c1e09cca87dd982f3d21776527ef7fbe087d4,2026-09-25T14:25:24.167083Z,2026-09-25T14:25:24.712476Z,0.54536,1.161724,0,False,True,True,200000,100000,PASS,,mechanical,0865ca53acff4a56d7897b8710ddc98bcf02d813971f747324154bbda3b90b05,680311d8288de9eac053cab1d2ac898c4cd35dc33729768cebee19856486f293
c1v1-measured-etcd5509-b07-L-ok-a3,c1v1-etcd5509-b07,measured,B,etcd5509,L,7,V_ok,3,498,39,48f27eebb917f28f95daf9a2fd3e3a99776183ede9012cc8c1e6a7d0f2ad3e3c,2026-09-25T14:25:27.271916Z,2026-09-25T14:25:27.804305Z,0.532362,1.07687,0,False,True,True,200000,100000,PASS,,mechanical,0865ca53acff4a56d7897b8710ddc98bcf02d813971f747324154bbda3b90b05,ffda0ff47a0d5111ebe900410885c3e03072d0be7d844ce62fc4db52e23bb920
c1v1-measured-etcd5509-b07-L-bad-a1,c1v1-etcd5509-b07,measured,B,etcd5509,L,7,V_bad,1,499,40,a5b6b87f2c5a6b768422b5151e59a320084981d4ed5075a1634cd732da075cda,2026-09-25T14:25:30.441634Z,2026-09-25T14:26:15.719056Z,45.277393,45.892763,2,False,True,True,200000,100000,FOCAL_DEFECT_WITNESS,a,mechanical,ff1cd7c15d2f9199cd492e71537a4234f37d166d6d092f657424acde379b583f,eb3b7d9959df1a7495855a2bd7ca47a39c2af434f8dfd3834a3a9f274ed58cfd
c1v1-measured-etcd5509-b07-L-bad-a2,c1v1-etcd5509-b07,measured,B,etcd5509,L,7,V_bad,2,500,41,a13820d2d2ab79d62f3f2a7714fcc033d08452a27b8f92198325a8f8cb0e03d1,2026-09-25T14:26:18.351723Z,2026-09-25T14:27:03.646338Z,45.294586,45.909144,2,False,True,True,200000,100000,FOCAL_DEFECT_WITNESS,a,mechanical,ff1cd7c15d2f9199cd492e71537a4234f37d166d6d092f657424acde379b583f,bdb163d753bb30bab91e96665125098977474a5553742ae2a0342c538b33301d
c1v1-measured-etcd5509-b07-L-bad-a3,c1v1-etcd5509-b07,measured,B,etcd5509,L,7,V_bad,3,501,42,3fb37b197a994a1e913fb2ebd21a64df14a1cb97b8832acb2f2d5dd804f0b7dc,2026-09-25T14:27:06.300178Z,2026-09-25T14:27:51.610670Z,45.310459,45.946351,2,False,True,True,200000,100000,FOCAL_DEFECT_WITNESS,a,mechanical,ff1cd7c15d2f9199cd492e71537a4234f37d166d6d092f657424acde379b583f,3dc34c7eaa7eec3019b3e4589dfaa69fcd4736a6eb86fdef04d4867f0ca3b2f1
c1v1-measured-etcd5509-b08-L-bad-a1,c1v1-etcd5509-b08,measured,B,etcd5509,L,8,V_bad,1,556,43,5ff9234d572d2e9497fbb65cd3c7f5d9800d3e085dbf3a1becf6586a0175f558,2026-09-25T14:36:39.047914Z,2026-09-25T14:37:24.408702Z,45.360758,45.974207,2,False,True,True,200000,100000,FOCAL_DEFECT_WITNESS,a,mechanical,ff1cd7c15d2f9199cd492e71537a4234f37d166d6d092f657424acde379b583f,37af76af4f533f9e21afb2c0a204bcfd7cb51ff8df396b5c4ac1a1fdf5e85275
c1v1-measured-etcd5509-b08-L-bad-a2,c1v1-etcd5509-b08,measured,B,etcd5509,L,8,V_bad,2,557,44,3776ba7c1d635163861473158980385a7bcb5a3dd19468f6982f87a848c1047a,2026-09-25T14:37:27.070336Z,2026-09-25T14:37:27.593142Z,0.522776,1.180928,0,False,True,True,200000,100000,PASS,,mechanical,c1c11bad0cf93b17965e9a04c3f0c8ee5fc90932031c954464c0241c47c0c45b,60ec132240535716c8fb7a0d67f26810867e74df0284a68487a10d11ca0ad4bc
c1v1-measured-etcd5509-b08-L-bad-a3,c1v1-etcd5509-b08,measured,B,etcd5509,L,8,V_bad,3,558,45,c8dbc96e958a5844397e97947954ae11e60949cc43f36e70a36e8f03e98468e6,2026-09-25T14:37:30.271761Z,2026-09-25T14:37:30.818279Z,0.546479,1.218927,0,False,True,True,200000,100000,PASS,,mechanical,0865ca53acff4a56d7897b8710ddc98bcf02d813971f747324154bbda3b90b05,458185dce5861a9fa5b98372073374336f223a263e0ccfbf9a4024b329ebf9c8
c1v1-measured-etcd5509-b08-L-ok-a1,c1v1-etcd5509-b08,measured,B,etcd5509,L,8,V_ok,1,559,46,e306364915d30b448781d6b8b88bfb079e25e031f36a078937cea677964de80e,2026-09-25T14:37:33.494427Z,2026-09-25T14:37:34.085694Z,0.591237,1.228168,0,False,True,True,200000,100000,PASS,,mechanical,d8ff113241af518ad7390093f52df3178aad3c37a152b55b82f66bb7db889430,f7891e24b91b066d81e94c48e285c6dc7b9706f2099e1242b8411a798ffcfdd7
c1v1-measured-etcd5509-b08-L-ok-a2,c1v1-etcd5509-b08,measured,B,etcd5509,L,8,V_ok,2,560,47,0cdafee4f8899de7406f754a23589824947152bbb01f6b87fba67b3cf9d9501b,2026-09-25T14:37:36.730140Z,2026-09-25T14:37:37.239026Z,0.508851,1.135672,0,False,True,True,200000,100000,PASS,,mechanical,0865ca53acff4a56d7897b8710ddc98bcf02d813971f747324154bbda3b90b05,d65ad4ba8eb46e4a4798243637faf31e224744209800e0d35dc00c722f3aa1db
c1v1-measured-etcd5509-b08-L-ok-a3,c1v1-etcd5509-b08,measured,B,etcd5509,L,8,V_ok,3,561,48,2104a5730f2afd388e024763ac9d42d288476385da1208d6e45a32f3c087e08a,2026-09-25T14:37:39.898117Z,2026-09-25T14:37:40.409696Z,0.511551,1.143425,0,False,True,True,200000,100000,PASS,,mechanical,0865ca53acff4a56d7897b8710ddc98bcf02d813971f747324154bbda3b90b05,2fa9751dc4244d8f14cef460540506bc0e7e35825597c77bc7db32f405fa569f
c1v1-measured-etcd5509-b09-L-bad-a1,c1v1-etcd5509-b09,measured,B,etcd5509,L,9,V_bad,1,601,49,5269bb419dbc35080ac368e2231c7668bf376c2a324b804d98ae2d01e4b874f7,2026-09-25T14:42:17.514894Z,2026-09-25T14:43:02.940527Z,45.425603,46.029838,2,False,True,True,200000,100000,FOCAL_DEFECT_WITNESS,a,mechanical,ff1cd7c15d2f9199cd492e71537a4234f37d166d6d092f657424acde379b583f,87b6ea12eea76df56e7e3052a2efe660322594257f534966a26c18b26f721583
c1v1-measured-etcd5509-b09-L-bad-a2,c1v1-etcd5509-b09,measured,B,etcd5509,L,9,V_bad,2,602,50,01048aeea16897867d4653733d9f4178d869429ad19171250d5be8b60cb6e7e9,2026-09-25T14:43:05.566457Z,2026-09-25T14:43:50.906751Z,45.340266,45.953625,2,False,True,True,200000,100000,FOCAL_DEFECT_WITNESS,a,mechanical,ff1cd7c15d2f9199cd492e71537a4234f37d166d6d092f657424acde379b583f,32f0a37deffaab65e2e8f86674b98441e2d1452394965ef92a83d4a0a527538e
c1v1-measured-etcd5509-b09-L-bad-a3,c1v1-etcd5509-b09,measured,B,etcd5509,L,9,V_bad,3,603,51,218fea2b9dd4510545c8bb6a60ed805c17e695b046aab281601ac42cb7483486,2026-09-25T14:43:53.544323Z,2026-09-25T14:44:38.958507Z,45.414151,46.023051,2,False,True,True,200000,100000,FOCAL_DEFECT_WITNESS,a,mechanical,ff1cd7c15d2f9199cd492e71537a4234f37d166d6d092f657424acde379b583f,79d120bd781d8cd37f304eb0b2eacd01fe578fffe109e3ea6005b07cb4332610
c1v1-measured-etcd5509-b09-L-ok-a1,c1v1-etcd5509-b09,measured,B,etcd5509,L,9,V_ok,1,604,52,245c39a9aeaa56eb7bb95872fc13fca54311666219f481a8c19183952bd3f2d4,2026-09-25T14:44:41.584614Z,2026-09-25T14:44:42.023785Z,0.439141,1.04992,0,False,True,True,200000,100000,PASS,,mechanical,0865ca53acff4a56d7897b8710ddc98bcf02d813971f747324154bbda3b90b05,50c30d9311486d7a5b93f1f12a81279104b4a37a2299a627eab020b0ea423280
c1v1-measured-etcd5509-b09-L-ok-a2,c1v1-etcd5509-b09,measured,B,etcd5509,L,9,V_ok,2,605,53,46f9866e0dd67aa6be37acec565e915f1ea545f8ecf6c6a037925e5fbec2ed67,2026-09-25T14:44:44.653675Z,2026-09-25T14:44:45.158599Z,0.504895,1.1185,0,False,True,True,200000,100000,PASS,,mechanical,0865ca53acff4a56d7897b8710ddc98bcf02d813971f747324154bbda3b90b05,2af2ee71550fcc250f5a992919188c5d09472aa7fb3ddd424b6cfcef7967cf1b
c1v1-measured-etcd5509-b09-L-ok-a3,c1v1-etcd5509-b09,measured,B,etcd5509,L,9,V_ok,3,606,54,e31ca1a0dfafe78a58facaeef67d67fb41c0a1d9a86ebb526114f876892bc658,2026-09-25T14:44:47.787682Z,2026-09-25T14:44:48.280788Z,0.493055,1.099062,0,False,True,True,200000,100000,PASS,,mechanical,0865ca53acff4a56d7897b8710ddc98bcf02d813971f747324154bbda3b90b05,088772c45d69c8ad9f25e0a1114eb90df88695308b3bb701e1089bcea755b9e0
c1v1-measured-etcd5509-b10-L-bad-a1,c1v1-etcd5509-b10,measured,B,etcd5509,L,10,V_bad,1,685,55,e571e21446225d2c53a1d50b37aca38befac1121bc64cbe4898dc93123b85ce5,2026-09-25T14:53:59.756497Z,2026-09-25T14:54:45.256651Z,45.500126,46.135462,2,False,True,True,200000,100000,FOCAL_DEFECT_WITNESS,a,mechanical,ff1cd7c15d2f9199cd492e71537a4234f37d166d6d092f657424acde379b583f,3f4bf8788cc40c6b8f20af9952be24c82a245da98dd8edc52450163ebaa5d8b0
c1v1-measured-etcd5509-b10-L-bad-a2,c1v1-etcd5509-b10,measured,B,etcd5509,L,10,V_bad,2,686,56,bf26d64df34c0024096e4d64ac158a2a6992991017e95272a412048c3640cda0,2026-09-25T14:54:47.914453Z,2026-09-25T14:55:33.374512Z,45.460024,46.084278,2,False,True,True,200000,100000,FOCAL_DEFECT_WITNESS,a,mechanical,ff1cd7c15d2f9199cd492e71537a4234f37d166d6d092f657424acde379b583f,a21d96bedb866fe0dc0d11e067dcf4626e92e549c4f3afe98ca98d4cc035be01
c1v1-measured-etcd5509-b10-L-bad-a3,c1v1-etcd5509-b10,measured,B,etcd5509,L,10,V_bad,3,687,57,d8d08b2bd918032a2f34e790d3bdb591468547590d9dd26d6fc3b1663ac6ead1,2026-09-25T14:55:36.002218Z,2026-09-25T14:56:21.412002Z,45.409754,46.009957,2,False,True,True,200000,100000,FOCAL_DEFECT_WITNESS,a,mechanical,ff1cd7c15d2f9199cd492e71537a4234f37d166d6d092f657424acde379b583f,3996cff6c2790a1bc38df61dde5fd3ceb1cafb545cbddce5431c9b42e38d9ec1
c1v1-measured-etcd5509-b10-L-ok-a1,c1v1-etcd5509-b10,measured,B,etcd5509,L,10,V_ok,1,691,58,090cee801c01406976c819d2ae0b4cc89263c24a046e5141a8d23b6dafca6bfb,2026-09-25T14:58:48.129780Z,2026-09-25T14:58:48.713673Z,0.583866,1.202749,0,False,True,True,200000,100000,PASS,,mechanical,d8ff113241af518ad7390093f52df3178aad3c37a152b55b82f66bb7db889430,7596c35f030fb5f6da08ba8b83c5fa8ad4310d890e7725fe375f739834069dac
c1v1-measured-etcd5509-b10-L-ok-a2,c1v1-etcd5509-b10,measured,B,etcd5509,L,10,V_ok,2,692,59,ab0174cb3426382a206b045328399d681c4d678cd5577c11a92f5bb79f9ed58b,2026-09-25T14:58:51.351141Z,2026-09-25T14:58:51.851941Z,0.500773,1.115105,0,False,True,True,200000,100000,PASS,,mechanical,0865ca53acff4a56d7897b8710ddc98bcf02d813971f747324154bbda3b90b05,1632f8a4b860635cc7922fce079952a7361c351a67f1f3f7d0ec986243271b5a
c1v1-measured-etcd5509-b10-L-ok-a3,c1v1-etcd5509-b10,measured,B,etcd5509,L,10,V_ok,3,693,60,1483d631c3c28f4739214c9cb485e8eca4b6019fa5162018d5000d562f6e6b15,2026-09-25T14:58:54.486490Z,2026-09-25T14:58:55.008616Z,0.522097,1.138711,0,False,True,True,200000,100000,PASS,,mechanical,0865ca53acff4a56d7897b8710ddc98bcf02d813971f747324154bbda3b90b05,2d8cfcc47b1a29db8359c123c0f98167135af3654d3bd0204750799706c959bc
c1v1-measured-etcd5509-b01-R-bad-a1,c1v1-etcd5509-b01,measured,A,etcd5509,R,1,V_bad,1,49,1,05cfc218009ccd2208325c9f9c8d3dd9c97459f9c2cb2f670dc09ee82d19c003,2026-09-25T13:13:45.522850Z,2026-09-25T13:13:46.076624Z,0.553742,1.209372,0,False,True,True,0,0,PASS,,mechanical,0865ca53acff4a56d7897b8710ddc98bcf02d813971f747324154bbda3b90b05,44b70b4b382cb7c040fb63c2dc6a35c8b75558009fdbe2d3bd6671e7154b9f28
c1v1-measured-etcd5509-b01-R-bad-a2,c1v1-etcd5509-b01,measured,A,etcd5509,R,1,V_bad,2,50,2,30bb62d67fcf93b087bdff0f49b106d8433c342a923d2ade8d9d7d9c8fd35098,2026-09-25T13:13:48.722070Z,2026-09-25T13:14:30.883011Z,42.160909,42.638931,2,False,True,True,0,0,FOCAL_DEFECT_WITNESS,a,mechanical,ff1cd7c15d2f9199cd492e71537a4234f37d166d6d092f657424acde379b583f,8bfbc0675b83559824fe40dd99422b06655db01da0c2c7b10339ecd233af8ef9
c1v1-measured-etcd5509-b01-R-bad-a3,c1v1-etcd5509-b01,measured,A,etcd5509,R,1,V_bad,3,51,3,140b577cdccb26e9522dd0934f4fa4ff4021eb7a8ead6838c3af9a0b8c079004,2026-09-25T13:14:33.367143Z,2026-09-25T13:15:15.526958Z,42.159783,42.63061,2,False,True,True,0,0,FOCAL_DEFECT_WITNESS,a,mechanical,ff1cd7c15d2f9199cd492e71537a4234f37d166d6d092f657424acde379b583f,9bfc87f55ead8587ccde177907c1e27dc37ba988499d709c4648baae36a1c7aa
c1v1-measured-etcd5509-b01-R-ok-a1,c1v1-etcd5509-b01,measured,A,etcd5509,R,1,V_ok,1,52,4,bce32c9aecbf253985b2adc87077c787f0a6dc166a742c6e0e12ab89ac5d51e1,2026-09-25T13:15:18.012787Z,2026-09-25T13:15:18.570184Z,0.557368,1.185563,0,False,True,True,0,0,PASS,,mechanical,0865ca53acff4a56d7897b8710ddc98bcf02d813971f747324154bbda3b90b05,5e03b1eb0598e0778d3cbd9320deabe78deb051743e8e95d4867468db8f1f149
c1v1-measured-etcd5509-b01-R-ok-a2,c1v1-etcd5509-b01,measured,A,etcd5509,R,1,V_ok,2,53,5,edc5793db3713120c92a44ad6c1686f2d72eea9b31cb57172eb2ff3f1b44e508,2026-09-25T13:15:21.224596Z,2026-09-25T13:15:21.688639Z,0.464017,1.085922,0,False,True,True,0,0,PASS,,mechanical,0865ca53acff4a56d7897b8710ddc98bcf02d813971f747324154bbda3b90b05,eebe47021464cf0dd9fc89fc42300c4e8023d5ad428390c6095279360f53c946
c1v1-measured-etcd5509-b01-R-ok-a3,c1v1-etcd5509-b01,measured,A,etcd5509,R,1,V_ok,3,54,6,baff46048f43ab245205d7cb8e129d6f241633f0d1ae1400e9a8bb249933af35,2026-09-25T13:15:24.324029Z,2026-09-25T13:15:24.817281Z,0.49322,1.113831,0,False,True,True,0,0,PASS,,mechanical,0865ca53acff4a56d7897b8710ddc98bcf02d813971f747324154bbda3b90b05,376f319ade3f41753428edc8c89bd4a3df1ab420f5433594dd8e3819492cad94
c1v1-measured-etcd5509-b02-R-bad-a1,c1v1-etcd5509-b02,measured,A,etcd5509,R,2,V_bad,1,100,7,4576d0d981241dd5063a6cee211975940677f9c4a1dc9c9b18aa4a2cfdc1926e,2026-09-25T13:21:45.788767Z,2026-09-25T13:21:46.288286Z,0.499489,1.109173,0,False,True,True,0,0,PASS,,mechanical,d8ff113241af518ad7390093f52df3178aad3c37a152b55b82f66bb7db889430,224beadd6aacae780b01190d0bcf14de6155ce420934b36bb9c4bae0611338a3
c1v1-measured-etcd5509-b02-R-bad-a2,c1v1-etcd5509-b02,measured,A,etcd5509,R,2,V_bad,2,101,8,b17e65fb582d82785fde79e4c19af07b9f4cd00b1f9bef44d0bb619b9d602b9f,2026-09-25T13:21:48.922414Z,2026-09-25T13:22:31.016263Z,42.093813,42.569358,2,False,True,True,0,0,FOCAL_DEFECT_WITNESS,a,mechanical,ff1cd7c15d2f9199cd492e71537a4234f37d166d6d092f657424acde379b583f,3f580617cb8c00d6be8d178468bcf1a076a12816250b1a8e7bcfbf904b042313
c1v1-measured-etcd5509-b02-R-bad-a3,c1v1-etcd5509-b02,measured,A,etcd5509,R,2,V_bad,3,102,9,2495cf486e6ac4c950f7969d85fc40422e0e1a24f1a237b03209073626ce77cc,2026-09-25T13:22:33.501702Z,2026-09-25T13:23:15.638341Z,42.13661,42.606693,2,False,True,True,0,0,FOCAL_DEFECT_WITNESS,a,mechanical,ff1cd7c15d2f9199cd492e71537a4234f37d166d6d092f657424acde379b583f,ec5d1bd03ba3e25e6afdcc89fc808370fad1a3fe89fbbd663918ca00896f4ce0
c1v1-measured-etcd5509-b02-R-ok-a1,c1v1-etcd5509-b02,measured,A,etcd5509,R,2,V_ok,1,106,10,05092c06ca5c87aa0dccbb17a86db8a4e69d6f772eb76591c9f9d27358759bd3,2026-09-25T13:23:27.415232Z,2026-09-25T13:23:27.893704Z,0.478444,1.121669,0,False,True,True,0,0,PASS,,mechanical,0865ca53acff4a56d7897b8710ddc98bcf02d813971f747324154bbda3b90b05,b3da57e38286465653dfdda59227e997964f5bbad3f0490d159a3adc8dac45fe
c1v1-measured-etcd5509-b02-R-ok-a2,c1v1-etcd5509-b02,measured,A,etcd5509,R,2,V_ok,2,107,11,b7f4f9f233ccefc665225143f167d6a8c1092431ce84b7c1da7ad8115a21dbfd,2026-09-25T13:23:30.542303Z,2026-09-25T13:23:31.035906Z,0.493572,1.120385,0,False,True,True,0,0,PASS,,mechanical,d8ff113241af518ad7390093f52df3178aad3c37a152b55b82f66bb7db889430,8cf26b00fd4f6fe500a1966343dbe3f2d14af823baa09e623000a9fcb22f77a2
c1v1-measured-etcd5509-b02-R-ok-a3,c1v1-etcd5509-b02,measured,A,etcd5509,R,2,V_ok,3,108,12,f77c8073d099d72d3b670be7430d9a4720baa9d6863437a9de572cce96270bcc,2026-09-25T13:23:33.670828Z,2026-09-25T13:23:34.159660Z,0.488799,1.10295,0,False,True,True,0,0,PASS,,mechanical,c1c11bad0cf93b17965e9a04c3f0c8ee5fc90932031c954464c0241c47c0c45b,85c6a82d3fea59720fd5ee8301a63a21b003275d92aa5d74f52884f30ccd34ee
c1v1-measured-etcd5509-b03-R-ok-a1,c1v1-etcd5509-b03,measured,A,etcd5509,R,3,V_ok,1,145,13,fe08cca68eb571502bbe5561f8abdbca8a111aa7147c28065a1d5f275a696c08,2026-09-25T13:28:08.670793Z,2026-09-25T13:28:09.164838Z,0.494018,1.110021,0,False,True,True,0,0,PASS,,mechanical,0865ca53acff4a56d7897b8710ddc98bcf02d813971f747324154bbda3b90b05,dc7dba4956baf3a5c48cc541e70a052a8e1f5a926d42856f4c80215aae8107d5
c1v1-measured-etcd5509-b03-R-ok-a2,c1v1-etcd5509-b03,measured,A,etcd5509,R,3,V_ok,2,146,14,23db083f6810d43c43c62b73d822ae10829e915a2a40633f0caca2caf2e31fe2,2026-09-25T13:28:11.798658Z,2026-09-25T13:28:12.253249Z,0.454565,1.092948,0,False,True,True,0,0,PASS,,mechanical,0865ca53acff4a56d7897b8710ddc98bcf02d813971f747324154bbda3b90b05,f05768267cc80aa553e6549a98b43fcb3a7de1e3937dd0fec855e8c238191a7c
c1v1-measured-etcd5509-b03-R-ok-a3,c1v1-etcd5509-b03,measured,A,etcd5509,R,3,V_ok,3,147,15,df527e36dfa6068146b19ce5c74bd20f87697990bc4512e4e83435e5ceb2159a,2026-09-25T13:28:14.904473Z,2026-09-25T13:28:15.405010Z,0.500507,1.132311,0,False,True,True,0,0,PASS,,mechanical,0865ca53acff4a56d7897b8710ddc98bcf02d813971f747324154bbda3b90b05,2c78ad6abef86d374e27a69cda06ec6c04ba69b9c711139f30710c445274af96
c1v1-measured-etcd5509-b03-R-bad-a1,c1v1-etcd5509-b03,measured,A,etcd5509,R,3,V_bad,1,148,16,5a1c9d9e9a59088f45524c508271b7226337815e3f9642d7349b86e75050b156,2026-09-25T13:28:18.060128Z,2026-09-25T13:29:00.188298Z,42.128139,42.632835,2,False,True,True,0,0,FOCAL_DEFECT_WITNESS,a,mechanical,ff1cd7c15d2f9199cd492e71537a4234f37d166d6d092f657424acde379b583f,446184d16ae16c4c94c55a8c75b634c661f280808091dc6dcce50cae70d3cd50
c1v1-measured-etcd5509-b03-R-bad-a2,c1v1-etcd5509-b03,measured,A,etcd5509,R,3,V_bad,2,149,17,a0551ee97caaea2255e7f21e2e93dc3a82a13649bd11cfb0820d943c871662a2,2026-09-25T13:29:02.720160Z,2026-09-25T13:29:44.916994Z,42.196805,42.823421,2,False,True,True,0,0,FOCAL_DEFECT_WITNESS,a,mechanical,ff1cd7c15d2f9199cd492e71537a4234f37d166d6d092f657424acde379b583f,274c6e4b8c3e4a64047182943076419afd284c4129cd0af2d0ab427b6a3914be
c1v1-measured-etcd5509-b03-R-bad-a3,c1v1-etcd5509-b03,measured,A,etcd5509,R,3,V_bad,3,150,18,a97386c5282532d139b7f4c4d6b0d7ef462c9422884f57634810d352c2c0993b,2026-09-25T13:29:47.541382Z,2026-09-25T13:30:29.633015Z,42.091603,42.567703,2,False,True,True,0,0,FOCAL_DEFECT_WITNESS,a,mechanical,ff1cd7c15d2f9199cd492e71537a4234f37d166d6d092f657424acde379b583f,3a2bd5157bae5ab8d84dac3887a68f95dc340862faed4e96470d554167c4ab90
c1v1-measured-etcd5509-b04-R-bad-a1,c1v1-etcd5509-b04,measured,A,etcd5509,R,4,V_bad,1,253,19,b6177a26d2f5a49efc20bd7d295e5e094889addd3a01aecffca0c163666c0b5c,2026-09-25T13:45:11.530205Z,2026-09-25T13:45:53.679181Z,42.148948,42.632595,2,False,True,True,0,0,FOCAL_DEFECT_WITNESS,a,mechanical,ff1cd7c15d2f9199cd492e71537a4234f37d166d6d092f657424acde379b583f,29db071731135744ebbd9b658a7c2725d6e35b63f51a14a1c38807a503834fcf
c1v1-measured-etcd5509-b04-R-bad-a2,c1v1-etcd5509-b04,measured,A,etcd5509,R,4,V_bad,2,254,20,d081d41cfacc43b663b9db7040542cfb6cfda767d38cd1ca1896d23a9c8eb482,2026-09-25T13:45:56.163443Z,2026-09-25T13:46:38.195222Z,42.03175,42.497841,2,False,True,True,0,0,FOCAL_DEFECT_WITNESS,a,mechanical,ff1cd7c15d2f9199cd492e71537a4234f37d166d6d092f657424acde379b583f,6685849cac5f3661586de87d00593058fd13bc193e6ab2d4eb4da3b64176275a
c1v1-measured-etcd5509-b04-R-bad-a3,c1v1-etcd5509-b04,measured,A,etcd5509,R,4,V_bad,3,255,21,4e985e26cd1c7676ae411d0ab9e8602238078684044ee256689013e01efb6ec7,2026-09-25T13:46:40.683399Z,2026-09-25T13:47:22.771261Z,42.087834,42.549064,2,False,True,True,0,0,FOCAL_DEFECT_WITNESS,a,mechanical,ff1cd7c15d2f9199cd492e71537a4234f37d166d6d092f657424acde379b583f,ef28cd6f2584bd617d6ebfbb86fa17d07c53dabdec46f4fa99388c6d8787f713
c1v1-measured-etcd5509-b04-R-ok-a1,c1v1-etcd5509-b04,measured,A,etcd5509,R,4,V_ok,1,262,22,09697a931dc878bf57c4ed9c1fe280b41d8b8109a7a3243e20e182029b24b80d,2026-09-25T13:49:06.566187Z,2026-09-25T13:49:07.069981Z,0.503764,1.13067,0,False,True,True,0,0,PASS,,mechanical,0865ca53acff4a56d7897b8710ddc98bcf02d813971f747324154bbda3b90b05,dacd6dcb12ad843fee70533e603ca027295adf8b5f234b877f55cc8eeb4f26df
c1v1-measured-etcd5509-b04-R-ok-a2,c1v1-etcd5509-b04,measured,A,etcd5509,R,4,V_ok,2,263,23,2ef31dc0f7c115304b470f1acbc812b1823eb8d52e70fe7b268170996af14005,2026-09-25T13:49:09.709904Z,2026-09-25T13:49:10.219714Z,0.509779,1.133666,0,False,True,True,0,0,PASS,,mechanical,0865ca53acff4a56d7897b8710ddc98bcf02d813971f747324154bbda3b90b05,9e4a31e900a09095d652a8759f9db9643a61988fdbb2e9758a16383bc8f2af99
c1v1-measured-etcd5509-b04-R-ok-a3,c1v1-etcd5509-b04,measured,A,etcd5509,R,4,V_ok,3,264,24,c57d7b56e0577df9c17838cbcb65a942dafb133b8019c8d2fbf7295e35997a81,2026-09-25T13:49:12.875073Z,2026-09-25T13:49:13.370170Z,0.49507,1.139111,0,False,True,True,0,0,PASS,,mechanical,c1c11bad0cf93b17965e9a04c3f0c8ee5fc90932031c954464c0241c47c0c45b,a497305bf1c07a48deb0e4687fd55274455fcd2379fda576c4dd8a502a502f9c
c1v1-measured-etcd5509-b05-R-ok-a1,c1v1-etcd5509-b05,measured,A,etcd5509,R,5,V_ok,1,340,25,7a77ebe0c6c507205e6e74a4161251f1352d892a96fd475b5c842bd155618e6d,2026-09-25T13:55:46.506172Z,2026-09-25T13:55:47.005078Z,0.498875,1.121395,0,False,True,True,0,0,PASS,,mechanical,d8ff113241af518ad7390093f52df3178aad3c37a152b55b82f66bb7db889430,38bea882a0b4d6beffd39571771aa339b7c85ec703110646402eb97a3a1adf3a
c1v1-measured-etcd5509-b05-R-ok-a2,c1v1-etcd5509-b05,measured,A,etcd5509,R,5,V_ok,2,341,26,3277785066567290ee1d0b86b9ae662d577e1c2e6d66e9f9a0abc881ce9169d1,2026-09-25T13:55:49.643619Z,2026-09-25T13:55:50.143287Z,0.499638,1.115579,0,False,True,True,0,0,PASS,,mechanical,c1c11bad0cf93b17965e9a04c3f0c8ee5fc90932031c954464c0241c47c0c45b,7c40a4f3fd8741ee9428927c0511da5dedc5b4300e6e8a2aa80d4b9cd9c98ca5
c1v1-measured-etcd5509-b05-R-ok-a3,c1v1-etcd5509-b05,measured,A,etcd5509,R,5,V_ok,3,342,27,e21bb1daaeb89b01fe59b82fab6d1482daa50ad8115b47a2fbda9573d6d14b3a,2026-09-25T13:55:52.781639Z,2026-09-25T13:55:53.257506Z,0.475836,1.092714,0,False,True,True,0,0,PASS,,mechanical,0865ca53acff4a56d7897b8710ddc98bcf02d813971f747324154bbda3b90b05,cc3763741e42e1e4e8d9198db4edaa29fa0f8cc9c39ce140d5686974a84e369c
c1v1-measured-etcd5509-b05-R-bad-a1,c1v1-etcd5509-b05,measured,A,etcd5509,R,5,V_bad,1,346,28,9d0b17a89b1edb8b4821872751398f67ebdb744b482afac4ba6f7a3aea9b45f5,2026-09-25T13:58:09.413971Z,2026-09-25T13:58:51.495275Z,42.081276,42.5575,2,False,True,True,0,0,FOCAL_DEFECT_WITNESS,a,mechanical,ff1cd7c15d2f9199cd492e71537a4234f37d166d6d092f657424acde379b583f,97e998c32ab17a54c72e337d3264a5c2b0798de49503a15c47538bf7f452d123
c1v1-measured-etcd5509-b05-R-bad-a2,c1v1-etcd5509-b05,measured,A,etcd5509,R,5,V_bad,2,347,29,c8b7599f64f2c555add6ac1c6dedf24a0615dc319de359e0fab1974446342b1d,2026-09-25T13:58:53.993184Z,2026-09-25T13:58:54.391448Z,0.398233,1.014504,0,False,True,True,0,0,PASS,,mechanical,c1c11bad0cf93b17965e9a04c3f0c8ee5fc90932031c954464c0241c47c0c45b,dc033ee015ca832163e2ffd13315f481b04f94920f84fc993874d09f87eeb177
c1v1-measured-etcd5509-b05-R-bad-a3,c1v1-etcd5509-b05,measured,A,etcd5509,R,5,V_bad,3,348,30,3cdd6c17bc1795541dffcb1061344a6b3830d596404d9fd0dc210f2f9cd552aa,2026-09-25T13:58:57.020553Z,2026-09-25T13:58:57.494707Z,0.474124,1.102799,0,False,True,True,0,0,PASS,,mechanical,c1c11bad0cf93b17965e9a04c3f0c8ee5fc90932031c954464c0241c47c0c45b,cc3fad2365b754507b27ca50ecd13c1076494d36820f663395099f7c993e8886
c1v1-measured-etcd5509-b06-R-bad-a1,c1v1-etcd5509-b06,measured,B,etcd5509,R,6,V_bad,1,421,31,6576a6cff6ad5049f5ad15550c5bd0c499ce7c6fac7bde1c75a407df83c248f2,2026-09-25T14:15:13.706602Z,2026-09-25T14:15:14.311270Z,0.604637,1.23081,0,False,True,True,0,0,PASS,,mechanical,d8ff113241af518ad7390093f52df3178aad3c37a152b55b82f66bb7db889430,63a41ae1ba6acdad48f6cbbf4c4914da8992b30425f1bc7d1fb7d405bf3113bd
c1v1-measured-etcd5509-b06-R-bad-a2,c1v1-etcd5509-b06,measured,B,etcd5509,R,6,V_bad,2,422,32,4dd40aade98486c6b1cf8d1069eabdab05c5d4f4f705b63a40d2136d7b5dae65,2026-09-25T14:15:16.878296Z,2026-09-25T14:16:00.995952Z,44.117624,44.658508,2,False,True,True,0,0,FOCAL_DEFECT_WITNESS,a,mechanical,ff1cd7c15d2f9199cd492e71537a4234f37d166d6d092f657424acde379b583f,5f338ed2f4de742540a6898416d0f6e3a37fb226366462a9166cbbd6dfd91681
c1v1-measured-etcd5509-b06-R-bad-a3,c1v1-etcd5509-b06,measured,B,etcd5509,R,6,V_bad,3,423,33,7b06b0094fd3faf72002d426ac26aa0b0d85ce2d48d83122b5fcbf2f709d8f43,2026-09-25T14:16:03.633381Z,2026-09-25T14:16:47.604995Z,43.971587,44.578307,2,False,True,True,0,0,FOCAL_DEFECT_WITNESS,a,mechanical,ff1cd7c15d2f9199cd492e71537a4234f37d166d6d092f657424acde379b583f,070b064ad1ac23f35bc832fe9e96dceff298373fdefb9cdd1991c34cca470356
c1v1-measured-etcd5509-b06-R-ok-a1,c1v1-etcd5509-b06,measured,B,etcd5509,R,6,V_ok,1,430,34,147a5387972eaed78b2cf6f04ea88506082b10bf6f56d347a2323f1fb10216cc,2026-09-25T14:19:21.035781Z,2026-09-25T14:19:21.555005Z,0.519198,1.140661,0,False,True,True,0,0,PASS,,mechanical,0865ca53acff4a56d7897b8710ddc98bcf02d813971f747324154bbda3b90b05,8978d086b5c777b010bcf96b416cb0e0621b38b388e668d49e2ed5c9a23e1b44
c1v1-measured-etcd5509-b06-R-ok-a2,c1v1-etcd5509-b06,measured,B,etcd5509,R,6,V_ok,2,431,35,d78a187ab3eeeb29e911f395366b9cddb5208a4e2cfe5155810d45e305dabb62,2026-09-25T14:19:24.199735Z,2026-09-25T14:19:24.711958Z,0.512189,1.146408,0,False,True,True,0,0,PASS,,mechanical,0865ca53acff4a56d7897b8710ddc98bcf02d813971f747324154bbda3b90b05,89745167d3343ad60979edf2bbdb17296684791782f922e73faf758a8da457d9
c1v1-measured-etcd5509-b06-R-ok-a3,c1v1-etcd5509-b06,measured,B,etcd5509,R,6,V_ok,3,432,36,0f25fce6efb698d875f94366ab5fcd8a6a186abea13c42f354b5d7e9b04a47d2,2026-09-25T14:19:27.373240Z,2026-09-25T14:19:27.876136Z,0.502869,1.137144,0,False,True,True,0,0,PASS,,mechanical,c1c11bad0cf93b17965e9a04c3f0c8ee5fc90932031c954464c0241c47c0c45b,139cc77f655a72f3e17ceb592076298b21db8060febb7d3d48c89543acc253bc
c1v1-measured-etcd5509-b07-R-ok-a1,c1v1-etcd5509-b07,measured,B,etcd5509,R,7,V_ok,1,493,37,c4091b6dd23a8eb3d05c5e482f865e0dc12007b57d867695a459e7033a4e284d,2026-09-25T14:25:11.533532Z,2026-09-25T14:25:12.108978Z,0.575415,1.121594,0,False,True,True,0,0,PASS,,mechanical,0865ca53acff4a56d7897b8710ddc98bcf02d813971f747324154bbda3b90b05,1306ea239dcfb5cb7472852880f7d8ed46cfd8da7336cd573cbe101c2d01bb0e
c1v1-measured-etcd5509-b07-R-ok-a2,c1v1-etcd5509-b07,measured,B,etcd5509,R,7,V_ok,2,494,38,c4fbbf764dae7c8fa6bb6ec36fa441c029c52df89a027de958f1645b9cc07415,2026-09-25T14:25:14.667635Z,2026-09-25T14:25:15.185210Z,0.517541,1.148676,0,False,True,True,0,0,PASS,,mechanical,0865ca53acff4a56d7897b8710ddc98bcf02d813971f747324154bbda3b90b05,8671e0ef70634d86712fa98c29ba40a96f6011c51a7b12068fa3df29ddb13428
c1v1-measured-etcd5509-b07-R-ok-a3,c1v1-etcd5509-b07,measured,B,etcd5509,R,7,V_ok,3,495,39,a3637a7da91550ea1dfad752c83d51cf780ffc4588020235e0a0dc0a2fcb94a4,2026-09-25T14:25:17.836060Z,2026-09-25T14:25:18.370670Z,0.534556,1.163724,0,False,True,True,0,0,PASS,,mechanical,0865ca53acff4a56d7897b8710ddc98bcf02d813971f747324154bbda3b90b05,35f4276ce6edcfdad19b60d73a37a7fcbc6f14fcd96db3287b1659fb2fafffdd
c1v1-measured-etcd5509-b07-R-bad-a1,c1v1-etcd5509-b07,measured,B,etcd5509,R,7,V_bad,1,502,40,fdbad35b16118681bca57148118716697742e99dc729e40d53e890aff16a42bd,2026-09-25T14:27:54.256478Z,2026-09-25T14:28:39.541670Z,45.285164,45.904229,2,False,True,True,0,0,FOCAL_DEFECT_WITNESS,a,mechanical,ff1cd7c15d2f9199cd492e71537a4234f37d166d6d092f657424acde379b583f,2d79cf130fdfa7036106e68627ab8492dca659d13be8c6bb9f628a20ee456180
c1v1-measured-etcd5509-b07-R-bad-a2,c1v1-etcd5509-b07,measured,B,etcd5509,R,7,V_bad,2,503,41,87ad9bed9a02cfc25a7ac3b36a9b10a35a75e9c787a75d7644470bbe24826ffb,2026-09-25T14:28:42.177837Z,2026-09-25T14:28:42.686722Z,0.508858,1.12242,0,False,True,True,0,0,PASS,,mechanical,0865ca53acff4a56d7897b8710ddc98bcf02d813971f747324154bbda3b90b05,193bad781315adbff6879164abad7ff053b4bec7ac9fa290f8e883506e2b4799
c1v1-measured-etcd5509-b07-R-bad-a3,c1v1-etcd5509-b07,measured,B,etcd5509,R,7,V_bad,3,504,42,9256b9489a0adbd2086eb0fdfc26f22c57d238f5ef48c335ca1e32c6e24a3795,2026-09-25T14:28:45.313632Z,2026-09-25T14:29:30.635017Z,45.321354,45.934972,2,False,True,True,0,0,FOCAL_DEFECT_WITNESS,a,mechanical,ff1cd7c15d2f9199cd492e71537a4234f37d166d6d092f657424acde379b583f,1217c93ae828c47bca45355879b6d7fefd730dda9d03c142f039560baf4e14c9
c1v1-measured-etcd5509-b08-R-bad-a1,c1v1-etcd5509-b08,measured,B,etcd5509,R,8,V_bad,1,553,43,c1101990f88b492afe268fb24935b43536ca6f7b1bf89a6c5b8c90d8f62bfc1c,2026-09-25T14:34:14.714004Z,2026-09-25T14:35:00.247212Z,45.53317,46.190057,2,False,True,True,0,0,FOCAL_DEFECT_WITNESS,a,mechanical,ff1cd7c15d2f9199cd492e71537a4234f37d166d6d092f657424acde379b583f,17d9ece54a8191a083b5832ad3dfe94a6014a7c7c789b695496c12919069afdc
c1v1-measured-etcd5509-b08-R-bad-a2,c1v1-etcd5509-b08,measured,B,etcd5509,R,8,V_bad,2,554,44,4cc7a737a42f94329a9ecf6a89487ce2870072a08fc99a81cf4497f700f97138,2026-09-25T14:35:02.915402Z,2026-09-25T14:35:48.272605Z,45.357169,45.983,2,False,True,True,0,0,FOCAL_DEFECT_WITNESS,a,mechanical,ff1cd7c15d2f9199cd492e71537a4234f37d166d6d092f657424acde379b583f,2cfc0939954256f9915d69e171ec4e0f8fb9de8152a1a781a4be6b133807eaf1
c1v1-measured-etcd5509-b08-R-bad-a3,c1v1-etcd5509-b08,measured,B,etcd5509,R,8,V_bad,3,555,45,88cf064119200c63a0cc29431f43b3a8cf7066fd434c90243837b3b01666bee4,2026-09-25T14:35:50.926194Z,2026-09-25T14:36:36.381690Z,45.455468,46.119422,2,False,True,True,0,0,FOCAL_DEFECT_WITNESS,a,mechanical,ff1cd7c15d2f9199cd492e71537a4234f37d166d6d092f657424acde379b583f,74be36ecb221de0ef59db4d1c2a4061168217cda1ab8fc263f6e0775e1a9f3a4
c1v1-measured-etcd5509-b08-R-ok-a1,c1v1-etcd5509-b08,measured,B,etcd5509,R,8,V_ok,1,562,46,e316d2e84790baddad52007b0a0036bbbd3dac61197b9db05ff9d3f93cd28110,2026-09-25T14:37:43.053447Z,2026-09-25T14:37:43.552155Z,0.498673,1.118303,0,False,True,True,0,0,PASS,,mechanical,0865ca53acff4a56d7897b8710ddc98bcf02d813971f747324154bbda3b90b05,0af5308a5953a29a937a5a2d596046895c56fc445e4c538c4894fb405f0394e3
c1v1-measured-etcd5509-b08-R-ok-a2,c1v1-etcd5509-b08,measured,B,etcd5509,R,8,V_ok,2,563,47,a32c21c81a70b82f046e7880403c2122b6fd5cb0251dcf75d17ee5f4b742385f,2026-09-25T14:37:46.197995Z,2026-09-25T14:37:46.710328Z,0.512306,1.138722,0,False,True,True,0,0,PASS,,mechanical,0865ca53acff4a56d7897b8710ddc98bcf02d813971f747324154bbda3b90b05,1f459cae62227046f968935c52fa97f290bd2616648dc17f64304316ef1bb16b
c1v1-measured-etcd5509-b08-R-ok-a3,c1v1-etcd5509-b08,measured,B,etcd5509,R,8,V_ok,3,564,48,bd769042867882e3ef7e345d74ddc822d335afce20ec3b296aa5db49424e6dc8,2026-09-25T14:37:49.358604Z,2026-09-25T14:37:49.868162Z,0.50953,1.135395,0,False,True,True,0,0,PASS,,mechanical,0865ca53acff4a56d7897b8710ddc98bcf02d813971f747324154bbda3b90b05,2c1060dc2c282a8410adb0fdc702951faf40c575bc84eeeae27c75d959724364
c1v1-measured-etcd5509-b09-R-bad-a1,c1v1-etcd5509-b09,measured,B,etcd5509,R,9,V_bad,1,607,49,61c73c4ac536682e004e7873141b4b13047aae1faefe4661127d364e0545b8b2,2026-09-25T14:44:50.912209Z,2026-09-25T14:45:36.332864Z,45.420623,46.058886,2,False,True,True,0,0,FOCAL_DEFECT_WITNESS,a,mechanical,ff1cd7c15d2f9199cd492e71537a4234f37d166d6d092f657424acde379b583f,53e7ea0c7f63f62c4cfa97f87ce08870502cfb001ad9ab1ca3452a4235476550
c1v1-measured-etcd5509-b09-R-bad-a2,c1v1-etcd5509-b09,measured,B,etcd5509,R,9,V_bad,2,608,50,4fb92adcc12d1c208cd69726489d7e6d4b9252b6f55fd8091223b8f9ff70ee24,2026-09-25T14:45:38.988174Z,2026-09-25T14:46:24.414070Z,45.425867,46.037799,2,False,True,True,0,0,FOCAL_DEFECT_WITNESS,a,mechanical,ff1cd7c15d2f9199cd492e71537a4234f37d166d6d092f657424acde379b583f,eb2a8a47229b6cf74923dde80b7e6ab206cf126848c56f0514a912602c74f964
c1v1-measured-etcd5509-b09-R-bad-a3,c1v1-etcd5509-b09,measured,B,etcd5509,R,9,V_bad,3,609,51,3a32415f27849e03dc322a631c7b7ec142c936ff32d2eb6fa29801bed87aec4a,2026-09-25T14:46:27.048076Z,2026-09-25T14:47:12.465162Z,45.417056,45.963776,2,False,True,True,0,0,FOCAL_DEFECT_WITNESS,a,mechanical,ff1cd7c15d2f9199cd492e71537a4234f37d166d6d092f657424acde379b583f,f4076a1c45185fab6c8fd2579c7c19c81a18241e75b69bdc7432a042e8d261b6
c1v1-measured-etcd5509-b09-R-ok-a1,c1v1-etcd5509-b09,measured,B,etcd5509,R,9,V_ok,1,610,52,e5d2a39c68c98d97457d666957c037f5784a0be5525d987dc10f9f6e232ba004,2026-09-25T14:47:15.032238Z,2026-09-25T14:47:15.543774Z,0.511507,1.131965,0,False,True,True,0,0,PASS,,mechanical,0865ca53acff4a56d7897b8710ddc98bcf02d813971f747324154bbda3b90b05,cf5596cfac21b572e0411e1e7e3cce0a56115761b011d65aa5cd977208d5ba9c
c1v1-measured-etcd5509-b09-R-ok-a2,c1v1-etcd5509-b09,measured,B,etcd5509,R,9,V_ok,2,611,53,03690b4bece4b8387f0d54bc1c9819643e0cdfe471cff882fec6a116ced88ffc,2026-09-25T14:47:18.190386Z,2026-09-25T14:47:18.699329Z,0.508916,1.141394,0,False,True,True,0,0,PASS,,mechanical,0865ca53acff4a56d7897b8710ddc98bcf02d813971f747324154bbda3b90b05,76b658e26e0d675e21806bb7f322ddf2348a2d58516c64aae02e6592606e2a9e
c1v1-measured-etcd5509-b09-R-ok-a3,c1v1-etcd5509-b09,measured,B,etcd5509,R,9,V_ok,3,612,54,7d3335ca6103135060a8bb122ec460211d144fa4e864730024877d02f0a0f989,2026-09-25T14:47:21.357371Z,2026-09-25T14:47:21.880800Z,0.5234,1.14983,0,False,True,True,0,0,PASS,,mechanical,0865ca53acff4a56d7897b8710ddc98bcf02d813971f747324154bbda3b90b05,eb507e9cd82ab2e9f04a86bf86a99b4850a6cf924f5d2916a469b962b7c35874
c1v1-measured-etcd5509-b10-R-bad-a1,c1v1-etcd5509-b10,measured,B,etcd5509,R,10,V_bad,1,688,55,2ae1bf698a0af13fa883aa488fa53eccfeaeb34bf0d3cb0b4d607771cfa80a3b,2026-09-25T14:56:24.033848Z,2026-09-25T14:57:09.464679Z,45.430803,46.041679,2,False,True,True,0,0,FOCAL_DEFECT_WITNESS,a,mechanical,ff1cd7c15d2f9199cd492e71537a4234f37d166d6d092f657424acde379b583f,a5ab5418ee34a6c9b758bd10ca6a2fa331397fed6642eb728d4b6dc66f7da622
c1v1-measured-etcd5509-b10-R-bad-a2,c1v1-etcd5509-b10,measured,B,etcd5509,R,10,V_bad,2,689,56,a328c438f0cbd81fd51d4c866e1c0ba00e26886e0762f1bdf95fb0fbd77678cd,2026-09-25T14:57:12.097639Z,2026-09-25T14:57:57.547009Z,45.44934,45.990486,2,False,True,True,0,0,FOCAL_DEFECT_WITNESS,a,mechanical,ff1cd7c15d2f9199cd492e71537a4234f37d166d6d092f657424acde379b583f,2d5fbe9b9e4bcf853d3afd88c086c95c8571664d66d36e9641f16fcb3ba96812
c1v1-measured-etcd5509-b10-R-bad-a3,c1v1-etcd5509-b10,measured,B,etcd5509,R,10,V_bad,3,690,57,3ed9feafaa7f5fa4acb9d261224543c61c2bc64eaa40bba185b222c0a38476fb,2026-09-25T14:58:00.107437Z,2026-09-25T14:58:45.498160Z,45.390695,46.002058,2,False,True,True,0,0,FOCAL_DEFECT_WITNESS,a,mechanical,ff1cd7c15d2f9199cd492e71537a4234f37d166d6d092f657424acde379b583f,bb9590b00f166f395f5395227030fd543585e0f6dbff9ea82f9a9ecd832f4c2f
c1v1-measured-etcd5509-b10-R-ok-a1,c1v1-etcd5509-b10,measured,B,etcd5509,R,10,V_ok,1,694,58,43cd31f5b4a8f65cff34c7d4dae4ea356153569fe8075ceece241d44cc03e690,2026-09-25T14:58:57.638551Z,2026-09-25T14:58:58.169620Z,0.531041,1.134295,0,False,True,True,0,0,PASS,,mechanical,0865ca53acff4a56d7897b8710ddc98bcf02d813971f747324154bbda3b90b05,602fa6f575de0e52bf6e70ec7e4fd65fab237690e757520fef92262381b3add6
c1v1-measured-etcd5509-b10-R-ok-a2,c1v1-etcd5509-b10,measured,B,etcd5509,R,10,V_ok,2,695,59,d4e8d020a1f7cd552eed4485436e9abc58cd4174dc969a5320a8412676e09c11,2026-09-25T14:59:00.800345Z,2026-09-25T14:59:01.365219Z,0.564846,1.168395,0,False,True,True,0,0,PASS,,mechanical,0865ca53acff4a56d7897b8710ddc98bcf02d813971f747324154bbda3b90b05,78259d2e20c85bbfba8a0120b0c674a013a55692ec98f29822a327154c8fcc44
c1v1-measured-etcd5509-b10-R-ok-a3,c1v1-etcd5509-b10,measured,B,etcd5509,R,10,V_ok,3,696,60,ab61fcf4624cb7bf08213f4ce80cf93a898202556ee299d889e70b60a30758d9,2026-09-25T14:59:03.994313Z,2026-09-25T14:59:04.523572Z,0.529233,1.148613,0,False,True,True,0,0,PASS,,mechanical,0865ca53acff4a56d7897b8710ddc98bcf02d813971f747324154bbda3b90b05,4d1e0fe6ff3312bd463183e0936227912dc090a492e9cc4e66a1e7fb3bd944b2
c1v1-measured-etcd7492-b01-L-ok-a1,c1v1-etcd7492-b01,measured,A,etcd7492,L,1,V_ok,1,16,1,320b6d13c6d7cd5f7f360b19bbf7c4bd6a2688c568644ae152b0b855f2cc15d6,2026-09-25T13:10:44.253474Z,2026-09-25T13:10:44.793555Z,0.540045,1.179597,0,False,True,True,200000,100000,PASS,,mechanical,96e4c5a0045ed90a600be6f767de31880593098b489d9aa38df5f75562222df1,a16543c270de6fa3403c3b332ba4a7dd1faf4535f1d12b4075d8b3309b32a5f1
c1v1-measured-etcd7492-b01-L-ok-a2,c1v1-etcd7492-b01,measured,A,etcd7492,L,1,V_ok,2,17,2,c62325c4abfdb50b44305189f7739cdc4f60d3772139befa17a34cf9218d0bf9,2026-09-25T13:10:47.434585Z,2026-09-25T13:10:47.921799Z,0.487184,1.112075,0,False,True,True,200000,100000,PASS,,mechanical,d4646db7c50bf425c1b1251fe727d89e7225e88f0162254214a425f4b1991bbb,d2c2dbcf1604216b03f6698798c4364d7b5ab11157fc44209d699509b8942654
c1v1-measured-etcd7492-b01-L-ok-a3,c1v1-etcd7492-b01,measured,A,etcd7492,L,1,V_ok,3,18,3,c445c52402c38b51dd272137bf17755188140f518fe1fa53c57a1ec89b3c4f74,2026-09-25T13:10:50.562138Z,2026-09-25T13:10:51.044108Z,0.48194,1.136074,0,False,True,True,200000,100000,PASS,,mechanical,d4646db7c50bf425c1b1251fe727d89e7225e88f0162254214a425f4b1991bbb,6cebe88a974c8bc27f158ff81a7e761c7a5b588f66ff3a6805bded199b377aba
c1v1-measured-etcd7492-b01-L-bad-a1,c1v1-etcd7492-b01,measured,A,etcd7492,L,1,V_bad,1,19,4,a398e3cdf1ffc1bb866d08be1a94e3063230905171919a0818101d2617379698,2026-09-25T13:10:53.725846Z,2026-09-25T13:10:54.197947Z,0.472069,1.1456,0,False,True,True,200000,100000,PASS,,mechanical,d4646db7c50bf425c1b1251fe727d89e7225e88f0162254214a425f4b1991bbb,35b3a828f971bb4d3eef10eaf67ee40bee8f7dd3777357d73f17278b6f6801b9
c1v1-measured-etcd7492-b01-L-bad-a2,c1v1-etcd7492-b01,measured,A,etcd7492,L,1,V_bad,2,20,5,ae268d6bb6614bcad57f621cbb20513cc49b0070d20ef027baaecb040fb47917,2026-09-25T13:10:56.865705Z,2026-09-25T13:11:43.606515Z,46.740777,47.287656,2,False,True,True,200000,100000,FOCAL_DEFECT_WITNESS,a,mechanical,13ac39ef4f235a583494ae50acfb95ea823c1ffc5d1b031d9befdd7343381009,4e3ba40c88abc3ada5ac8893fb2f927e31a5a4d26d2ad795c88c4a7e2d93cd7c
c1v1-measured-etcd7492-b01-L-bad-a3,c1v1-etcd7492-b01,measured,A,etcd7492,L,1,V_bad,3,21,6,65622d56313b7489a6b1255a61a2740f2f56dfc131217ae6f160a5bb68babc57,2026-09-25T13:11:46.174952Z,2026-09-25T13:11:46.619787Z,0.444807,1.060108,0,False,True,True,200000,100000,PASS,,mechanical,d4646db7c50bf425c1b1251fe727d89e7225e88f0162254214a425f4b1991bbb,79f7785b0f8bc47c5c26827f7fc4de8a03b9231d9923e200222d98fb2edb437f
c1v1-measured-etcd7492-b02-L-bad-a1,c1v1-etcd7492-b02,measured,A,etcd7492,L,2,V_bad,1,136,7,36f346561cad88a317110a1341c591735f62e391edb1bfbb730f3121da506a71,2026-09-25T13:26:52.587517Z,2026-09-25T13:26:53.077235Z,0.48969,1.106206,0,False,True,True,200000,100000,PASS,,mechanical,96e4c5a0045ed90a600be6f767de31880593098b489d9aa38df5f75562222df1,585553e44d5204850999a913279f2224ab5fb0af7b071f45b86e9bc44e4dd235
c1v1-measured-etcd7492-b02-L-bad-a2,c1v1-etcd7492-b02,measured,A,etcd7492,L,2,V_bad,2,137,8,d743067d3fa2657d3f6e26e6229f2894e9aeec2f518f2613073005433633e3cb,2026-09-25T13:26:55.713446Z,2026-09-25T13:26:56.218337Z,0.504864,1.120172,0,False,True,True,200000,100000,PASS,,mechanical,d4646db7c50bf425c1b1251fe727d89e7225e88f0162254214a425f4b1991bbb,8279e7b8fa702bcee71728f39842f025742e31e417195aee1cfa98f388703353
c1v1-measured-etcd7492-b02-L-bad-a3,c1v1-etcd7492-b02,measured,A,etcd7492,L,2,V_bad,3,138,9,2368244340f4cf218278cd0c6fc5a5a159c1785c30bdcf692ecb53f1b372925d,2026-09-25T13:26:58.846860Z,2026-09-25T13:26:59.311983Z,0.465095,1.082414,0,False,True,True,200000,100000,PASS,,mechanical,d4646db7c50bf425c1b1251fe727d89e7225e88f0162254214a425f4b1991bbb,ed963365a93f3b50c725536a44181085241a7b41ea56da1b5314e876aa114b3c
c1v1-measured-etcd7492-b02-L-ok-a1,c1v1-etcd7492-b02,measured,A,etcd7492,L,2,V_ok,1,142,10,e4dd9aa48451230cf13dee9911fdfab52d080e458e083919c268d0493020aa3a,2026-09-25T13:27:57.520491Z,2026-09-25T13:27:57.948243Z,0.427721,1.039403,0,False,True,True,200000,100000,PASS,,mechanical,d4646db7c50bf425c1b1251fe727d89e7225e88f0162254214a425f4b1991bbb,1f8c18175b37f8a205f349561b7fb590f1c4912bf5838b333d6acac5e88604b0
c1v1-measured-etcd7492-b02-L-ok-a2,c1v1-etcd7492-b02,measured,A,etcd7492,L,2,V_ok,2,143,11,e3895f14542aff3a9b3c526336731a095fa71c8425df3b63ef07de9007178c95,2026-09-25T13:28:00.569475Z,2026-09-25T13:28:01.017220Z,0.447716,1.054009,0,False,True,True,200000,100000,PASS,,mechanical,d4646db7c50bf425c1b1251fe727d89e7225e88f0162254214a425f4b1991bbb,60c2f4e091d0bb6d2cff1f1fc80f528fd96270c500d73fd7d2d5fc58f0a69651
c1v1-measured-etcd7492-b02-L-ok-a3,c1v1-etcd7492-b02,measured,A,etcd7492,L,2,V_ok,3,144,12,4b53a2218002f0350c699333ac7da1867d988f848c584458fbb824f843142bfe,2026-09-25T13:28:03.640413Z,2026-09-25T13:28:04.109271Z,0.468825,1.006487,0,False,True,True,200000,100000,PASS,,mechanical,96e4c5a0045ed90a600be6f767de31880593098b489d9aa38df5f75562222df1,bbd5147a68f628606a2ab5687eea3750d501bc4d94c737733b7fead8957f539f
c1v1-measured-etcd7492-b03-L-bad-a1,c1v1-etcd7492-b03,measured,A,etcd7492,L,3,V_bad,1,160,13,ecbb1bdd7502261a8c78d2892a3c30444d5e77ac267237b8f92efa17c61b498b,2026-09-25T13:33:50.644948Z,2026-09-25T13:33:51.133717Z,0.488707,1.098442,0,False,True,True,200000,100000,PASS,,mechanical,d4646db7c50bf425c1b1251fe727d89e7225e88f0162254214a425f4b1991bbb,709e050911f5785e11381ca99b0ac7a93f8733342b66f63ab3fb87a9b5b26c1f
c1v1-measured-etcd7492-b03-L-bad-a2,c1v1-etcd7492-b03,measured,A,etcd7492,L,3,V_bad,2,161,14,baa4881718562c93bc18638c6d75c457bbf7bd497f4ce7e8feb9d3b20346dc91,2026-09-25T13:33:53.763848Z,2026-09-25T13:33:54.245691Z,0.481815,1.100016,0,False,True,True,200000,100000,PASS,,mechanical,d4646db7c50bf425c1b1251fe727d89e7225e88f0162254214a425f4b1991bbb,3f77247588bfb441da5820cf988b22a9b0855b05b87901d64c744fd958202530
c1v1-measured-etcd7492-b03-L-bad-a3,c1v1-etcd7492-b03,measured,A,etcd7492,L,3,V_bad,3,162,15,87896bbdf79755386655e08d60fde06ebcf1f552d60d595c82e842dd4422ae7d,2026-09-25T13:33:56.888596Z,2026-09-25T13:34:43.621106Z,46.732481,47.296516,2,False,True,True,200000,100000,FOCAL_DEFECT_WITNESS,a,mechanical,13ac39ef4f235a583494ae50acfb95ea823c1ffc5d1b031d9befdd7343381009,52981cf7a2a092049d05eec1292d48c43fdbb9f1c0e56e007d9ec36530afa0cf
c1v1-measured-etcd7492-b03-L-ok-a1,c1v1-etcd7492-b03,measured,A,etcd7492,L,3,V_ok,1,163,16,f4e640decd90f5f7569ea7b65b9018ac8af699bee52af8ef58b5df4abe151e33,2026-09-25T13:34:46.190129Z,2026-09-25T13:34:46.656459Z,0.466304,1.082042,0,False,True,True,200000,100000,PASS,,mechanical,d4646db7c50bf425c1b1251fe727d89e7225e88f0162254214a425f4b1991bbb,db92514a8d4b251a4e15a6cad17d565c4b5cb9e5a2e099bb854440c9f780d2a9
c1v1-measured-etcd7492-b03-L-ok-a2,c1v1-etcd7492-b03,measured,A,etcd7492,L,3,V_ok,2,164,17,51cb063a78ccc80a9c3f5d60c4fb38763652f1557d9deaab7e0b5802f9636ba7,2026-09-25T13:34:49.292079Z,2026-09-25T13:34:49.752511Z,0.460395,1.085966,0,False,True,True,200000,100000,PASS,,mechanical,d4646db7c50bf425c1b1251fe727d89e7225e88f0162254214a425f4b1991bbb,0147da55863b50f45ad6848079edd85e43778beeacc90c2a005c6ad19739dd49
c1v1-measured-etcd7492-b03-L-ok-a3,c1v1-etcd7492-b03,measured,A,etcd7492,L,3,V_ok,3,165,18,0b794b2004d17831ba490cf0cc32f01a2b06c3003e83eaa74d66cc9f0ea162aa,2026-09-25T13:34:52.385580Z,2026-09-25T13:34:52.777401Z,0.391784,0.99423,0,False,True,True,200000,100000,PASS,,mechanical,d4646db7c50bf425c1b1251fe727d89e7225e88f0162254214a425f4b1991bbb,f1e7fb00d29a20e9171fc60b9e026455614e58edc61da9fa340a19367f408e03
c1v1-measured-etcd7492-b04-L-ok-a1,c1v1-etcd7492-b04,measured,A,etcd7492,L,4,V_ok,1,232,19,cd37ced6626fd9399e1e8cf986a55474aec42d1695627d7696592ec610c0e61c,2026-09-25T13:44:06.909330Z,2026-09-25T13:44:07.433188Z,0.523826,1.132461,0,False,True,True,200000,100000,PASS,,mechanical,d4646db7c50bf425c1b1251fe727d89e7225e88f0162254214a425f4b1991bbb,43d1407fca954c21acb593538205c1d308e4b8f559ecddcca0d2ff4fc486aeb8
c1v1-measured-etcd7492-b04-L-ok-a2,c1v1-etcd7492-b04,measured,A,etcd7492,L,4,V_ok,2,233,20,f5fa7be5c18a0b8eba12362c2ccc1d403ca7038c5ad7834667edec9039c91525,2026-09-25T13:44:10.059934Z,2026-09-25T13:44:10.517314Z,0.457354,1.063362,0,False,True,True,200000,100000,PASS,,mechanical,d4646db7c50bf425c1b1251fe727d89e7225e88f0162254214a425f4b1991bbb,7c53b53423067fd1fd7eb18506feb5f526720ff879380e28440efa839dc5bb4e
c1v1-measured-etcd7492-b04-L-ok-a3,c1v1-etcd7492-b04,measured,A,etcd7492,L,4,V_ok,3,234,21,2c9710aa85602e4b9d372425980337d3a1c48cdefd7d86a65a782523563ff845,2026-09-25T13:44:13.148763Z,2026-09-25T13:44:13.633246Z,0.484455,1.095856,0,False,True,True,200000,100000,PASS,,mechanical,d4646db7c50bf425c1b1251fe727d89e7225e88f0162254214a425f4b1991bbb,2a36b74a95b308e5e41e0734ada1d3cab23d3d575d4a4253ce468045858dba7f
c1v1-measured-etcd7492-b04-L-bad-a1,c1v1-etcd7492-b04,measured,A,etcd7492,L,4,V_bad,1,235,22,1b44c40beb22be27a122d87f7d253c38ea187cadc74a154b091e8880290be032,2026-09-25T13:44:16.251998Z,2026-09-25T13:44:16.745779Z,0.493748,1.131161,0,False,True,True,200000,100000,PASS,,mechanical,d4646db7c50bf425c1b1251fe727d89e7225e88f0162254214a425f4b1991bbb,a272155bd1c2610010a418ef6b2baf24c6955c19dd44f0d8a5a979a4d59ac446
c1v1-measured-etcd7492-b04-L-bad-a2,c1v1-etcd7492-b04,measured,A,etcd7492,L,4,V_bad,2,236,23,36435a03a7cf5b4eb41176c7c07d902056c0dafa8298e50475fd30a0e1b6d4ea,2026-09-25T13:44:19.419425Z,2026-09-25T13:44:19.916961Z,0.497508,1.132392,0,False,True,True,200000,100000,PASS,,mechanical,d4646db7c50bf425c1b1251fe727d89e7225e88f0162254214a425f4b1991bbb,4e3ed277176305b158046a23ddc9117d8af365e726579d5f66d0b4057ec28311
c1v1-measured-etcd7492-b04-L-bad-a3,c1v1-etcd7492-b04,measured,A,etcd7492,L,4,V_bad,3,237,24,ffedd9b15ef95b465622b2a532cd7e9164fe9212cccc5e3dac58f79e3cf0e46b,2026-09-25T13:44:22.549333Z,2026-09-25T13:44:22.991885Z,0.442521,1.054515,0,False,True,True,200000,100000,PASS,,mechanical,d4646db7c50bf425c1b1251fe727d89e7225e88f0162254214a425f4b1991bbb,cc6ea769b1d13f6612b3c075095bcf1931263e25775d4a27329d787ee2cbf1a6
c1v1-measured-etcd7492-b05-L-bad-a1,c1v1-etcd7492-b05,measured,A,etcd7492,L,5,V_bad,1,301,25,fcbff42c4c027ab2238c2b933b18f4272dd420375e4c1253455bef65e9a849aa,2026-09-25T13:52:12.241774Z,2026-09-25T13:52:12.761611Z,0.519805,1.134346,0,False,True,True,200000,100000,PASS,,mechanical,96e4c5a0045ed90a600be6f767de31880593098b489d9aa38df5f75562222df1,bfd8ef1e53dece58b66c82b5c6f65951fcc6ee64aff61924142e7138ba2c3fba
c1v1-measured-etcd7492-b05-L-bad-a2,c1v1-etcd7492-b05,measured,A,etcd7492,L,5,V_bad,2,302,26,8bc1bb0fb4c79b762b709b7bd94cdd56ceb7de14367996a6bb31a8ebfb6b3014,2026-09-25T13:52:15.385996Z,2026-09-25T13:52:15.835793Z,0.449768,1.057123,0,False,True,True,200000,100000,PASS,,mechanical,d4646db7c50bf425c1b1251fe727d89e7225e88f0162254214a425f4b1991bbb,14391642a696122b1ef7b055cc45b218675cbf6962e97faaf881e98ba65e88b5
c1v1-measured-etcd7492-b05-L-bad-a3,c1v1-etcd7492-b05,measured,A,etcd7492,L,5,V_bad,3,303,27,aee65b2d230b7013a36e38af199c41b4a8a92ff3ea33fb8b4c51d1d1177b6c21,2026-09-25T13:52:18.460433Z,2026-09-25T13:53:05.117519Z,46.657055,47.26907,2,False,True,True,200000,100000,FOCAL_DEFECT_WITNESS,a,mechanical,13ac39ef4f235a583494ae50acfb95ea823c1ffc5d1b031d9befdd7343381009,a6d60569609cd973290d3350220a3a0d7a17f631ddb14ba6abd07b97493b48a5
c1v1-measured-etcd7492-b05-L-ok-a1,c1v1-etcd7492-b05,measured,A,etcd7492,L,5,V_ok,1,307,28,6dd3b10acf9280d0625ce5d9b6b50cc62772c3abae17fce467ea42031f07db9e,2026-09-25T13:53:17.070159Z,2026-09-25T13:53:17.530673Z,0.460486,1.077447,0,False,True,True,200000,100000,PASS,,mechanical,d4646db7c50bf425c1b1251fe727d89e7225e88f0162254214a425f4b1991bbb,ffd0f3a0ee98296d05566f3592d7541a4753a4e979a4ebd54d4ad629e0b93ef6
c1v1-measured-etcd7492-b05-L-ok-a2,c1v1-etcd7492-b05,measured,A,etcd7492,L,5,V_ok,2,308,29,35227132a8c399167b0afef251099316be0d2b2b8045d24766e0700c0e2e861d,2026-09-25T13:53:20.163929Z,2026-09-25T13:53:20.638950Z,0.474984,1.083299,0,False,True,True,200000,100000,PASS,,mechanical,d4646db7c50bf425c1b1251fe727d89e7225e88f0162254214a425f4b1991bbb,0f2de6fa57b626ce77777527478b759c20976f94be2ee633b7b6fbbc784eef04
c1v1-measured-etcd7492-b05-L-ok-a3,c1v1-etcd7492-b05,measured,A,etcd7492,L,5,V_ok,3,309,30,7fbd9bc3428e877f6ca02d450922a03d4d9ef6f847bb15bc6db468e104c926b2,2026-09-25T13:53:23.258691Z,2026-09-25T13:53:23.745071Z,0.486345,1.096495,0,False,True,True,200000,100000,PASS,,mechanical,d4646db7c50bf425c1b1251fe727d89e7225e88f0162254214a425f4b1991bbb,abce334566ceacb66f690434eb520c15d7030e3a681af60d08949784e1336f5c
c1v1-measured-etcd7492-b06-L-bad-a1,c1v1-etcd7492-b06,measured,B,etcd7492,L,6,V_bad,1,400,31,97e42f9487a1b55271adfcb0f7773e00efefca610bf5d8f43b1448dd2be65af5,2026-09-25T14:14:06.710385Z,2026-09-25T14:14:07.257075Z,0.546663,1.164178,0,False,True,True,200000,100000,PASS,,mechanical,d4646db7c50bf425c1b1251fe727d89e7225e88f0162254214a425f4b1991bbb,d4d05dbf5fc19e3fa13ecd58846eb370f9911d68ab7319859d38ccd5c68099dd
c1v1-measured-etcd7492-b06-L-bad-a2,c1v1-etcd7492-b06,measured,B,etcd7492,L,6,V_bad,2,401,32,e5b0721e90555c9288f1a4184fadc96a647afe80ea30e7bd39e6b967b49e6951,2026-09-25T14:14:09.898441Z,2026-09-25T14:14:10.364680Z,0.46621,1.086652,0,False,True,True,200000,100000,PASS,,mechanical,d4646db7c50bf425c1b1251fe727d89e7225e88f0162254214a425f4b1991bbb,d7f71765bff2dd231614ec32c20336e565437cf07dca9f8b314cb5b299146351
c1v1-measured-etcd7492-b06-L-bad-a3,c1v1-etcd7492-b06,measured,B,etcd7492,L,6,V_bad,3,402,33,19a09c4337a8d04866bd51ab7b07f48550c062e926775d49ceeecc980688f48a,2026-09-25T14:14:12.987100Z,2026-09-25T14:14:13.467183Z,0.480054,1.080718,0,False,True,True,200000,100000,PASS,,mechanical,d4646db7c50bf425c1b1251fe727d89e7225e88f0162254214a425f4b1991bbb,cfe6db1fb9bf1ebc93a7b12b8dc8835279ab62777493215388f734b26fe94958
c1v1-measured-etcd7492-b06-L-ok-a1,c1v1-etcd7492-b06,measured,B,etcd7492,L,6,V_ok,1,406,34,ba8bb82b3c8795b8007cb4e2c1c792098fe1b6c7c26eec27354ed5363ac9c661,2026-09-25T14:14:25.399625Z,2026-09-25T14:14:25.872117Z,0.472462,1.009942,0,False,True,True,200000,100000,PASS,,mechanical,d4646db7c50bf425c1b1251fe727d89e7225e88f0162254214a425f4b1991bbb,a3e8ab9ba9dfde8f3fda1553856477b8029a56dca8c27479fbe8a69563e363ee
c1v1-measured-etcd7492-b06-L-ok-a2,c1v1-etcd7492-b06,measured,B,etcd7492,L,6,V_ok,2,407,35,2490f6cb4f48a98b41f8505779e1eb318ff56c91aaf88ecf6988636d394fab88,2026-09-25T14:14:28.438903Z,2026-09-25T14:14:28.910971Z,0.472039,1.10072,0,False,True,True,200000,100000,PASS,,mechanical,d4646db7c50bf425c1b1251fe727d89e7225e88f0162254214a425f4b1991bbb,942be334ca03860989de1ec236b233f12739b455656787cec76773f6f4e42b51
c1v1-measured-etcd7492-b06-L-ok-a3,c1v1-etcd7492-b06,measured,B,etcd7492,L,6,V_ok,3,408,36,da69521ce7005c350a8bf3ce32a41273573e11502580ea2f74a4f330beacbc9c,2026-09-25T14:14:31.554770Z,2026-09-25T14:14:32.029633Z,0.474835,1.092468,0,False,True,True,200000,100000,PASS,,mechanical,d4646db7c50bf425c1b1251fe727d89e7225e88f0162254214a425f4b1991bbb,16e75a0f08b25e8b1788a19604d337f20d97bc7af6f76827ee0f05ddb3d4e1c8
c1v1-measured-etcd7492-b07-L-bad-a1,c1v1-etcd7492-b07,measured,B,etcd7492,L,7,V_bad,1,433,37,e61ae4160936363dc8a537c545ea37af0cc2f1ee4d8660f36c035f03c162e9f2,2026-09-25T14:19:32.597087Z,2026-09-25T14:19:33.130561Z,0.533445,1.170504,0,False,True,True,200000,100000,PASS,,mechanical,d4646db7c50bf425c1b1251fe727d89e7225e88f0162254214a425f4b1991bbb,c2220e5f3bbf646404fcc084ae506af3a28f6d364a091c5adcdbcf2c416b93e2
c1v1-measured-etcd7492-b07-L-bad-a2,c1v1-etcd7492-b07,measured,B,etcd7492,L,7,V_bad,2,434,38,20cb02f18b48cb0e225e3f9eb2eec8634dcd179af0efd6cfe6ccda73a8db853e,2026-09-25T14:19:35.774676Z,2026-09-25T14:19:36.215912Z,0.441206,1.067019,0,False,True,True,200000,100000,PASS,,mechanical,d4646db7c50bf425c1b1251fe727d89e7225e88f0162254214a425f4b1991bbb,4e6e4ae8eff588118768f7fec0da31b7694a74041bb05242dfc514cdfc00cc93
c1v1-measured-etcd7492-b07-L-bad-a3,c1v1-etcd7492-b07,measured,B,etcd7492,L,7,V_bad,3,435,39,bf0bd23db31f2fa5565091d604a583c731a27f45a2ddf5047fc359edb7a7cc58,2026-09-25T14:19:38.868132Z,2026-09-25T14:19:39.307424Z,0.439259,1.066347,0,False,True,True,200000,100000,PASS,,mechanical,d4646db7c50bf425c1b1251fe727d89e7225e88f0162254214a425f4b1991bbb,eedf37056d5f6cd5581e6bab848b8c2d1b6688b5828539cc64fdfbbfe9838a8e
c1v1-measured-etcd7492-b07-L-ok-a1,c1v1-etcd7492-b07,measured,B,etcd7492,L,7,V_ok,1,439,40,a24b7260366d37cade98931bd1558df31fa1132c51fe26554ca598362c4425d0,2026-09-25T14:19:51.359697Z,2026-09-25T14:19:51.896495Z,0.536767,1.161881,0,False,True,True,200000,100000,PASS,,mechanical,d4646db7c50bf425c1b1251fe727d89e7225e88f0162254214a425f4b1991bbb,6d1aa2f69882c29c7a570328993a7bf6de898886b5c5be491bc41ad1289de9c8
c1v1-measured-etcd7492-b07-L-ok-a2,c1v1-etcd7492-b07,measured,B,etcd7492,L,7,V_ok,2,440,41,8412a748bfca91f0718985b7b55498234277e62be0bc5b2d21c26df53d04b17e,2026-09-25T14:19:54.548799Z,2026-09-25T14:19:55.054085Z,0.505258,1.140485,0,False,True,True,200000,100000,PASS,,mechanical,d4646db7c50bf425c1b1251fe727d89e7225e88f0162254214a425f4b1991bbb,b809e230371b7119b5e6459ebafaa6eaafd5b5384e935216d9141bf358c62d5d
c1v1-measured-etcd7492-b07-L-ok-a3,c1v1-etcd7492-b07,measured,B,etcd7492,L,7,V_ok,3,441,42,5b9d05310e1b0580b236873c659a8d44143257270bede4c623b507e330b6197c,2026-09-25T14:19:57.689138Z,2026-09-25T14:19:58.202234Z,0.513065,1.119921,0,False,True,True,200000,100000,PASS,,mechanical,7fb67c46499a538f8329819000b5a822cd719dfbb3548cf454d0cd4898ed0fea,37e86b6124f3d7db271907b48d043d6843c7c105d9ad3484beafa8e6287ea43f
c1v1-measured-etcd7492-b08-L-ok-a1,c1v1-etcd7492-b08,measured,B,etcd7492,L,8,V_ok,1,529,43,624a2cc1e39b468bc3d459d4a2b78861a806f1fcf33f7bb136e565a3e86c12b3,2026-09-25T14:32:48.100522Z,2026-09-25T14:32:48.601876Z,0.501325,1.120302,0,False,True,True,200000,100000,PASS,,mechanical,d4646db7c50bf425c1b1251fe727d89e7225e88f0162254214a425f4b1991bbb,675f68fd0250710ec9575745ede04e3eb411abd4c7944c172a95f974d4b4a69f
c1v1-measured-etcd7492-b08-L-ok-a2,c1v1-etcd7492-b08,measured,B,etcd7492,L,8,V_ok,2,530,44,9f402a861604721f37474ff0392f3d0a9f8801843ce794360175749aead098b3,2026-09-25T14:32:51.230126Z,2026-09-25T14:32:51.741262Z,0.511111,1.119072,0,False,True,True,200000,100000,PASS,,mechanical,d4646db7c50bf425c1b1251fe727d89e7225e88f0162254214a425f4b1991bbb,73ec2e6f588d56c5680b90b7a875841b3586c2562a103ba76ff46faf3ff3d361
c1v1-measured-etcd7492-b08-L-ok-a3,c1v1-etcd7492-b08,measured,B,etcd7492,L,8,V_ok,3,531,45,5502e981693394beae323a8dffce59a7c477e22e455ec49d21bd6965c2524733,2026-09-25T14:32:54.371042Z,2026-09-25T14:32:54.901119Z,0.530048,1.139874,0,False,True,True,200000,100000,PASS,,mechanical,d4646db7c50bf425c1b1251fe727d89e7225e88f0162254214a425f4b1991bbb,7f0f2e6c44880e92b20236d76296244cfdbd93c3c350250f6f6f675cf90e87f2
c1v1-measured-etcd7492-b08-L-bad-a1,c1v1-etcd7492-b08,measured,B,etcd7492,L,8,V_bad,1,535,46,e95c72d179d3040ae65b9fb3d9c9cba9473fa447003d300b27889ab559c02ae6,2026-09-25T14:33:06.869052Z,2026-09-25T14:33:07.404129Z,0.535052,1.143097,0,False,True,True,200000,100000,PASS,,mechanical,d4646db7c50bf425c1b1251fe727d89e7225e88f0162254214a425f4b1991bbb,bf2cc79cf680c5d02bc503d3872c112c2321a2cc4588aa04af49ccc7614d6d1a
c1v1-measured-etcd7492-b08-L-bad-a2,c1v1-etcd7492-b08,measured,B,etcd7492,L,8,V_bad,2,536,47,1c6b72b9af8f3da91a58a50ee4ce456aff2e638f7704eb4673776a8a0c6598c3,2026-09-25T14:33:10.028664Z,2026-09-25T14:33:10.512522Z,0.48383,1.09421,0,False,True,True,200000,100000,PASS,,mechanical,d4646db7c50bf425c1b1251fe727d89e7225e88f0162254214a425f4b1991bbb,518ad818c77f41472adea994952c0ac183bf98f82482ed0410c64994ed23c836
c1v1-measured-etcd7492-b08-L-bad-a3,c1v1-etcd7492-b08,measured,B,etcd7492,L,8,V_bad,3,537,48,61a259fbe351a9b8058fe9ba8bcd8b890dba0675c2bb10fc67efe93e56bdeb63,2026-09-25T14:33:13.147520Z,2026-09-25T14:33:13.610936Z,0.463388,1.081601,0,False,True,True,200000,100000,PASS,,mechanical,d4646db7c50bf425c1b1251fe727d89e7225e88f0162254214a425f4b1991bbb,5cf6610179c57b0819b3ca04fa6c3788280b311205263fa12e0be19ed658bbed
c1v1-measured-etcd7492-b09-L-ok-a1,c1v1-etcd7492-b09,measured,B,etcd7492,L,9,V_ok,1,640,49,c2eb3d1cfec2a8ba3c74744b3177bab188262db86c2c475f07b90e19e098d0bc,2026-09-25T14:49:33.087272Z,2026-09-25T14:49:33.622579Z,0.53528,1.091626,0,False,True,True,200000,100000,PASS,,mechanical,d4646db7c50bf425c1b1251fe727d89e7225e88f0162254214a425f4b1991bbb,d5cf363c12027b3d877e4d7121255fe28b9c6848e93229d5a92fc20758d3e33e
c1v1-measured-etcd7492-b09-L-ok-a2,c1v1-etcd7492-b09,measured,B,etcd7492,L,9,V_ok,2,641,50,1f47ca7c36452f23c71fd368c09132d0c825462171f71719cc9cc8a55ff54d13,2026-09-25T14:49:36.194180Z,2026-09-25T14:49:36.676332Z,0.482116,1.095811,0,False,True,True,200000,100000,PASS,,mechanical,d4646db7c50bf425c1b1251fe727d89e7225e88f0162254214a425f4b1991bbb,47bb104f828807eb3d8de87a2284996383f65dcf548e46b717e58e78f05b88bb
c1v1-measured-etcd7492-b09-L-ok-a3,c1v1-etcd7492-b09,measured,B,etcd7492,L,9,V_ok,3,642,51,5a01fab99816662ddbd8c28ae114074b86ba330a3848212bdcf29850a4562bf8,2026-09-25T14:49:39.325366Z,2026-09-25T14:49:39.841122Z,0.515729,1.162453,0,False,True,True,200000,100000,PASS,,mechanical,d4646db7c50bf425c1b1251fe727d89e7225e88f0162254214a425f4b1991bbb,df4c91c9d04dfb01f858459da6de691e54b7ec993e57b87663e552cfcabff00d
c1v1-measured-etcd7492-b09-L-bad-a1,c1v1-etcd7492-b09,measured,B,etcd7492,L,9,V_bad,1,643,52,61ee5853ca149419c7cc2f37c9d8dff7d6183f30e61714902caf55f89e87a4d6,2026-09-25T14:49:42.504800Z,2026-09-25T14:49:43.001040Z,0.496213,1.123688,0,False,True,True,200000,100000,PASS,,mechanical,d4646db7c50bf425c1b1251fe727d89e7225e88f0162254214a425f4b1991bbb,0989d8e7252d37ce864113063612dafc44b4a8ff509248ab7a8126eecf824557
c1v1-measured-etcd7492-b09-L-bad-a2,c1v1-etcd7492-b09,measured,B,etcd7492,L,9,V_bad,2,644,53,eb6cd9d4f03d2b5785c2f53ebe7044a30ee3e72bb8707be830343a5358bd0699,2026-09-25T14:49:45.645866Z,2026-09-25T14:49:46.139254Z,0.493359,1.115812,0,False,True,True,200000,100000,PASS,,mechanical,d4646db7c50bf425c1b1251fe727d89e7225e88f0162254214a425f4b1991bbb,35fd03498f004854af1e93cdba192b41c620c7a968ec62c39840350ca1733322
c1v1-measured-etcd7492-b09-L-bad-a3,c1v1-etcd7492-b09,measured,B,etcd7492,L,9,V_bad,3,645,54,7ebbc85d793aec3216858f08c1469763211bf2106755ce1e4bf869ef58d06bbd,2026-09-25T14:49:48.776089Z,2026-09-25T14:49:49.265566Z,0.489448,1.106891,0,False,True,True,200000,100000,PASS,,mechanical,d4646db7c50bf425c1b1251fe727d89e7225e88f0162254214a425f4b1991bbb,60cda69c9a1042b211d0c58c36ac27bb43ce94a292d6430ae7e33ce97d53e902
c1v1-measured-etcd7492-b10-L-bad-a1,c1v1-etcd7492-b10,measured,B,etcd7492,L,10,V_bad,1,715,55,8d22869f1debce90e50c6d00da98dc7a1fcdf3f939289c9f91f45348a7ac3503,2026-09-25T15:00:03.237151Z,2026-09-25T15:00:03.772000Z,0.534796,1.151315,0,False,True,True,200000,100000,PASS,,mechanical,d4646db7c50bf425c1b1251fe727d89e7225e88f0162254214a425f4b1991bbb,1f798db990529e4b7a16aa9eefcaeb9815f0e88a6b69998996db966023ed1b4d
c1v1-measured-etcd7492-b10-L-bad-a2,c1v1-etcd7492-b10,measured,B,etcd7492,L,10,V_bad,2,716,56,4f343833b0ac99bfa567459222b269031416006d1f614fec196de2c0a221454d,2026-09-25T15:00:06.416620Z,2026-09-25T15:00:06.885903Z,0.469233,1.088901,0,False,True,True,200000,100000,PASS,,mechanical,d4646db7c50bf425c1b1251fe727d89e7225e88f0162254214a425f4b1991bbb,ac270a7c934e1493192ea0c5a5822a0ed730c8859e259549a57afab4692c4dda
c1v1-measured-etcd7492-b10-L-bad-a3,c1v1-etcd7492-b10,measured,B,etcd7492,L,10,V_bad,3,717,57,cf71618f26e2e134e49cc03c15266c048d6298b6bd03e08336aecb52906ea6a7,2026-09-25T15:00:09.518200Z,2026-09-25T15:00:10.005248Z,0.487019,1.104632,0,False,True,True,200000,100000,PASS,,mechanical,d4646db7c50bf425c1b1251fe727d89e7225e88f0162254214a425f4b1991bbb,95aa44cf3d8bbf5b4ca2eb81c4944bcd695a9b0e749ea4421865e65fbd3f2db8
c1v1-measured-etcd7492-b10-L-ok-a1,c1v1-etcd7492-b10,measured,B,etcd7492,L,10,V_ok,1,718,58,84869d04e8d6ddafcc77322c98425abc2ac96008739a05fd8443b10b09884b08,2026-09-25T15:00:12.637266Z,2026-09-25T15:00:13.084928Z,0.447631,1.056103,0,False,True,True,200000,100000,PASS,,mechanical,d4646db7c50bf425c1b1251fe727d89e7225e88f0162254214a425f4b1991bbb,7fd522863168ce0601f8e7319fd062ffa002f8ca8e677b26300b0a213ed53583
c1v1-measured-etcd7492-b10-L-ok-a2,c1v1-etcd7492-b10,measured,B,etcd7492,L,10,V_ok,2,719,59,2ee466b6d0ff3cfe5457b524588abdaf0a891bf0acc30d87c5e2ccab9ec64c92,2026-09-25T15:00:15.712974Z,2026-09-25T15:00:16.142611Z,0.429605,0.966037,0,False,True,True,200000,100000,PASS,,mechanical,d4646db7c50bf425c1b1251fe727d89e7225e88f0162254214a425f4b1991bbb,eb37e75819d2999a98c34ccb4505322bfd8ecb9c9bcefa45d73b4ce7201e779c
c1v1-measured-etcd7492-b10-L-ok-a3,c1v1-etcd7492-b10,measured,B,etcd7492,L,10,V_ok,3,720,60,1b9ccd81d974a542bd9c574d0d87790fd783e60c8e1e88012e6068196c66e61a,2026-09-25T15:00:18.703996Z,2026-09-25T15:00:19.185250Z,0.481218,1.092518,0,False,True,True,200000,100000,PASS,,mechanical,d4646db7c50bf425c1b1251fe727d89e7225e88f0162254214a425f4b1991bbb,24e9596e316464b8a7bc0a37aadd58d028229b4f8cc2ef639f32ce79e27424ec
c1v1-measured-etcd7492-b01-R-bad-a1,c1v1-etcd7492-b01,measured,A,etcd7492,R,1,V_bad,1,13,1,2b10fda8b3677a744fde49e9ed908716b2544a68cb3a27dfae0b409da098a251,2026-09-25T13:09:02.181258Z,2026-09-25T13:09:48.989536Z,46.808246,47.42659,2,False,True,True,0,0,FOCAL_DEFECT_WITNESS,a,mechanical,13ac39ef4f235a583494ae50acfb95ea823c1ffc5d1b031d9befdd7343381009,96572611241c7b3fcb9a3214c426492e4bac969dff8679c5fa815889a70c3855
c1v1-measured-etcd7492-b01-R-bad-a2,c1v1-etcd7492-b01,measured,A,etcd7492,R,1,V_bad,2,14,2,e878da86dfc348166662253742ab9a192c3cb0de2be83e2aa7320a4e911d1f1d,2026-09-25T13:09:51.676938Z,2026-09-25T13:10:38.467569Z,46.7906,47.473701,2,False,True,True,0,0,FOCAL_DEFECT_WITNESS,a,mechanical,13ac39ef4f235a583494ae50acfb95ea823c1ffc5d1b031d9befdd7343381009,125fe6c02f02054326e10b835252e9f5aaf5b0c870c4e332c9113498fd1c6375
c1v1-measured-etcd7492-b01-R-bad-a3,c1v1-etcd7492-b01,measured,A,etcd7492,R,1,V_bad,3,15,3,7141a7e957f9bfbeb8596817fa5828d313f63f45358792830b3af08fdd64ca13,2026-09-25T13:10:41.126931Z,2026-09-25T13:10:41.612317Z,0.485354,1.121895,0,False,True,True,0,0,PASS,,mechanical,d4646db7c50bf425c1b1251fe727d89e7225e88f0162254214a425f4b1991bbb,b2eb083edfb953a8a52b099b36bff71412c8335496eee785c0c04c83d58c116f
c1v1-measured-etcd7492-b01-R-ok-a1,c1v1-etcd7492-b01,measured,A,etcd7492,R,1,V_ok,1,22,4,1bc45453ca16a38c415b5f5e8f93ccd7d68a2723356de385e590d9f8aaa6219b,2026-09-25T13:11:49.249367Z,2026-09-25T13:11:49.717363Z,0.46797,1.089732,0,False,True,True,0,0,PASS,,mechanical,d4646db7c50bf425c1b1251fe727d89e7225e88f0162254214a425f4b1991bbb,6246094a484a6f2978c5070d491c90b9035612fc79b9a855334363c7ebd63ab2
c1v1-measured-etcd7492-b01-R-ok-a2,c1v1-etcd7492-b01,measured,A,etcd7492,R,1,V_ok,2,23,5,4166164d38faa52b83cf8770b1efee736f064428bb7781b8052539e6a0a13625,2026-09-25T13:11:52.390660Z,2026-09-25T13:11:52.847785Z,0.457097,1.112698,0,False,True,True,0,0,PASS,,mechanical,d4646db7c50bf425c1b1251fe727d89e7225e88f0162254214a425f4b1991bbb,eae2c3b307671eecaf8f2ab1ce9b4c3f72ec30b8c643f5956b72d421eba6ca0d
c1v1-measured-etcd7492-b01-R-ok-a3,c1v1-etcd7492-b01,measured,A,etcd7492,R,1,V_ok,3,24,6,3203f18b122b135479f711311b8ecf625ed4efcfd67f7dd885b0ab06a9c4de55,2026-09-25T13:11:55.483723Z,2026-09-25T13:11:55.972109Z,0.488358,1.113757,0,False,True,True,0,0,PASS,,mechanical,d4646db7c50bf425c1b1251fe727d89e7225e88f0162254214a425f4b1991bbb,154463faff7c2f6835b34835e2c2f81387e32f59b5c4c9e28e3e5baad13cfad9
c1v1-measured-etcd7492-b02-R-ok-a1,c1v1-etcd7492-b02,measured,A,etcd7492,R,2,V_ok,1,133,7,47eed48b05123a97c04db868a3d9f9402368d4fe85493fc6520615d991471e94,2026-09-25T13:26:43.239051Z,2026-09-25T13:26:43.759800Z,0.520721,1.160028,0,False,True,True,0,0,PASS,,mechanical,96e4c5a0045ed90a600be6f767de31880593098b489d9aa38df5f75562222df1,b179a2c8de6f200a567acaaa1763ba60bb15a4ce5cd7d436bbb8f3e150204a41
c1v1-measured-etcd7492-b02-R-ok-a2,c1v1-etcd7492-b02,measured,A,etcd7492,R,2,V_ok,2,134,8,deae135f9eb77c97eaf20abc8bbedbc1346685ba4d99da346637082a57220c75,2026-09-25T13:26:46.421941Z,2026-09-25T13:26:46.888332Z,0.466363,1.110947,0,False,True,True,0,0,PASS,,mechanical,d4646db7c50bf425c1b1251fe727d89e7225e88f0162254214a425f4b1991bbb,903e1978ff29d1d72a54ea2761515dd1ea88bc01986b25e3118b098c796e06ae
c1v1-measured-etcd7492-b02-R-ok-a3,c1v1-etcd7492-b02,measured,A,etcd7492,R,2,V_ok,3,135,9,f92763ed4b72a7898d94e9c6838f07145090743c4ead26a34046fd988f9edafe,2026-09-25T13:26:49.529717Z,2026-09-25T13:26:49.961496Z,0.431752,1.044907,0,False,True,True,0,0,PASS,,mechanical,d4646db7c50bf425c1b1251fe727d89e7225e88f0162254214a425f4b1991bbb,746af1a64b9a019202e7b588651dbb6db185342ce27db2149afe7bc122a2278e
c1v1-measured-etcd7492-b02-R-bad-a1,c1v1-etcd7492-b02,measured,A,etcd7492,R,2,V_bad,1,139,10,428fc8ac28c72ffd2d7e63abe3bea9634a5802a40ab0535de90f9f7527cc22bf,2026-09-25T13:27:01.938514Z,2026-09-25T13:27:48.655254Z,46.716708,47.319378,2,False,True,True,0,0,FOCAL_DEFECT_WITNESS,a,mechanical,13ac39ef4f235a583494ae50acfb95ea823c1ffc5d1b031d9befdd7343381009,fd4423eb00a31a9d83c2d2dd5a2670137383e1814ce6a3d2589a61bad563990e
c1v1-measured-etcd7492-b02-R-bad-a2,c1v1-etcd7492-b02,measured,A,etcd7492,R,2,V_bad,2,140,11,859593b8761d308ef298b541ab573f5e7fa31a0b435705729b7e9c473642ae89,2026-09-25T13:27:51.276067Z,2026-09-25T13:27:51.735874Z,0.459775,1.070664,0,False,True,True,0,0,PASS,,mechanical,d4646db7c50bf425c1b1251fe727d89e7225e88f0162254214a425f4b1991bbb,7de8a7f1a7fa7cafaabe4588e895999fd43297f71b847f49a4c9a65d41f1250e
c1v1-measured-etcd7492-b02-R-bad-a3,c1v1-etcd7492-b02,measured,A,etcd7492,R,2,V_bad,3,141,12,8bf6810f10d202d0019c73350f9038d5902c74b5b7409913328d2d01b91f20a5,2026-09-25T13:27:54.363081Z,2026-09-25T13:27:54.890149Z,0.527036,1.142246,0,False,True,True,0,0,PASS,,mechanical,d4646db7c50bf425c1b1251fe727d89e7225e88f0162254214a425f4b1991bbb,9c41e0d5de46dcb70f210b7428e093148321f8de0c062d55913633d9944a682a
c1v1-measured-etcd7492-b03-R-bad-a1,c1v1-etcd7492-b03,measured,A,etcd7492,R,3,V_bad,1,157,13,16dcd42e17127cae7a0f992c7f6e450dea9b8fc00f535c9bec7c209ce8c92921,2026-09-25T13:32:55.165166Z,2026-09-25T13:33:41.837412Z,46.672217,47.288743,2,False,True,True,0,0,FOCAL_DEFECT_WITNESS,a,mechanical,13ac39ef4f235a583494ae50acfb95ea823c1ffc5d1b031d9befdd7343381009,c41767424165b07aaa97fc338124425c27e11cb934f1a29b915edf504b9bb9e0
c1v1-measured-etcd7492-b03-R-bad-a2,c1v1-etcd7492-b03,measured,A,etcd7492,R,3,V_bad,2,158,14,1ea14b1f265560c898df17707aa78ca5b24bc6299b28ae2ecbf13e4bca9fc7e3,2026-09-25T13:33:44.463743Z,2026-09-25T13:33:44.923711Z,0.459941,1.088772,0,False,True,True,0,0,PASS,,mechanical,96e4c5a0045ed90a600be6f767de31880593098b489d9aa38df5f75562222df1,30a2d0942cd812559f24c0b247d0965ee34e74e313562c7655ac98a11f0be342
c1v1-measured-etcd7492-b03-R-bad-a3,c1v1-etcd7492-b03,measured,A,etcd7492,R,3,V_bad,3,159,15,96242d267b44f7c0732f4c77ce72ca7c5f966bc703d552eed8c341b4b410b855,2026-09-25T13:33:47.564513Z,2026-09-25T13:33:48.027032Z,0.462488,1.071965,0,False,True,True,0,0,PASS,,mechanical,d4646db7c50bf425c1b1251fe727d89e7225e88f0162254214a425f4b1991bbb,f7f63a9daf1a354ac89f0372b024e0bad186cedb204d7293578908376c105b63
c1v1-measured-etcd7492-b03-R-ok-a1,c1v1-etcd7492-b03,measured,A,etcd7492,R,3,V_ok,1,166,16,a35597d311fdb02dfdaaff2b8cde7936794ef1dcf7d62593cc5cd3b6ca9d9bcb,2026-09-25T13:34:55.405629Z,2026-09-25T13:34:55.890752Z,0.48509,1.106895,0,False,True,True,0,0,PASS,,mechanical,d4646db7c50bf425c1b1251fe727d89e7225e88f0162254214a425f4b1991bbb,1ed30dc9447a917f0bf301802dfb52a40da8bb64989773fc39f3309b19608a4d
c1v1-measured-etcd7492-b03-R-ok-a2,c1v1-etcd7492-b03,measured,A,etcd7492,R,3,V_ok,2,167,17,633aa5cae5be3594a538324dd47924d0371d1f23c1914061720d40c973488518,2026-09-25T13:34:58.536970Z,2026-09-25T13:34:58.981569Z,0.444571,1.067835,0,False,True,True,0,0,PASS,,mechanical,d4646db7c50bf425c1b1251fe727d89e7225e88f0162254214a425f4b1991bbb,8fb699c3b8c470e69318c0365948dab89c69894516adb4d33f69aaba8fe29e62
c1v1-measured-etcd7492-b03-R-ok-a3,c1v1-etcd7492-b03,measured,A,etcd7492,R,3,V_ok,3,168,18,d8abeb00adf7e99bb9def63fb14f59c2df20c6e1941665caf0d055abbf9c7b65,2026-09-25T13:35:01.602825Z,2026-09-25T13:35:02.089548Z,0.486693,1.089071,0,False,True,True,0,0,PASS,,mechanical,d4646db7c50bf425c1b1251fe727d89e7225e88f0162254214a425f4b1991bbb,21c60e4c78c467f710f812af9ecbc1751af9f84d068d7b7fd3063d96bf59139e
c1v1-measured-etcd7492-b04-R-bad-a1,c1v1-etcd7492-b04,measured,A,etcd7492,R,4,V_bad,1,229,19,0901e339d6dd3414901ca655b4890257566f3ec89979d96fd4a73e242a1cff66,2026-09-25T13:42:25.113928Z,2026-09-25T13:43:11.862701Z,46.748743,47.374863,2,False,True,True,0,0,FOCAL_DEFECT_WITNESS,a,mechanical,13ac39ef4f235a583494ae50acfb95ea823c1ffc5d1b031d9befdd7343381009,179b1e4366b0f3fc8d2077b195ce2dfbf869a484a9b2d4d582c0b6aa4754514f
c1v1-measured-etcd7492-b04-R-bad-a2,c1v1-etcd7492-b04,measured,A,etcd7492,R,4,V_bad,2,230,20,0924d14b7a9ff0cf6aa9a57c593c0b4d8708487bdb01d2807578a773efa759e3,2026-09-25T13:43:14.501601Z,2026-09-25T13:44:01.220651Z,46.719021,47.324359,2,False,True,True,0,0,FOCAL_DEFECT_WITNESS,a,mechanical,13ac39ef4f235a583494ae50acfb95ea823c1ffc5d1b031d9befdd7343381009,79e5d1b9edd42881b58ba9d10cca24dbe3044e9792ff0912fb0963f83ecb78c5
c1v1-measured-etcd7492-b04-R-bad-a3,c1v1-etcd7492-b04,measured,A,etcd7492,R,4,V_bad,3,231,21,04b901f5f583f78b57471b78500f4ce6c5d501733feada0e9e9e4f43cf362b0e,2026-09-25T13:44:03.840956Z,2026-09-25T13:44:04.298621Z,0.457639,1.059157,0,False,True,True,0,0,PASS,,mechanical,d4646db7c50bf425c1b1251fe727d89e7225e88f0162254214a425f4b1991bbb,97d37ece250c9f42acc08af43adf68fb6b0809a179464edbce1d9630ecd04e2f
c1v1-measured-etcd7492-b04-R-ok-a1,c1v1-etcd7492-b04,measured,A,etcd7492,R,4,V_ok,1,238,22,bab69b58b3d4b57d41b8a2a4f5293fd86a034aac6ed121a485aac89a9fe5d166,2026-09-25T13:44:25.622909Z,2026-09-25T13:44:26.087578Z,0.464642,1.088084,0,False,True,True,0,0,PASS,,mechanical,d4646db7c50bf425c1b1251fe727d89e7225e88f0162254214a425f4b1991bbb,e26831bb1f06476394b00324787eaaf69a1eeacb7f4145854d3bea26426a4d89
c1v1-measured-etcd7492-b04-R-ok-a2,c1v1-etcd7492-b04,measured,A,etcd7492,R,4,V_ok,2,239,23,632a5d62fa66c121c2adfa4391d87cfde418c64324fd58a7dd8dc145cd3011c7,2026-09-25T13:44:28.723027Z,2026-09-25T13:44:29.211036Z,0.487979,1.095102,0,False,True,True,0,0,PASS,,mechanical,d4646db7c50bf425c1b1251fe727d89e7225e88f0162254214a425f4b1991bbb,dea1bbeea0e4c6929e1d555d05d418a15639edafd29a151f97ef3753ca08b668
c1v1-measured-etcd7492-b04-R-ok-a3,c1v1-etcd7492-b04,measured,A,etcd7492,R,4,V_ok,3,240,24,aaf3ab767dea3fe33da6d6a18ec2af15d40094cfb8b71416975df8e24976e39a,2026-09-25T13:44:31.833394Z,2026-09-25T13:44:32.295260Z,0.461834,1.008372,0,False,True,True,0,0,PASS,,mechanical,d4646db7c50bf425c1b1251fe727d89e7225e88f0162254214a425f4b1991bbb,31e43ff3fc051dab50e4659d3214f4326d074efaec7452f6f08e8aa07c0d0d68
c1v1-measured-etcd7492-b05-R-ok-a1,c1v1-etcd7492-b05,measured,A,etcd7492,R,5,V_ok,1,304,25,b886e732e96b80587d11519994de63abcfdbc2887e355d8a680e382c2dce2418,2026-09-25T13:53:07.738859Z,2026-09-25T13:53:08.260748Z,0.521856,1.127662,0,False,True,True,0,0,PASS,,mechanical,d4646db7c50bf425c1b1251fe727d89e7225e88f0162254214a425f4b1991bbb,9b9ab21bdc39d090230310646dc89781bb0338adc3eb3e7957b9b41456945efc
c1v1-measured-etcd7492-b05-R-ok-a2,c1v1-etcd7492-b05,measured,A,etcd7492,R,5,V_ok,2,305,26,b5df11ecddcff58f640af500d7eeb05f7baefb0ae792fcbe643701b76f0f241f,2026-09-25T13:53:10.884531Z,2026-09-25T13:53:11.344103Z,0.459542,1.061614,0,False,True,True,0,0,PASS,,mechanical,d4646db7c50bf425c1b1251fe727d89e7225e88f0162254214a425f4b1991bbb,a91d72235dda2f7ebbf9648319a9147e739745a5a52afb760cf1ca33f58a3066
c1v1-measured-etcd7492-b05-R-ok-a3,c1v1-etcd7492-b05,measured,A,etcd7492,R,5,V_ok,3,306,27,6dd99aafc1df948ba8ce6aa9df7b0049953e1e164f4d59a3326a1b1ad991ce03,2026-09-25T13:53:13.962234Z,2026-09-25T13:53:14.426226Z,0.463963,1.082079,0,False,True,True,0,0,PASS,,mechanical,d4646db7c50bf425c1b1251fe727d89e7225e88f0162254214a425f4b1991bbb,15ba6e34fae15bfd72e903ca070827a390a30f76ae3c2108cac26a7ea9a3d73e
c1v1-measured-etcd7492-b05-R-bad-a1,c1v1-etcd7492-b05,measured,A,etcd7492,R,5,V_bad,1,310,28,accbc0657963397ee82cca1431bf62fd9d0adbdccf9857a9c0316c13a395489a,2026-09-25T13:53:26.377585Z,2026-09-25T13:53:26.853777Z,0.476159,1.093057,0,False,True,True,0,0,PASS,,mechanical,d4646db7c50bf425c1b1251fe727d89e7225e88f0162254214a425f4b1991bbb,a8445f083ff8748bdcec94e37e0beacc49dcff84d65693132b694164565ccdb7
c1v1-measured-etcd7492-b05-R-bad-a2,c1v1-etcd7492-b05,measured,A,etcd7492,R,5,V_bad,2,311,29,1176c68a68a84a53b0ffc7f1c1770e8e06b5c0840116136204766b9e47843877,2026-09-25T13:53:29.487361Z,2026-09-25T13:53:29.933771Z,0.446379,1.053235,0,False,True,True,0,0,PASS,,mechanical,d4646db7c50bf425c1b1251fe727d89e7225e88f0162254214a425f4b1991bbb,29e10360404b56cca8cd7bebd3b86a59c001d3ab1b704dfd9b23cf50b04f6850
c1v1-measured-etcd7492-b05-R-bad-a3,c1v1-etcd7492-b05,measured,A,etcd7492,R,5,V_bad,3,312,30,bcd0f2ac5921e607f1810b5e1e07e4a00249ec790731464a436db6f752fcc656,2026-09-25T13:53:32.561382Z,2026-09-25T13:54:19.337699Z,46.776286,47.393126,2,False,True,True,0,0,FOCAL_DEFECT_WITNESS,a,mechanical,13ac39ef4f235a583494ae50acfb95ea823c1ffc5d1b031d9befdd7343381009,32d6f780ab6d2cffce57435ac2279b050f466d43261394a5afb5949088e8252c
c1v1-measured-etcd7492-b06-R-ok-a1,c1v1-etcd7492-b06,measured,B,etcd7492,R,6,V_ok,1,397,31,23ed94b44f76a7ae577fc4ad6b5068041da608979ebcea4be2a65a5f980a5db3,2026-09-25T14:13:57.359509Z,2026-09-25T14:13:57.859678Z,0.500141,1.112428,0,False,True,True,0,0,PASS,,mechanical,d4646db7c50bf425c1b1251fe727d89e7225e88f0162254214a425f4b1991bbb,eb0c74798d72fe5e7ff65e4e7f2ec5b20c62fef48ab82d13ffc9a7f9e91d36f4
c1v1-measured-etcd7492-b06-R-ok-a2,c1v1-etcd7492-b06,measured,B,etcd7492,R,6,V_ok,2,398,32,7d71dcc32ae0c5bbab0d96ebf3e7f42a5f09180e1036525b0289477f5e556f11,2026-09-25T14:14:00.487345Z,2026-09-25T14:14:00.978536Z,0.491163,1.106193,0,False,True,True,0,0,PASS,,mechanical,d4646db7c50bf425c1b1251fe727d89e7225e88f0162254214a425f4b1991bbb,57b7e9b6439b74935944a11e5ac07be713669ffa32fce470c9b782d57f39d12e
c1v1-measured-etcd7492-b06-R-ok-a3,c1v1-etcd7492-b06,measured,B,etcd7492,R,6,V_ok,3,399,33,e99b2627eb15e0149c3411e33e25e1ba548f84445cc93bc6c4940e085306aaac,2026-09-25T14:14:03.612727Z,2026-09-25T14:14:04.084995Z,0.472241,1.085823,0,False,True,True,0,0,PASS,,mechanical,d4646db7c50bf425c1b1251fe727d89e7225e88f0162254214a425f4b1991bbb,f20a10066f2227215dd0ed96db3ca73a8f4ec37d613e55edb59c391e19e69f82
c1v1-measured-etcd7492-b06-R-bad-a1,c1v1-etcd7492-b06,measured,B,etcd7492,R,6,V_bad,1,403,34,ec009a8d044056415fcf39395ab9568d3ac71b7af8a3ea171d917ec27130fe9e,2026-09-25T14:14:16.090465Z,2026-09-25T14:14:16.548902Z,0.45841,1.068119,0,False,True,True,0,0,PASS,,mechanical,d4646db7c50bf425c1b1251fe727d89e7225e88f0162254214a425f4b1991bbb,8ac41f7370e13234325d9185dccb85c9ef6205ce522bd3f63ccadfcc3a76bfd1
c1v1-measured-etcd7492-b06-R-bad-a2,c1v1-etcd7492-b06,measured,B,etcd7492,R,6,V_bad,2,404,35,14c781f54470c25219651b8bcbda094d8aa634a050648a1ff80f0b90bee7711d,2026-09-25T14:14:19.173440Z,2026-09-25T14:14:19.683304Z,0.509838,1.125087,0,False,True,True,0,0,PASS,,mechanical,d4646db7c50bf425c1b1251fe727d89e7225e88f0162254214a425f4b1991bbb,4282b2a1ad7df0fafd6831e956e0aba5ab5379b73408948c7bcce0926bafe0a5
c1v1-measured-etcd7492-b06-R-bad-a3,c1v1-etcd7492-b06,measured,B,etcd7492,R,6,V_bad,3,405,36,677db214f6a4695fdddcd85e4066bb99b190174f03c5477c8faf72aa8e1897aa,2026-09-25T14:14:22.323712Z,2026-09-25T14:14:22.762324Z,0.438586,1.070228,0,False,True,True,0,0,PASS,,mechanical,d4646db7c50bf425c1b1251fe727d89e7225e88f0162254214a425f4b1991bbb,f3c03396d018b7416fbad5adff490d47364bfb2b090a55673d18e9aefda06fbc
c1v1-measured-etcd7492-b07-R-bad-a1,c1v1-etcd7492-b07,measured,B,etcd7492,R,7,V_bad,1,436,37,56e5ebe649ffd1520c2c3167258ba2923f238b287765abc8431271d347fa65a2,2026-09-25T14:19:41.948944Z,2026-09-25T14:19:42.433270Z,0.4843,1.141276,0,False,True,True,0,0,PASS,,mechanical,d4646db7c50bf425c1b1251fe727d89e7225e88f0162254214a425f4b1991bbb,a5892ed08e37f089e55b581a738de4088d4a7f753ba87ce334df3031270a8ecc
c1v1-measured-etcd7492-b07-R-bad-a2,c1v1-etcd7492-b07,measured,B,etcd7492,R,7,V_bad,2,437,38,e4327be9bb706c56c319a48d580ad5e4e0a92ea2ec3e9494f478b3c02f0bca2c,2026-09-25T14:19:45.092526Z,2026-09-25T14:19:45.593074Z,0.500517,1.099609,0,False,True,True,0,0,PASS,,mechanical,d4646db7c50bf425c1b1251fe727d89e7225e88f0162254214a425f4b1991bbb,90a38a730b835a56fbe8ece72b19899d64257c5b526cc2b1c21fb73e23900434
c1v1-measured-etcd7492-b07-R-bad-a3,c1v1-etcd7492-b07,measured,B,etcd7492,R,7,V_bad,3,438,39,97657b0e65bc01393cc2bdc41dc1afd5d7221e4c6fe210c241d036433332568d,2026-09-25T14:19:48.233592Z,2026-09-25T14:19:48.708361Z,0.47474,1.120438,0,False,True,True,0,0,PASS,,mechanical,d4646db7c50bf425c1b1251fe727d89e7225e88f0162254214a425f4b1991bbb,5d67f6d8276dae02126c0e22c15199fc94b2a303aa730d1411b1acf5ce45a432
c1v1-measured-etcd7492-b07-R-ok-a1,c1v1-etcd7492-b07,measured,B,etcd7492,R,7,V_ok,1,442,40,84dd5704019f20521d06be1f20a1a37b927d2ccb1c64a7acdcc8d735be28084b,2026-09-25T14:20:00.833390Z,2026-09-25T14:20:01.315602Z,0.482186,1.101183,0,False,True,True,0,0,PASS,,mechanical,d4646db7c50bf425c1b1251fe727d89e7225e88f0162254214a425f4b1991bbb,1b0712a3f64e98f9e08ad24d1e8e2f98d7a219c58cb2985f24700226aae5fd67
c1v1-measured-etcd7492-b07-R-ok-a2,c1v1-etcd7492-b07,measured,B,etcd7492,R,7,V_ok,2,443,41,ccaf59f26ba46f9ff7e6faba825dbe0d4724e5357ffda63d8da90cdd98e8880c,2026-09-25T14:20:03.946686Z,2026-09-25T14:20:04.439711Z,0.492991,1.103986,0,False,True,True,0,0,PASS,,mechanical,d4646db7c50bf425c1b1251fe727d89e7225e88f0162254214a425f4b1991bbb,e3669ffc7fa2658e370c75857c5d990fdcf41dc426dc11f8012ab51d4d7aaa2e
c1v1-measured-etcd7492-b07-R-ok-a3,c1v1-etcd7492-b07,measured,B,etcd7492,R,7,V_ok,3,444,42,28b1cb8ab3b0c72839cb4cd85fd4fb28afd0a5483bda4296dda3372233606a28,2026-09-25T14:20:07.096182Z,2026-09-25T14:20:07.561297Z,0.465083,1.105734,0,False,True,True,0,0,PASS,,mechanical,d4646db7c50bf425c1b1251fe727d89e7225e88f0162254214a425f4b1991bbb,8882b2c8c70535f7896fd636eda429c1d7cfc484277bc4505e55126752f6cd36
c1v1-measured-etcd7492-b08-R-ok-a1,c1v1-etcd7492-b08,measured,B,etcd7492,R,8,V_ok,1,532,43,d1dd9e89e57b3f34e424d90f439e4eb9220892ef1e7b3f576970f26a647b70a7,2026-09-25T14:32:57.530259Z,2026-09-25T14:32:58.031754Z,0.501469,1.117525,0,False,True,True,0,0,PASS,,mechanical,d4646db7c50bf425c1b1251fe727d89e7225e88f0162254214a425f4b1991bbb,a7a74db88d895f5a0e7d69ed9130a295e89581e69206210ef87653078d44c002
c1v1-measured-etcd7492-b08-R-ok-a2,c1v1-etcd7492-b08,measured,B,etcd7492,R,8,V_ok,2,533,44,cf30b9fdfaffd7587d1f5369b1116250bac9867792ccce2fcd66f703f6dcc77c,2026-09-25T14:33:00.659356Z,2026-09-25T14:33:01.139958Z,0.480573,1.087445,0,False,True,True,0,0,PASS,,mechanical,d4646db7c50bf425c1b1251fe727d89e7225e88f0162254214a425f4b1991bbb,c55d19453ea3e3134cc231b8fda223c249074fa0d7b92e625e391b84ca330aaf
c1v1-measured-etcd7492-b08-R-ok-a3,c1v1-etcd7492-b08,measured,B,etcd7492,R,8,V_ok,3,534,45,efe8e2c36a36b221a7dc4213a69741d1faeec3d18f5f0ca246db4a60b6da2739,2026-09-25T14:33:03.770678Z,2026-09-25T14:33:04.243113Z,0.472406,1.080667,0,False,True,True,0,0,PASS,,mechanical,d4646db7c50bf425c1b1251fe727d89e7225e88f0162254214a425f4b1991bbb,1a382e769dba7dfb8884038dfcc804f2c0a78f8981766fe1356cd68c405e5548
c1v1-measured-etcd7492-b08-R-bad-a1,c1v1-etcd7492-b08,measured,B,etcd7492,R,8,V_bad,1,538,46,3a0762982216bcf48df67539c3dd35bf8c97a0fd9df331cfc4d87bed41f39ada,2026-09-25T14:33:16.237363Z,2026-09-25T14:33:16.728549Z,0.491147,1.035527,0,False,True,True,0,0,PASS,,mechanical,d4646db7c50bf425c1b1251fe727d89e7225e88f0162254214a425f4b1991bbb,2adcd9d7845245717283186840b8b82e6ccbe76fb187f1e9fedcc3e4906c3ddc
c1v1-measured-etcd7492-b08-R-bad-a2,c1v1-etcd7492-b08,measured,B,etcd7492,R,8,V_bad,2,539,47,d98e3d501672033524183761fa00ff209bd4b37baa3da251968098c0f89f09e6,2026-09-25T14:33:19.299106Z,2026-09-25T14:33:19.802663Z,0.503531,1.121577,0,False,True,True,0,0,PASS,,mechanical,d4646db7c50bf425c1b1251fe727d89e7225e88f0162254214a425f4b1991bbb,fda0383b17a3ac60173fb066e26b9143bfa175e5cdb2fa0ff8b36e39dea6cbae
c1v1-measured-etcd7492-b08-R-bad-a3,c1v1-etcd7492-b08,measured,B,etcd7492,R,8,V_bad,3,540,48,2a3e03a501246754b407271825023aa32f885f47831458bdda0253dc31ee5453,2026-09-25T14:33:22.432898Z,2026-09-25T14:33:22.935672Z,0.502745,1.110535,0,False,True,True,0,0,PASS,,mechanical,d4646db7c50bf425c1b1251fe727d89e7225e88f0162254214a425f4b1991bbb,37e8c51342900c6e716925a9c0b0dec485e3a7424ad10cbab7a19465513b0502
c1v1-measured-etcd7492-b09-R-bad-a1,c1v1-etcd7492-b09,measured,B,etcd7492,R,9,V_bad,1,637,49,044c3030353621408f479a1e55b4de5e4cb9626740d6b9b98d0be08dfb425fb2,2026-09-25T14:49:23.559695Z,2026-09-25T14:49:24.127991Z,0.568269,1.195382,0,False,True,True,0,0,PASS,,mechanical,d4646db7c50bf425c1b1251fe727d89e7225e88f0162254214a425f4b1991bbb,91b8f38d57ad85f15bf92fee7b46fc1e95b7587b252e3260b2f1f02bb27ef87b
c1v1-measured-etcd7492-b09-R-bad-a2,c1v1-etcd7492-b09,measured,B,etcd7492,R,9,V_bad,2,638,50,51fe0403f8740702e8d78b21cb1e6a9f565a2ea86263802abceb81731c32b089,2026-09-25T14:49:26.773315Z,2026-09-25T14:49:27.319308Z,0.545965,1.16772,0,False,True,True,0,0,PASS,,mechanical,d4646db7c50bf425c1b1251fe727d89e7225e88f0162254214a425f4b1991bbb,9f4d99d86ba18906f35461d70491dbcb2363ed1cd7939855d69634109182242a
c1v1-measured-etcd7492-b09-R-bad-a3,c1v1-etcd7492-b09,measured,B,etcd7492,R,9,V_bad,3,639,51,ea8861dd622c5d12a258fbafcca2a377dfe727da7b8598c3a19bb93bfc7cf300,2026-09-25T14:49:29.963845Z,2026-09-25T14:49:30.455102Z,0.491227,1.111858,0,False,True,True,0,0,PASS,,mechanical,d4646db7c50bf425c1b1251fe727d89e7225e88f0162254214a425f4b1991bbb,d49bc4a797e2c6db1570f6b1d77c36bff7b1ef30e7bb647ce4586601b874d8fe
c1v1-measured-etcd7492-b09-R-ok-a1,c1v1-etcd7492-b09,measured,B,etcd7492,R,9,V_ok,1,646,52,2003a691ae4055bf3fdcf0fce0deab45dd782814c312a631a71af55058364eb2,2026-09-25T14:49:51.918588Z,2026-09-25T14:49:52.424189Z,0.505572,1.136553,0,False,True,True,0,0,PASS,,mechanical,d4646db7c50bf425c1b1251fe727d89e7225e88f0162254214a425f4b1991bbb,2de62898289ae00f98893380ee16131ed8a2221827f8d0de9c5e3af5c8e8e879
c1v1-measured-etcd7492-b09-R-ok-a2,c1v1-etcd7492-b09,measured,B,etcd7492,R,9,V_ok,2,647,53,6472848fa9a595e494a2a80bc3e9e2340431f96fb4310c62ffd44072907aa72e,2026-09-25T14:49:55.059556Z,2026-09-25T14:49:55.550124Z,0.49054,1.112956,0,False,True,True,0,0,PASS,,mechanical,d4646db7c50bf425c1b1251fe727d89e7225e88f0162254214a425f4b1991bbb,0fb7444b4623a9f98959e77c264b6edcd59952929f23a1ac768b29c23b33753f
c1v1-measured-etcd7492-b09-R-ok-a3,c1v1-etcd7492-b09,measured,B,etcd7492,R,9,V_ok,3,648,54,440a6d037d3188f5213d62775be8e7f72008d53c241395945813726f4145ebcb,2026-09-25T14:49:58.193517Z,2026-09-25T14:49:58.713538Z,0.51999,1.137612,0,False,True,True,0,0,PASS,,mechanical,d4646db7c50bf425c1b1251fe727d89e7225e88f0162254214a425f4b1991bbb,6a37372692d5226d6f0ad2a48490e892d44a8c6f053546f4c9a9fc3af55c0d0a
c1v1-measured-etcd7492-b10-R-bad-a1,c1v1-etcd7492-b10,measured,B,etcd7492,R,10,V_bad,1,709,55,b5ce03cc8d89bcd7e099b373e45201df1a0bd35067c70d8dbf8e78fea4cfaf75,2026-09-25T14:59:44.214850Z,2026-09-25T14:59:44.754069Z,0.539188,1.180412,0,False,True,True,0,0,PASS,,mechanical,d4646db7c50bf425c1b1251fe727d89e7225e88f0162254214a425f4b1991bbb,f5ac7972f74a1a36e5c82321d632dad49fba4af81ea6264aca5bd4cae4407c9b
c1v1-measured-etcd7492-b10-R-bad-a2,c1v1-etcd7492-b10,measured,B,etcd7492,R,10,V_bad,2,710,56,b381e408d45198275a640352044a67a7ca20db471827720420d1c9ad7830868a,2026-09-25T14:59:47.411338Z,2026-09-25T14:59:47.930692Z,0.519319,1.144569,0,False,True,True,0,0,PASS,,mechanical,d4646db7c50bf425c1b1251fe727d89e7225e88f0162254214a425f4b1991bbb,8dc63e5906454c105a3a0811833d4ade3bcb066d6ba2b5c8beb1e07c9c1ed354
c1v1-measured-etcd7492-b10-R-bad-a3,c1v1-etcd7492-b10,measured,B,etcd7492,R,10,V_bad,3,711,57,2c386391ce74d0bf12fc99a5baf214d45ce1691a96975e483f4e89f928d03427,2026-09-25T14:59:50.577168Z,2026-09-25T14:59:51.102693Z,0.525498,1.146455,0,False,True,True,0,0,PASS,,mechanical,d4646db7c50bf425c1b1251fe727d89e7225e88f0162254214a425f4b1991bbb,c8757a10c0c89150c010cc3f0c7d6407ea7bc59f18762045d22b9af349c1704f
c1v1-measured-etcd7492-b10-R-ok-a1,c1v1-etcd7492-b10,measured,B,etcd7492,R,10,V_ok,1,712,58,eec2823add887e658db2f192bff9e05bd26269973fb122cda831a4bc8f862341,2026-09-25T14:59:53.764455Z,2026-09-25T14:59:54.351604Z,0.587122,1.224689,0,False,True,True,0,0,PASS,,mechanical,d4646db7c50bf425c1b1251fe727d89e7225e88f0162254214a425f4b1991bbb,dcdb30c0000d474ec3b021e98c0ed7d245b0c4198d5d95afcb15425895de5c2f
c1v1-measured-etcd7492-b10-R-ok-a2,c1v1-etcd7492-b10,measured,B,etcd7492,R,10,V_ok,2,713,59,39b7f6d029f6aac96dcca15715625b955cb50d89374e9d6d5aca463a74753487,2026-09-25T14:59:56.989493Z,2026-09-25T14:59:57.476918Z,0.487398,1.103713,0,False,True,True,0,0,PASS,,mechanical,d4646db7c50bf425c1b1251fe727d89e7225e88f0162254214a425f4b1991bbb,5dd156c14d279eb0305b46045e3657dd31943ef852bab2b7236749060d854677
c1v1-measured-etcd7492-b10-R-ok-a3,c1v1-etcd7492-b10,measured,B,etcd7492,R,10,V_ok,3,714,60,2d3ec78bba23823fbc020a43089cad98f19e30e3238b0830f8c53edef7990fe3,2026-09-25T15:00:00.109376Z,2026-09-25T15:00:00.603546Z,0.494139,1.109959,0,False,True,True,0,0,PASS,,mechanical,d4646db7c50bf425c1b1251fe727d89e7225e88f0162254214a425f4b1991bbb,b905402c10cb050472d9ef0a24330dc63031c9163ec117df47ce805887ad6e74
c1v1-measured-grpc1859-b01-L-ok-a1,c1v1-grpc1859-b01,measured,A,grpc1859,L,1,V_ok,1,28,1,4ffb0ea2abd5588f52b0c5ac577213632283cd4055d249ee6cd229880225e8b2,2026-09-25T13:12:08.222113Z,2026-09-25T13:12:08.939270Z,0.71713,1.281708,0,False,True,True,200000,100000,PASS,,mechanical,a08b4220392696efb002bf3dd286c0ca6d0a2e3463adcd037f85e902a72af0df,e3b0c44298fc1c149afbf4c8996fb92427ae41e4649b934ca495991b7852b855
c1v1-measured-grpc1859-b01-L-ok-a2,c1v1-grpc1859-b01,measured,A,grpc1859,L,1,V_ok,2,29,2,7b361ccbd4bd26fd8ce1496538a52c5cbe969a4af654b74ce2cf4dc6e63f4cb7,2026-09-25T13:12:11.495008Z,2026-09-25T13:12:12.095574Z,0.600533,1.205233,0,False,True,True,200000,100000,PASS,,mechanical,8b0acc0098d8ec34bb5a1e63d35b29e5754ee939c252e87a6e7122400c061d93,e3b0c44298fc1c149afbf4c8996fb92427ae41e4649b934ca495991b7852b855
c1v1-measured-grpc1859-b01-L-ok-a3,c1v1-grpc1859-b01,measured,A,grpc1859,L,1,V_ok,3,30,3,637d4ebf8a8e5b0ab44e06f9336bc48ce01e756a4e5c41ad1c18fd7fdce5fdb8,2026-09-25T13:12:14.728685Z,2026-09-25T13:12:15.342903Z,0.614189,1.2184,0,False,True,True,200000,100000,PASS,,mechanical,a08b4220392696efb002bf3dd286c0ca6d0a2e3463adcd037f85e902a72af0df,e3b0c44298fc1c149afbf4c8996fb92427ae41e4649b934ca495991b7852b855
c1v1-measured-grpc1859-b01-L-bad-a1,c1v1-grpc1859-b01,measured,A,grpc1859,L,1,V_bad,1,31,4,d4fe897c22731b7ef2c933a972bd7cdbb857660f7089cbac8a8e6e3f594c506d,2026-09-25T13:12:17.960027Z,2026-09-25T13:12:18.621017Z,0.660962,1.285318,0,False,True,True,200000,100000,PASS,,mechanical,7815181e00d6bee828f4592e74fa4e0d53f1b34190b79ab00b4bc2eeb600942b,e3b0c44298fc1c149afbf4c8996fb92427ae41e4649b934ca495991b7852b855
c1v1-measured-grpc1859-b01-L-bad-a2,c1v1-grpc1859-b01,measured,A,grpc1859,L,1,V_bad,2,32,5,334821ccc545a390d1505626245eb92d02eb166e790140b58162ea8ffa48a734,2026-09-25T13:12:21.256399Z,2026-09-25T13:12:21.882327Z,0.625902,1.239574,0,False,True,True,200000,100000,PASS,,mechanical,69db96b6bb8433323a3dfee1b49c9054cc01fc5cd17bfff13aac9b8250fd46fd,e3b0c44298fc1c149afbf4c8996fb92427ae41e4649b934ca495991b7852b855
c1v1-measured-grpc1859-b01-L-bad-a3,c1v1-grpc1859-b01,measured,A,grpc1859,L,1,V_bad,3,33,6,d69a3837d3177f9acb420934c8a5b05c606ce243fbbde9ebfa2860585feffeb8,2026-09-25T13:12:24.518397Z,2026-09-25T13:12:25.243141Z,0.72471,1.357212,0,False,True,True,200000,100000,PASS,,mechanical,7815181e00d6bee828f4592e74fa4e0d53f1b34190b79ab00b4bc2eeb600942b,e3b0c44298fc1c149afbf4c8996fb92427ae41e4649b934ca495991b7852b855
c1v1-measured-grpc1859-b02-L-bad-a1,c1v1-grpc1859-b02,measured,A,grpc1859,L,2,V_bad,1,109,7,7229495d64e98e3f269122984e107eae6f58240bd45b0ac0b81def25aea7cc7e,2026-09-25T13:23:36.807383Z,2026-09-25T13:23:37.452172Z,0.64476,1.272657,0,False,True,True,200000,100000,PASS,,mechanical,bcf93b48d0ece8e5aa843e769b13beafbe4920242166f995e95abd1229a54a05,e3b0c44298fc1c149afbf4c8996fb92427ae41e4649b934ca495991b7852b855
c1v1-measured-grpc1859-b02-L-bad-a2,c1v1-grpc1859-b02,measured,A,grpc1859,L,2,V_bad,2,110,8,c3ee363b0d3fbb41731bc0c7e042625e1190004fa6c748772a8a0de299bc5afe,2026-09-25T13:23:40.093001Z,2026-09-25T13:23:49.875781Z,9.78275,10.399169,1,False,True,True,200000,100000,FOCAL_DEFECT_WITNESS,a,mechanical,1cf2ed961c81d38e80dd4533af1330f6ddf61b9c4696482aaecfed3a4ff26795,e3b0c44298fc1c149afbf4c8996fb92427ae41e4649b934ca495991b7852b855
c1v1-measured-grpc1859-b02-L-bad-a3,c1v1-grpc1859-b02,measured,A,grpc1859,L,2,V_bad,3,111,9,1e452de2c21a1ebf70d8edd2a37c4d186126d57d71ac6a805714f7c9447885f4,2026-09-25T13:23:52.507388Z,2026-09-25T13:23:53.073111Z,0.565696,1.184739,0,False,True,True,200000,100000,PASS,,mechanical,955639236c6e8de7cc6dd188737955adc8adf9ab1c7c56299acdafd8ca5f68c0,e3b0c44298fc1c149afbf4c8996fb92427ae41e4649b934ca495991b7852b855
c1v1-measured-grpc1859-b02-L-ok-a1,c1v1-grpc1859-b02,measured,A,grpc1859,L,2,V_ok,1,115,10,0f646c51585ca2289c944bc16a1c10b068e34e347cc414f6b244d726d31be453,2026-09-25T13:24:05.311333Z,2026-09-25T13:24:05.961072Z,0.649704,1.272412,0,False,True,True,200000,100000,PASS,,mechanical,9e4cb0267e8af1ded340f2498aeb1ebcc5d55b39e7adcaa166e23a6cc7273530,e3b0c44298fc1c149afbf4c8996fb92427ae41e4649b934ca495991b7852b855
c1v1-measured-grpc1859-b02-L-ok-a2,c1v1-grpc1859-b02,measured,A,grpc1859,L,2,V_ok,2,116,11,b0d3cf071bd11db0351f5500926d30c1475e1ddeaf873f64e7ce2d8323317cc4,2026-09-25T13:24:08.595880Z,2026-09-25T13:24:09.195467Z,0.599557,1.21492,0,False,True,True,200000,100000,PASS,,mechanical,fbc9b04949ca0518a2b3acde339cdb34b29c94caccdc844619d500044e1449eb,e3b0c44298fc1c149afbf4c8996fb92427ae41e4649b934ca495991b7852b855
c1v1-measured-grpc1859-b02-L-ok-a3,c1v1-grpc1859-b02,measured,A,grpc1859,L,2,V_ok,3,117,12,643f59dd9e4bb3f791f95783ee50c363f377a7c56a4b1d81a6b911e5d2b7b1a9,2026-09-25T13:24:11.826180Z,2026-09-25T13:24:12.409950Z,0.583733,1.206296,0,False,True,True,200000,100000,PASS,,mechanical,a08b4220392696efb002bf3dd286c0ca6d0a2e3463adcd037f85e902a72af0df,e3b0c44298fc1c149afbf4c8996fb92427ae41e4649b934ca495991b7852b855
c1v1-measured-grpc1859-b03-L-ok-a1,c1v1-grpc1859-b03,measured,A,grpc1859,L,3,V_ok,1,175,13,8228a2211768dfd0d62372b61ff9913cae33e58400166bdc6ff00e8ffc6a8a0b,2026-09-25T13:35:23.913115Z,2026-09-25T13:35:24.489639Z,0.576494,1.190608,0,False,True,True,200000,100000,PASS,,mechanical,fbc9b04949ca0518a2b3acde339cdb34b29c94caccdc844619d500044e1449eb,e3b0c44298fc1c149afbf4c8996fb92427ae41e4649b934ca495991b7852b855
c1v1-measured-grpc1859-b03-L-ok-a2,c1v1-grpc1859-b03,measured,A,grpc1859,L,3,V_ok,2,176,14,5e92a359c0f8c5f03f8eeefe9151293f0f9dc13004e1b76903aee2f7b60944e2,2026-09-25T13:35:27.128303Z,2026-09-25T13:35:27.772733Z,0.6444,1.27053,0,False,True,True,200000,100000,PASS,,mechanical,9e4cb0267e8af1ded340f2498aeb1ebcc5d55b39e7adcaa166e23a6cc7273530,e3b0c44298fc1c149afbf4c8996fb92427ae41e4649b934ca495991b7852b855
c1v1-measured-grpc1859-b03-L-ok-a3,c1v1-grpc1859-b03,measured,A,grpc1859,L,3,V_ok,3,177,15,a9fae4e938ac361ecceffc31446c24c1ec8b3ff6a024225c7933e8464f1b9455,2026-09-25T13:35:30.412587Z,2026-09-25T13:35:31.084571Z,0.671956,1.308114,0,False,True,True,200000,100000,PASS,,mechanical,5ed6d9963e11bcb7b095047afc0ce5f66a452cf207c49bddad5389b034f24338,e3b0c44298fc1c149afbf4c8996fb92427ae41e4649b934ca495991b7852b855
c1v1-measured-grpc1859-b03-L-bad-a1,c1v1-grpc1859-b03,measured,A,grpc1859,L,3,V_bad,1,178,16,130ff5ee4d09cc9363cdcaec4ea55078e5e0cee39b243cd26c4be386d5d5b511,2026-09-25T13:35:33.740741Z,2026-09-25T13:35:34.384973Z,0.644203,1.279267,0,False,True,True,200000,100000,PASS,,mechanical,8b0acc0098d8ec34bb5a1e63d35b29e5754ee939c252e87a6e7122400c061d93,e3b0c44298fc1c149afbf4c8996fb92427ae41e4649b934ca495991b7852b855
c1v1-measured-grpc1859-b03-L-bad-a2,c1v1-grpc1859-b03,measured,A,grpc1859,L,3,V_bad,2,179,17,2b7d61ca9a9841e092ad0fb3e05204d1f16376fe1fca28bb2ebb88c38e946faf,2026-09-25T13:35:37.028158Z,2026-09-25T13:35:37.629171Z,0.600985,1.234149,0,False,True,True,200000,100000,PASS,,mechanical,fbc9b04949ca0518a2b3acde339cdb34b29c94caccdc844619d500044e1449eb,e3b0c44298fc1c149afbf4c8996fb92427ae41e4649b934ca495991b7852b855
c1v1-measured-grpc1859-b03-L-bad-a3,c1v1-grpc1859-b03,measured,A,grpc1859,L,3,V_bad,3,180,18,ff5d42f463c0289720b6ae121ad53fbc071f0596752643806f371ae5870da5ff,2026-09-25T13:35:40.275340Z,2026-09-25T13:35:40.901275Z,0.625902,1.174239,0,False,True,True,200000,100000,PASS,,mechanical,a08b4220392696efb002bf3dd286c0ca6d0a2e3463adcd037f85e902a72af0df,e3b0c44298fc1c149afbf4c8996fb92427ae41e4649b934ca495991b7852b855
c1v1-measured-grpc1859-b04-L-bad-a1,c1v1-grpc1859-b04,measured,A,grpc1859,L,4,V_bad,1,268,19,66590a009ed09d2688502c741593b9345a43ed1d4a066157ed4bf14aa92925cd,2026-09-25T13:49:25.889129Z,2026-09-25T13:49:26.464220Z,0.575065,1.223641,0,False,True,True,200000,100000,PASS,,mechanical,9e4cb0267e8af1ded340f2498aeb1ebcc5d55b39e7adcaa166e23a6cc7273530,e3b0c44298fc1c149afbf4c8996fb92427ae41e4649b934ca495991b7852b855
c1v1-measured-grpc1859-b04-L-bad-a2,c1v1-grpc1859-b04,measured,A,grpc1859,L,4,V_bad,2,269,20,da30a4dde24a7ef1bd74dfd1bf54882363c61d7fdd23595c19b77736c8fb9bf1,2026-09-25T13:49:29.128902Z,2026-09-25T13:49:29.787005Z,0.658073,1.314712,0,False,True,True,200000,100000,PASS,,mechanical,5ed6d9963e11bcb7b095047afc0ce5f66a452cf207c49bddad5389b034f24338,e3b0c44298fc1c149afbf4c8996fb92427ae41e4649b934ca495991b7852b855
c1v1-measured-grpc1859-b04-L-bad-a3,c1v1-grpc1859-b04,measured,A,grpc1859,L,4,V_bad,3,270,21,c2a47cd91d2442ee2195b248812d97ddf7cd758e323bc79de1a4c7aafb8d824a,2026-09-25T13:49:32.462553Z,2026-09-25T13:49:33.133581Z,0.670994,1.324037,0,False,True,True,200000,100000,PASS,,mechanical,8036a1e1224f0c75aed72e05bd6ffefa3285fad77e3c2223e9047cd38d593cf8,e3b0c44298fc1c149afbf4c8996fb92427ae41e4649b934ca495991b7852b855
c1v1-measured-grpc1859-b04-L-ok-a1,c1v1-grpc1859-b04,measured,A,grpc1859,L,4,V_ok,1,271,22,11995eff9c4b95c29ac5d04ceadf381c5791a6dab2454a91632b3b9eba65db4a,2026-09-25T13:49:35.783713Z,2026-09-25T13:49:36.454829Z,0.671088,1.223167,0,False,True,True,200000,100000,PASS,,mechanical,5ed6d9963e11bcb7b095047afc0ce5f66a452cf207c49bddad5389b034f24338,e3b0c44298fc1c149afbf4c8996fb92427ae41e4649b934ca495991b7852b855
c1v1-measured-grpc1859-b04-L-ok-a2,c1v1-grpc1859-b04,measured,A,grpc1859,L,4,V_ok,2,272,23,34937c899d97e3c9212ad6d391595bf4ecbf6cb36e3a0904ae802452b5d27b3e,2026-09-25T13:49:39.021266Z,2026-09-25T13:49:39.661630Z,0.640331,1.279429,0,False,True,True,200000,100000,PASS,,mechanical,5ed6d9963e11bcb7b095047afc0ce5f66a452cf207c49bddad5389b034f24338,e3b0c44298fc1c149afbf4c8996fb92427ae41e4649b934ca495991b7852b855
c1v1-measured-grpc1859-b04-L-ok-a3,c1v1-grpc1859-b04,measured,A,grpc1859,L,4,V_ok,3,273,24,50205e3a60a63a210757371222f68231958fef3399571fc30803ecdd9eb56cec,2026-09-25T13:49:42.318254Z,2026-09-25T13:49:42.907940Z,0.589652,1.175618,0,False,True,True,200000,100000,PASS,,mechanical,bcf93b48d0ece8e5aa843e769b13beafbe4920242166f995e95abd1229a54a05,e3b0c44298fc1c149afbf4c8996fb92427ae41e4649b934ca495991b7852b855
c1v1-measured-grpc1859-b05-L-bad-a1,c1v1-grpc1859-b05,measured,A,grpc1859,L,5,V_bad,1,313,25,4deb11b734076ab9ba34d90fc36907cb2ef99481d1e8f8e4dcb5f2ac4e3e6aa8,2026-09-25T13:54:21.994701Z,2026-09-25T13:54:22.672608Z,0.677878,1.300843,0,False,True,True,200000,100000,PASS,,mechanical,5ed6d9963e11bcb7b095047afc0ce5f66a452cf207c49bddad5389b034f24338,e3b0c44298fc1c149afbf4c8996fb92427ae41e4649b934ca495991b7852b855
c1v1-measured-grpc1859-b05-L-bad-a2,c1v1-grpc1859-b05,measured,A,grpc1859,L,5,V_bad,2,314,26,001258eb0017273ce72594d10e743a656bd11a74d43a051359cefe2b3904e649,2026-09-25T13:54:25.244988Z,2026-09-25T13:54:25.823328Z,0.578307,1.126171,0,False,True,True,200000,100000,PASS,,mechanical,fbc9b04949ca0518a2b3acde339cdb34b29c94caccdc844619d500044e1449eb,e3b0c44298fc1c149afbf4c8996fb92427ae41e4649b934ca495991b7852b855
c1v1-measured-grpc1859-b05-L-bad-a3,c1v1-grpc1859-b05,measured,A,grpc1859,L,5,V_bad,3,315,27,3f2df10226c4cd688bd8ca23d8c1f495f7858d89f9a1bf5d892c2a1459437323,2026-09-25T13:54:28.459922Z,2026-09-25T13:54:29.047839Z,0.587885,1.199982,0,False,True,True,200000,100000,PASS,,mechanical,fbc9b04949ca0518a2b3acde339cdb34b29c94caccdc844619d500044e1449eb,e3b0c44298fc1c149afbf4c8996fb92427ae41e4649b934ca495991b7852b855
c1v1-measured-grpc1859-b05-L-ok-a1,c1v1-grpc1859-b05,measured,A,grpc1859,L,5,V_ok,1,322,28,9b559a9e332e90e62576d67ffb135235aff600f1c0e57bbdec8e955ccd5ea5bd,2026-09-25T13:54:50.783834Z,2026-09-25T13:54:51.396893Z,0.613034,1.225059,0,False,True,True,200000,100000,PASS,,mechanical,fbc9b04949ca0518a2b3acde339cdb34b29c94caccdc844619d500044e1449eb,e3b0c44298fc1c149afbf4c8996fb92427ae41e4649b934ca495991b7852b855
c1v1-measured-grpc1859-b05-L-ok-a2,c1v1-grpc1859-b05,measured,A,grpc1859,L,5,V_ok,2,323,29,55e4ec2a93c0444a1ff07b0297aae28126cf793be1a42846962b7752af52eb70,2026-09-25T13:54:54.027113Z,2026-09-25T13:54:54.645185Z,0.618041,1.22083,0,False,True,True,200000,100000,PASS,,mechanical,9e4cb0267e8af1ded340f2498aeb1ebcc5d55b39e7adcaa166e23a6cc7273530,e3b0c44298fc1c149afbf4c8996fb92427ae41e4649b934ca495991b7852b855
c1v1-measured-grpc1859-b05-L-ok-a3,c1v1-grpc1859-b05,measured,A,grpc1859,L,5,V_ok,3,324,30,b670d43ee9e3e55dca9b4daca4b6ec5e38b362ee246f11db1a158fa32b4d6b0b,2026-09-25T13:54:57.271087Z,2026-09-25T13:54:57.862681Z,0.591565,1.194841,0,False,True,True,200000,100000,PASS,,mechanical,fbc9b04949ca0518a2b3acde339cdb34b29c94caccdc844619d500044e1449eb,e3b0c44298fc1c149afbf4c8996fb92427ae41e4649b934ca495991b7852b855
c1v1-measured-grpc1859-b06-L-ok-a1,c1v1-grpc1859-b06,measured,B,grpc1859,L,6,V_ok,1,415,31,19f4d69a2fb2b5fb8f0fb4da8b45e122afd94062d41789a0c16f2f063e3c2ad3,2026-09-25T14:14:53.942312Z,2026-09-25T14:14:54.590343Z,0.648004,1.264991,0,False,True,True,200000,100000,PASS,,mechanical,9e4cb0267e8af1ded340f2498aeb1ebcc5d55b39e7adcaa166e23a6cc7273530,e3b0c44298fc1c149afbf4c8996fb92427ae41e4649b934ca495991b7852b855
c1v1-measured-grpc1859-b06-L-ok-a2,c1v1-grpc1859-b06,measured,B,grpc1859,L,6,V_ok,2,416,32,8c760909e5e942d982084ea53145663a141c9a01b8bd2619356ffff667e6de14,2026-09-25T14:14:57.228170Z,2026-09-25T14:14:57.870797Z,0.642588,1.271823,0,False,True,True,200000,100000,PASS,,mechanical,a08b4220392696efb002bf3dd286c0ca6d0a2e3463adcd037f85e902a72af0df,e3b0c44298fc1c149afbf4c8996fb92427ae41e4649b934ca495991b7852b855
c1v1-measured-grpc1859-b06-L-ok-a3,c1v1-grpc1859-b06,measured,B,grpc1859,L,6,V_ok,3,417,33,eb6cbb8669448c000d07d48517c73be8398fafe81ecb4eab76c08839d83f4ab0,2026-09-25T14:15:00.512147Z,2026-09-25T14:15:01.154576Z,0.6424,1.25834,0,False,True,True,200000,100000,PASS,,mechanical,9e4cb0267e8af1ded340f2498aeb1ebcc5d55b39e7adcaa166e23a6cc7273530,e3b0c44298fc1c149afbf4c8996fb92427ae41e4649b934ca495991b7852b855
c1v1-measured-grpc1859-b06-L-bad-a1,c1v1-grpc1859-b06,measured,B,grpc1859,L,6,V_bad,1,418,34,7f28eb52a7d61145b72dcd622012efbfb2936f81e98ed93a5dd612cbb54a87af,2026-09-25T14:15:03.788580Z,2026-09-25T14:15:04.441350Z,0.652743,1.272458,0,False,True,True,200000,100000,PASS,,mechanical,9e4cb0267e8af1ded340f2498aeb1ebcc5d55b39e7adcaa166e23a6cc7273530,e3b0c44298fc1c149afbf4c8996fb92427ae41e4649b934ca495991b7852b855
c1v1-measured-grpc1859-b06-L-bad-a2,c1v1-grpc1859-b06,measured,B,grpc1859,L,6,V_bad,2,419,35,cc039009997a92a601c4749ce881acaf8918faa346da18963a73c1800bb66d50,2026-09-25T14:15:07.078325Z,2026-09-25T14:15:07.736307Z,0.657954,1.277442,0,False,True,True,200000,100000,PASS,,mechanical,69db96b6bb8433323a3dfee1b49c9054cc01fc5cd17bfff13aac9b8250fd46fd,e3b0c44298fc1c149afbf4c8996fb92427ae41e4649b934ca495991b7852b855
c1v1-measured-grpc1859-b06-L-bad-a3,c1v1-grpc1859-b06,measured,B,grpc1859,L,6,V_bad,3,420,36,ac383222c1f3391820765a946270dce18c3f44753a2cbc9aab6b0568ba34fe46,2026-09-25T14:15:10.384492Z,2026-09-25T14:15:11.030598Z,0.646079,1.282493,0,False,True,True,200000,100000,PASS,,mechanical,5ed6d9963e11bcb7b095047afc0ce5f66a452cf207c49bddad5389b034f24338,e3b0c44298fc1c149afbf4c8996fb92427ae41e4649b934ca495991b7852b855
c1v1-measured-grpc1859-b07-L-bad-a1,c1v1-grpc1859-b07,measured,B,grpc1859,L,7,V_bad,1,463,37,bedbe07d51fc4748d5af3f48cfa32189325bd4887fd0147c16351174c5aab288,2026-09-25T14:21:39.034126Z,2026-09-25T14:21:39.611878Z,0.577721,1.198742,0,False,True,True,200000,100000,PASS,,mechanical,8b8de5f8fe8f80ca65f8e0b839492a043d74ba2e5788056421890107cbbb9103,e3b0c44298fc1c149afbf4c8996fb92427ae41e4649b934ca495991b7852b855
c1v1-measured-grpc1859-b07-L-bad-a2,c1v1-grpc1859-b07,measured,B,grpc1859,L,7,V_bad,2,464,38,e334d6fef7db456c7cba541e3ae488b5b23b31617085c4a216c898e4c5e3b8a8,2026-09-25T14:21:42.256225Z,2026-09-25T14:21:42.930749Z,0.674495,1.295534,0,False,True,True,200000,100000,PASS,,mechanical,fbc9b04949ca0518a2b3acde339cdb34b29c94caccdc844619d500044e1449eb,e3b0c44298fc1c149afbf4c8996fb92427ae41e4649b934ca495991b7852b855
c1v1-measured-grpc1859-b07-L-bad-a3,c1v1-grpc1859-b07,measured,B,grpc1859,L,7,V_bad,3,465,39,4a83d85108bda533ceffc5e151a67d895d190e660cc58586dc35bb0fcc71425a,2026-09-25T14:21:45.565734Z,2026-09-25T14:21:46.209055Z,0.64329,1.262336,0,False,True,True,200000,100000,PASS,,mechanical,bcf93b48d0ece8e5aa843e769b13beafbe4920242166f995e95abd1229a54a05,e3b0c44298fc1c149afbf4c8996fb92427ae41e4649b934ca495991b7852b855
c1v1-measured-grpc1859-b07-L-ok-a1,c1v1-grpc1859-b07,measured,B,grpc1859,L,7,V_ok,1,466,40,63a2d21d4cbb56fa48f447d7216976016b3b0d855b7bcf4eca7fa778a3448186,2026-09-25T14:21:48.855481Z,2026-09-25T14:21:49.608004Z,0.752491,1.379295,0,False,True,True,200000,100000,PASS,,mechanical,9e4cb0267e8af1ded340f2498aeb1ebcc5d55b39e7adcaa166e23a6cc7273530,e3b0c44298fc1c149afbf4c8996fb92427ae41e4649b934ca495991b7852b855
c1v1-measured-grpc1859-b07-L-ok-a2,c1v1-grpc1859-b07,measured,B,grpc1859,L,7,V_ok,2,467,41,e79e059de753130f1d82f6fd665bcb76957188be203e4a96558e509200659c49,2026-09-25T14:21:52.236277Z,2026-09-25T14:21:52.888544Z,0.652239,1.207373,0,False,True,True,200000,100000,PASS,,mechanical,69db96b6bb8433323a3dfee1b49c9054cc01fc5cd17bfff13aac9b8250fd46fd,e3b0c44298fc1c149afbf4c8996fb92427ae41e4649b934ca495991b7852b855
c1v1-measured-grpc1859-b07-L-ok-a3,c1v1-grpc1859-b07,measured,B,grpc1859,L,7,V_ok,3,468,42,5a68ade65cbcd0cbdd538bf19419554ae480decb2c771a881432faad45c31fdf,2026-09-25T14:21:55.468458Z,2026-09-25T14:21:56.157759Z,0.689272,1.327501,0,False,True,True,200000,100000,PASS,,mechanical,69db96b6bb8433323a3dfee1b49c9054cc01fc5cd17bfff13aac9b8250fd46fd,e3b0c44298fc1c149afbf4c8996fb92427ae41e4649b934ca495991b7852b855
c1v1-measured-grpc1859-b08-L-bad-a1,c1v1-grpc1859-b08,measured,B,grpc1859,L,8,V_bad,1,541,43,6893a2d5fe372d2470fc7037ea1d9cb2123088537db232780ddb99bbcb9be964,2026-09-25T14:33:25.616993Z,2026-09-25T14:33:26.359892Z,0.742871,1.371048,0,False,True,True,200000,100000,PASS,,mechanical,bcf93b48d0ece8e5aa843e769b13beafbe4920242166f995e95abd1229a54a05,e3b0c44298fc1c149afbf4c8996fb92427ae41e4649b934ca495991b7852b855
c1v1-measured-grpc1859-b08-L-bad-a2,c1v1-grpc1859-b08,measured,B,grpc1859,L,8,V_bad,2,542,44,93b9a35ba768ea2955b17b1bf8a8311e13c9cfab4f44fa3394cd6d6168b116f0,2026-09-25T14:33:29.001366Z,2026-09-25T14:33:29.673099Z,0.671702,1.298587,0,False,True,True,200000,100000,PASS,,mechanical,a08b4220392696efb002bf3dd286c0ca6d0a2e3463adcd037f85e902a72af0df,e3b0c44298fc1c149afbf4c8996fb92427ae41e4649b934ca495991b7852b855
c1v1-measured-grpc1859-b08-L-bad-a3,c1v1-grpc1859-b08,measured,B,grpc1859,L,8,V_bad,3,543,45,d9938026e23066724860bb32a932cb8954711bb5fe2109deffeb50caf03d30be,2026-09-25T14:33:32.314868Z,2026-09-25T14:33:32.976875Z,0.661974,1.278101,0,False,True,True,200000,100000,PASS,,mechanical,fbc9b04949ca0518a2b3acde339cdb34b29c94caccdc844619d500044e1449eb,e3b0c44298fc1c149afbf4c8996fb92427ae41e4649b934ca495991b7852b855
c1v1-measured-grpc1859-b08-L-ok-a1,c1v1-grpc1859-b08,measured,B,grpc1859,L,8,V_ok,1,550,46,00e2f27bcd3df22e0e911ce04f81a9c981562687354fc90a4f394942b02fdaf9,2026-09-25T14:34:04.850497Z,2026-09-25T14:34:05.475843Z,0.625317,1.250341,0,False,True,True,200000,100000,PASS,,mechanical,bcf93b48d0ece8e5aa843e769b13beafbe4920242166f995e95abd1229a54a05,e3b0c44298fc1c149afbf4c8996fb92427ae41e4649b934ca495991b7852b855
c1v1-measured-grpc1859-b08-L-ok-a2,c1v1-grpc1859-b08,measured,B,grpc1859,L,8,V_ok,2,551,47,36f76816f7911109c9e46d7cc8fb0d2270e845a0f6a3d7683d43623119d34c80,2026-09-25T14:34:08.120897Z,2026-09-25T14:34:08.745716Z,0.62479,1.247228,0,False,True,True,200000,100000,PASS,,mechanical,fbc9b04949ca0518a2b3acde339cdb34b29c94caccdc844619d500044e1449eb,e3b0c44298fc1c149afbf4c8996fb92427ae41e4649b934ca495991b7852b855
c1v1-measured-grpc1859-b08-L-ok-a3,c1v1-grpc1859-b08,measured,B,grpc1859,L,8,V_ok,3,552,48,25e4f26c505f7a05f776b6325557a6a8a902f335371455ef16ff6454979c5ba1,2026-09-25T14:34:11.376102Z,2026-09-25T14:34:12.022783Z,0.646651,1.273068,0,False,True,True,200000,100000,PASS,,mechanical,fbc9b04949ca0518a2b3acde339cdb34b29c94caccdc844619d500044e1449eb,e3b0c44298fc1c149afbf4c8996fb92427ae41e4649b934ca495991b7852b855
c1v1-measured-grpc1859-b09-L-bad-a1,c1v1-grpc1859-b09,measured,B,grpc1859,L,9,V_bad,1,613,49,6901ef1871c68299ef37f14062c62f6bde99b4cd2a69ceb641e0b7fd5d68ec0c,2026-09-25T14:47:24.570209Z,2026-09-25T14:47:25.282322Z,0.712085,1.27109,0,False,True,True,200000,100000,PASS,,mechanical,8b0acc0098d8ec34bb5a1e63d35b29e5754ee939c252e87a6e7122400c061d93,e3b0c44298fc1c149afbf4c8996fb92427ae41e4649b934ca495991b7852b855
c1v1-measured-grpc1859-b09-L-bad-a2,c1v1-grpc1859-b09,measured,B,grpc1859,L,9,V_bad,2,614,50,41929fc3c484bb36aac7cd117ff152029d7bfe8b310fbcb2128d688fddcedb68,2026-09-25T14:47:27.851903Z,2026-09-25T14:47:28.499832Z,0.647901,1.273387,0,False,True,True,200000,100000,PASS,,mechanical,a08b4220392696efb002bf3dd286c0ca6d0a2e3463adcd037f85e902a72af0df,e3b0c44298fc1c149afbf4c8996fb92427ae41e4649b934ca495991b7852b855
c1v1-measured-grpc1859-b09-L-bad-a3,c1v1-grpc1859-b09,measured,B,grpc1859,L,9,V_bad,3,615,51,48863552f5cfcba333219a81aea44ecb84543578b2d9911007f815749c374a07,2026-09-25T14:47:31.139991Z,2026-09-25T14:47:31.805840Z,0.66582,1.290868,0,False,True,True,200000,100000,PASS,,mechanical,69db96b6bb8433323a3dfee1b49c9054cc01fc5cd17bfff13aac9b8250fd46fd,e3b0c44298fc1c149afbf4c8996fb92427ae41e4649b934ca495991b7852b855
c1v1-measured-grpc1859-b09-L-ok-a1,c1v1-grpc1859-b09,measured,B,grpc1859,L,9,V_ok,1,619,52,0b2848887b01fc6c6c5c1dae1463a68e7ebb482161c923bfb16fc6661904872d,2026-09-25T14:47:53.888284Z,2026-09-25T14:47:54.650818Z,0.762505,1.313931,0,False,True,True,200000,100000,PASS,,mechanical,9e4cb0267e8af1ded340f2498aeb1ebcc5d55b39e7adcaa166e23a6cc7273530,e3b0c44298fc1c149afbf4c8996fb92427ae41e4649b934ca495991b7852b855
c1v1-measured-grpc1859-b09-L-ok-a2,c1v1-grpc1859-b09,measured,B,grpc1859,L,9,V_ok,2,620,53,594411e8b2631327849327ae366fbe482b6d7d1142137f52b369a070cbb6f265,2026-09-25T14:47:57.233139Z,2026-09-25T14:47:57.919361Z,0.686194,1.331731,0,False,True,True,200000,100000,PASS,,mechanical,9e4cb0267e8af1ded340f2498aeb1ebcc5d55b39e7adcaa166e23a6cc7273530,e3b0c44298fc1c149afbf4c8996fb92427ae41e4649b934ca495991b7852b855
c1v1-measured-grpc1859-b09-L-ok-a3,c1v1-grpc1859-b09,measured,B,grpc1859,L,9,V_ok,3,621,54,41b4cccae533fa39f2e83bcbcc33e4af28be7ecdbda563ed5140332f63b6aa43,2026-09-25T14:48:00.569729Z,2026-09-25T14:48:01.199453Z,0.629696,1.176326,0,False,True,True,200000,100000,PASS,,mechanical,955639236c6e8de7cc6dd188737955adc8adf9ab1c7c56299acdafd8ca5f68c0,e3b0c44298fc1c149afbf4c8996fb92427ae41e4649b934ca495991b7852b855
c1v1-measured-grpc1859-b10-L-ok-a1,c1v1-grpc1859-b10,measured,B,grpc1859,L,10,V_ok,1,664,55,b7fe113eda236bd82f0e677cd746a30558c400c02b76108863e5fe64d482a492,2026-09-25T14:52:19.851062Z,2026-09-25T14:52:20.589969Z,0.738879,1.366939,0,False,True,True,200000,100000,PASS,,mechanical,9e4cb0267e8af1ded340f2498aeb1ebcc5d55b39e7adcaa166e23a6cc7273530,e3b0c44298fc1c149afbf4c8996fb92427ae41e4649b934ca495991b7852b855
c1v1-measured-grpc1859-b10-L-ok-a2,c1v1-grpc1859-b10,measured,B,grpc1859,L,10,V_ok,2,665,56,fee27316be4e9fe2c52f90dbaf2ba9366b78375377885cb464979968cc2c3bf6,2026-09-25T14:52:23.229839Z,2026-09-25T14:52:23.822551Z,0.592681,1.211432,0,False,True,True,200000,100000,PASS,,mechanical,fbc9b04949ca0518a2b3acde339cdb34b29c94caccdc844619d500044e1449eb,e3b0c44298fc1c149afbf4c8996fb92427ae41e4649b934ca495991b7852b855
c1v1-measured-grpc1859-b10-L-ok-a3,c1v1-grpc1859-b10,measured,B,grpc1859,L,10,V_ok,3,666,57,aafc667cc577c912f3e6ceecd6a6af016c7e5fbe91a0d3dac968e84a2f763d0a,2026-09-25T14:52:26.463005Z,2026-09-25T14:52:27.104416Z,0.641356,1.269316,0,False,True,True,200000,100000,PASS,,mechanical,fbc9b04949ca0518a2b3acde339cdb34b29c94caccdc844619d500044e1449eb,e3b0c44298fc1c149afbf4c8996fb92427ae41e4649b934ca495991b7852b855
c1v1-measured-grpc1859-b10-L-bad-a1,c1v1-grpc1859-b10,measured,B,grpc1859,L,10,V_bad,1,667,58,eb6d703f5150aa256f6a15ada56ad22a02b788fed99288523473ba003f8dd788,2026-09-25T14:52:29.755774Z,2026-09-25T14:52:30.347558Z,0.591755,1.211036,0,False,True,True,200000,100000,PASS,,mechanical,8b0acc0098d8ec34bb5a1e63d35b29e5754ee939c252e87a6e7122400c061d93,e3b0c44298fc1c149afbf4c8996fb92427ae41e4649b934ca495991b7852b855
c1v1-measured-grpc1859-b10-L-bad-a2,c1v1-grpc1859-b10,measured,B,grpc1859,L,10,V_bad,2,668,59,09c20c27df54868c692424364b7fd64c91f06b8dc1893585d932d5e9ddcbed1e,2026-09-25T14:52:32.989895Z,2026-09-25T14:52:33.663658Z,0.673735,1.296597,0,False,True,True,200000,100000,PASS,,mechanical,9e4cb0267e8af1ded340f2498aeb1ebcc5d55b39e7adcaa166e23a6cc7273530,e3b0c44298fc1c149afbf4c8996fb92427ae41e4649b934ca495991b7852b855
c1v1-measured-grpc1859-b10-L-bad-a3,c1v1-grpc1859-b10,measured,B,grpc1859,L,10,V_bad,3,669,60,83b9cfec446e66d5ba6ab3073f73b47937f6b69b4559522ecdda9b69e52865df,2026-09-25T14:52:36.310223Z,2026-09-25T14:52:36.953121Z,0.642873,1.273929,0,False,True,True,200000,100000,PASS,,mechanical,fbc9b04949ca0518a2b3acde339cdb34b29c94caccdc844619d500044e1449eb,e3b0c44298fc1c149afbf4c8996fb92427ae41e4649b934ca495991b7852b855
c1v1-measured-grpc1859-b01-R-bad-a1,c1v1-grpc1859-b01,measured,A,grpc1859,R,1,V_bad,1,25,1,ffa064b0355ecf31b35842c2092bcfc8795ce4386d03917ce07a43fbd9beacd5,2026-09-25T13:11:58.628286Z,2026-09-25T13:11:59.174728Z,0.546415,1.177994,0,False,True,True,0,0,PASS,,mechanical,955639236c6e8de7cc6dd188737955adc8adf9ab1c7c56299acdafd8ca5f68c0,e3b0c44298fc1c149afbf4c8996fb92427ae41e4649b934ca495991b7852b855
c1v1-measured-grpc1859-b01-R-bad-a2,c1v1-grpc1859-b01,measured,A,grpc1859,R,1,V_bad,2,26,2,a778f4e85de6f7c76e10ba55a92cbebeed80c4098a6f40ae167c0ab92ccc010e,2026-09-25T13:12:01.816491Z,2026-09-25T13:12:02.424871Z,0.608353,1.232689,0,False,True,True,0,0,PASS,,mechanical,8b8de5f8fe8f80ca65f8e0b839492a043d74ba2e5788056421890107cbbb9103,e3b0c44298fc1c149afbf4c8996fb92427ae41e4649b934ca495991b7852b855
c1v1-measured-grpc1859-b01-R-bad-a3,c1v1-grpc1859-b01,measured,A,grpc1859,R,1,V_bad,3,27,3,56eb117a9e90eae38b4e9c18856bb4d062c37b2993c7f57393395de65473e49a,2026-09-25T13:12:05.016170Z,2026-09-25T13:12:05.583238Z,0.567041,1.136968,0,False,True,True,0,0,PASS,,mechanical,955639236c6e8de7cc6dd188737955adc8adf9ab1c7c56299acdafd8ca5f68c0,e3b0c44298fc1c149afbf4c8996fb92427ae41e4649b934ca495991b7852b855
c1v1-measured-grpc1859-b01-R-ok-a1,c1v1-grpc1859-b01,measured,A,grpc1859,R,1,V_ok,1,34,4,bc47331a989046a6fcb2aa63d0003544eb5eca2c159775055805a868c515fc1d,2026-09-25T13:12:27.884847Z,2026-09-25T13:12:28.490155Z,0.605282,1.239508,0,False,True,True,0,0,PASS,,mechanical,3885297c6c818f33b1fc588aa24352282930cde15b67ac94a9f58d5e4c00e07b,e3b0c44298fc1c149afbf4c8996fb92427ae41e4649b934ca495991b7852b855
c1v1-measured-grpc1859-b01-R-ok-a2,c1v1-grpc1859-b01,measured,A,grpc1859,R,1,V_ok,2,35,5,96d010f07e9007071b170bbc19cb4ac4792466167b98599694d0da08827e9877,2026-09-25T13:12:31.120607Z,2026-09-25T13:12:31.700229Z,0.57959,1.189041,0,False,True,True,0,0,PASS,,mechanical,794d16f3e0b1606bcdb7954685267061159912489474e4a4e16ec9f781b55c50,e3b0c44298fc1c149afbf4c8996fb92427ae41e4649b934ca495991b7852b855
c1v1-measured-grpc1859-b01-R-ok-a3,c1v1-grpc1859-b01,measured,A,grpc1859,R,1,V_ok,3,36,6,702f2eb84d004e2ea55eb3fe34a3b80cdfa76792d74d39f0031f4ce5d847be06,2026-09-25T13:12:34.330293Z,2026-09-25T13:12:34.872335Z,0.542004,1.185457,0,False,True,True,0,0,PASS,,mechanical,3885297c6c818f33b1fc588aa24352282930cde15b67ac94a9f58d5e4c00e07b,e3b0c44298fc1c149afbf4c8996fb92427ae41e4649b934ca495991b7852b855
c1v1-measured-grpc1859-b02-R-ok-a1,c1v1-grpc1859-b02,measured,A,grpc1859,R,2,V_ok,1,112,7,3ae2b43579e2d2a89eb276c23e52fe8ce8a1883e6b7589b15c044fa6db11eb63,2026-09-25T13:23:55.699775Z,2026-09-25T13:23:56.313557Z,0.61375,1.231302,0,False,True,True,0,0,PASS,,mechanical,3885297c6c818f33b1fc588aa24352282930cde15b67ac94a9f58d5e4c00e07b,e3b0c44298fc1c149afbf4c8996fb92427ae41e4649b934ca495991b7852b855
c1v1-measured-grpc1859-b02-R-ok-a2,c1v1-grpc1859-b02,measured,A,grpc1859,R,2,V_ok,2,113,8,6e10b34b3cb18bab5afe398d7612f177f49544e81b26106d24291662a2c6715c,2026-09-25T13:23:58.943351Z,2026-09-25T13:23:59.503967Z,0.56058,1.172083,0,False,True,True,0,0,PASS,,mechanical,3885297c6c818f33b1fc588aa24352282930cde15b67ac94a9f58d5e4c00e07b,e3b0c44298fc1c149afbf4c8996fb92427ae41e4649b934ca495991b7852b855
c1v1-measured-grpc1859-b02-R-ok-a3,c1v1-grpc1859-b02,measured,A,grpc1859,R,2,V_ok,3,114,9,eeaab7d5bb07d1dfc16468a545e6509da7f0a3ef63d4ca15c115c47c57f27df8,2026-09-25T13:24:02.128528Z,2026-09-25T13:24:02.684109Z,0.555552,1.161512,0,False,True,True,0,0,PASS,,mechanical,794d16f3e0b1606bcdb7954685267061159912489474e4a4e16ec9f781b55c50,e3b0c44298fc1c149afbf4c8996fb92427ae41e4649b934ca495991b7852b855
c1v1-measured-grpc1859-b02-R-bad-a1,c1v1-grpc1859-b02,measured,A,grpc1859,R,2,V_bad,1,118,10,e9ebba8dd886342157e6ff3ba7e6043a1ba5ef2d8063a23b291faddf0dedcba8,2026-09-25T13:24:15.045788Z,2026-09-25T13:24:15.621085Z,0.57527,1.188479,0,False,True,True,0,0,PASS,,mechanical,955639236c6e8de7cc6dd188737955adc8adf9ab1c7c56299acdafd8ca5f68c0,e3b0c44298fc1c149afbf4c8996fb92427ae41e4649b934ca495991b7852b855
c1v1-measured-grpc1859-b02-R-bad-a2,c1v1-grpc1859-b02,measured,A,grpc1859,R,2,V_bad,2,119,11,513586ee88853fde706544aa7448f6153786de6fdbe14261ee02be21e94f4233,2026-09-25T13:24:18.251814Z,2026-09-25T13:24:27.946502Z,9.694654,10.319337,1,False,True,True,0,0,FOCAL_DEFECT_WITNESS,a,mechanical,c00f8a103fcf3a02cb4ef1f7e4ad918d2cdf3f0fe99eedbae1e1634742ecdd91,e3b0c44298fc1c149afbf4c8996fb92427ae41e4649b934ca495991b7852b855
c1v1-measured-grpc1859-b02-R-bad-a3,c1v1-grpc1859-b02,measured,A,grpc1859,R,2,V_bad,3,120,12,175cc09e7e5b92d5226e9d5198b9fdfdff5c6f411f123ecfd8a7fc6d557892e5,2026-09-25T13:24:30.588913Z,2026-09-25T13:24:31.208845Z,0.619893,1.241447,0,False,True,True,0,0,PASS,,mechanical,8b8de5f8fe8f80ca65f8e0b839492a043d74ba2e5788056421890107cbbb9103,e3b0c44298fc1c149afbf4c8996fb92427ae41e4649b934ca495991b7852b855
c1v1-measured-grpc1859-b03-R-bad-a1,c1v1-grpc1859-b03,measured,A,grpc1859,R,3,V_bad,1,169,13,c158f9308e14ddb20c9b6bf134b820471d635cf5d94a3bb29d5c8ba21e391003,2026-09-25T13:35:04.736231Z,2026-09-25T13:35:05.316763Z,0.5805,1.21271,0,False,True,True,0,0,PASS,,mechanical,8f6f83fdf56da78af51461ec2006f7f8c7dc935e07aa8e32448f97c01f87c32c,e3b0c44298fc1c149afbf4c8996fb92427ae41e4649b934ca495991b7852b855
c1v1-measured-grpc1859-b03-R-bad-a2,c1v1-grpc1859-b03,measured,A,grpc1859,R,3,V_bad,2,170,14,2fbfc9e912aaec4bee133365da03010d019065b77445fd1f71306461ac1b4040,2026-09-25T13:35:07.964700Z,2026-09-25T13:35:08.522942Z,0.55821,1.180028,0,False,True,True,0,0,PASS,,mechanical,8b8de5f8fe8f80ca65f8e0b839492a043d74ba2e5788056421890107cbbb9103,e3b0c44298fc1c149afbf4c8996fb92427ae41e4649b934ca495991b7852b855
c1v1-measured-grpc1859-b03-R-bad-a3,c1v1-grpc1859-b03,measured,A,grpc1859,R,3,V_bad,3,171,15,4d997356af4ea51b6ef54d884b0cc8503e8bfeb6da9116821995df83f4856a3c,2026-09-25T13:35:11.163429Z,2026-09-25T13:35:11.730589Z,0.567131,1.205499,0,False,True,True,0,0,PASS,,mechanical,955639236c6e8de7cc6dd188737955adc8adf9ab1c7c56299acdafd8ca5f68c0,e3b0c44298fc1c149afbf4c8996fb92427ae41e4649b934ca495991b7852b855
c1v1-measured-grpc1859-b03-R-ok-a1,c1v1-grpc1859-b03,measured,A,grpc1859,R,3,V_ok,1,172,16,c8ba7e76ee480f4460372bf8bb7c851a752b9614c3ffacb381e5a76b7fdee975,2026-09-25T13:35:14.380493Z,2026-09-25T13:35:14.924424Z,0.543902,1.165,0,False,True,True,0,0,PASS,,mechanical,3885297c6c818f33b1fc588aa24352282930cde15b67ac94a9f58d5e4c00e07b,e3b0c44298fc1c149afbf4c8996fb92427ae41e4649b934ca495991b7852b855
c1v1-measured-grpc1859-b03-R-ok-a2,c1v1-grpc1859-b03,measured,A,grpc1859,R,3,V_ok,2,173,17,80799a6ebb69de3245679cad8853992b536b6750d5be93a2cb0cd3a1ac9bbd64,2026-09-25T13:35:17.554312Z,2026-09-25T13:35:18.091826Z,0.537486,1.15425,0,False,True,True,0,0,PASS,,mechanical,794d16f3e0b1606bcdb7954685267061159912489474e4a4e16ec9f781b55c50,e3b0c44298fc1c149afbf4c8996fb92427ae41e4649b934ca495991b7852b855
c1v1-measured-grpc1859-b03-R-ok-a3,c1v1-grpc1859-b03,measured,A,grpc1859,R,3,V_ok,3,174,18,59bb74a2b661b6f7d998218b6925811c113ba2e56ae9248a64e52e53efdb22a4,2026-09-25T13:35:20.730974Z,2026-09-25T13:35:21.283404Z,0.552403,1.176857,0,False,True,True,0,0,PASS,,mechanical,9cc88d7a2e900b28eff771bcd0891c9468ba6ca23393bd4f44f653907f1eb2eb,e3b0c44298fc1c149afbf4c8996fb92427ae41e4649b934ca495991b7852b855
c1v1-measured-grpc1859-b04-R-bad-a1,c1v1-grpc1859-b04,measured,A,grpc1859,R,4,V_bad,1,265,19,c636b605f27b7187a7f9f55c580fe4291ec51806e86e3a71eddaa4e0ee3a67dd,2026-09-25T13:49:16.038527Z,2026-09-25T13:49:16.663749Z,0.62519,1.273317,0,False,True,True,0,0,PASS,,mechanical,955639236c6e8de7cc6dd188737955adc8adf9ab1c7c56299acdafd8ca5f68c0,e3b0c44298fc1c149afbf4c8996fb92427ae41e4649b934ca495991b7852b855
c1v1-measured-grpc1859-b04-R-bad-a2,c1v1-grpc1859-b04,measured,A,grpc1859,R,4,V_bad,2,266,20,5804177e615a61b6620dfda6d507bd710d174b93c1ca7f1b7ffd09ce2f1638e9,2026-09-25T13:49:19.346744Z,2026-09-25T13:49:19.917148Z,0.570376,1.229099,0,False,True,True,0,0,PASS,,mechanical,fbc9b04949ca0518a2b3acde339cdb34b29c94caccdc844619d500044e1449eb,e3b0c44298fc1c149afbf4c8996fb92427ae41e4649b934ca495991b7852b855
c1v1-measured-grpc1859-b04-R-bad-a3,c1v1-grpc1859-b04,measured,A,grpc1859,R,4,V_bad,3,267,21,f9de7e8e1072544720ab888e526b5225fb05f3b909922d916678a7daaaa8cb76,2026-09-25T13:49:22.601120Z,2026-09-25T13:49:23.214667Z,0.61352,1.281122,0,False,True,True,0,0,PASS,,mechanical,8b0acc0098d8ec34bb5a1e63d35b29e5754ee939c252e87a6e7122400c061d93,e3b0c44298fc1c149afbf4c8996fb92427ae41e4649b934ca495991b7852b855
c1v1-measured-grpc1859-b04-R-ok-a1,c1v1-grpc1859-b04,measured,A,grpc1859,R,4,V_ok,1,274,22,317d1a54ca57e5f0bfbcb79ec7bef3e24fdf9d1526061fd09f3640cb3684c3fc,2026-09-25T13:49:45.517754Z,2026-09-25T13:49:46.095529Z,0.577738,1.211665,0,False,True,True,0,0,PASS,,mechanical,8f6f83fdf56da78af51461ec2006f7f8c7dc935e07aa8e32448f97c01f87c32c,e3b0c44298fc1c149afbf4c8996fb92427ae41e4649b934ca495991b7852b855
c1v1-measured-grpc1859-b04-R-ok-a2,c1v1-grpc1859-b04,measured,A,grpc1859,R,4,V_ok,2,275,23,46fe538b6ff260ff841c27bcfcaec442cc4cdcff846421e8869708309a25d158,2026-09-25T13:49:48.742748Z,2026-09-25T13:49:49.272789Z,0.53001,1.151125,0,False,True,True,0,0,PASS,,mechanical,794d16f3e0b1606bcdb7954685267061159912489474e4a4e16ec9f781b55c50,e3b0c44298fc1c149afbf4c8996fb92427ae41e4649b934ca495991b7852b855
c1v1-measured-grpc1859-b04-R-ok-a3,c1v1-grpc1859-b04,measured,A,grpc1859,R,4,V_ok,3,276,24,3b71565c7872f42f458b64599089bd93b4ba8706c615c504c9a87c39e13ee723,2026-09-25T13:49:51.919217Z,2026-09-25T13:49:52.497974Z,0.578724,1.219859,0,False,True,True,0,0,PASS,,mechanical,3885297c6c818f33b1fc588aa24352282930cde15b67ac94a9f58d5e4c00e07b,e3b0c44298fc1c149afbf4c8996fb92427ae41e4649b934ca495991b7852b855
c1v1-measured-grpc1859-b05-R-bad-a1,c1v1-grpc1859-b05,measured,A,grpc1859,R,5,V_bad,1,316,25,d1200e8893d001ccd20d498188a6e1e1b03b6982675d609be84539a0256de821,2026-09-25T13:54:31.667128Z,2026-09-25T13:54:32.267892Z,0.600732,1.221712,0,False,True,True,0,0,PASS,,mechanical,955639236c6e8de7cc6dd188737955adc8adf9ab1c7c56299acdafd8ca5f68c0,e3b0c44298fc1c149afbf4c8996fb92427ae41e4649b934ca495991b7852b855
c1v1-measured-grpc1859-b05-R-bad-a2,c1v1-grpc1859-b05,measured,A,grpc1859,R,5,V_bad,2,317,26,53d77534952b0d89aba5bd25a8cbe3076c8a104b66cd08bddbe6e93f1c565dee,2026-09-25T13:54:34.897450Z,2026-09-25T13:54:35.492083Z,0.594601,1.130563,0,False,True,True,0,0,PASS,,mechanical,8b8de5f8fe8f80ca65f8e0b839492a043d74ba2e5788056421890107cbbb9103,e3b0c44298fc1c149afbf4c8996fb92427ae41e4649b934ca495991b7852b855
c1v1-measured-grpc1859-b05-R-bad-a3,c1v1-grpc1859-b05,measured,A,grpc1859,R,5,V_bad,3,318,27,2a5e53690f05d70e5937a95664c521028c3c3511f6e78b38d3bbe754acaa27f7,2026-09-25T13:54:38.051240Z,2026-09-25T13:54:38.617857Z,0.566586,1.174143,0,False,True,True,0,0,PASS,,mechanical,955639236c6e8de7cc6dd188737955adc8adf9ab1c7c56299acdafd8ca5f68c0,e3b0c44298fc1c149afbf4c8996fb92427ae41e4649b934ca495991b7852b855
c1v1-measured-grpc1859-b05-R-ok-a1,c1v1-grpc1859-b05,measured,A,grpc1859,R,5,V_ok,1,319,28,434af657b334bd605f9c839ad104172e2f48d594cea7b5d8fba1f01a5897fc21,2026-09-25T13:54:41.236687Z,2026-09-25T13:54:41.886208Z,0.649494,1.262731,0,False,True,True,0,0,PASS,,mechanical,3885297c6c818f33b1fc588aa24352282930cde15b67ac94a9f58d5e4c00e07b,e3b0c44298fc1c149afbf4c8996fb92427ae41e4649b934ca495991b7852b855
c1v1-measured-grpc1859-b05-R-ok-a2,c1v1-grpc1859-b05,measured,A,grpc1859,R,5,V_ok,2,320,29,457fe21146dd8c9cdc0b2418dea9afea7a2cee5377c5f6e8d035651c249c780d,2026-09-25T13:54:44.521040Z,2026-09-25T13:54:45.069251Z,0.548177,1.151549,0,False,True,True,0,0,PASS,,mechanical,794d16f3e0b1606bcdb7954685267061159912489474e4a4e16ec9f781b55c50,e3b0c44298fc1c149afbf4c8996fb92427ae41e4649b934ca495991b7852b855
c1v1-measured-grpc1859-b05-R-ok-a3,c1v1-grpc1859-b05,measured,A,grpc1859,R,5,V_ok,3,321,30,f0c6f31983ee452f1e0061d23f13f22a9768dbc0291de7e6e9bcc2bf4c975caf,2026-09-25T13:54:47.688405Z,2026-09-25T13:54:48.232391Z,0.543954,1.085152,0,False,True,True,0,0,PASS,,mechanical,794d16f3e0b1606bcdb7954685267061159912489474e4a4e16ec9f781b55c50,e3b0c44298fc1c149afbf4c8996fb92427ae41e4649b934ca495991b7852b855
c1v1-measured-grpc1859-b06-R-bad-a1,c1v1-grpc1859-b06,measured,B,grpc1859,R,6,V_bad,1,409,31,31dcb57ad537d007e1b183f1b89338b411118946dbae1cedc37f15bf03fca7bb,2026-09-25T14:14:34.693915Z,2026-09-25T14:14:35.368386Z,0.674437,1.312719,0,False,True,True,0,0,PASS,,mechanical,955639236c6e8de7cc6dd188737955adc8adf9ab1c7c56299acdafd8ca5f68c0,e3b0c44298fc1c149afbf4c8996fb92427ae41e4649b934ca495991b7852b855
c1v1-measured-grpc1859-b06-R-bad-a2,c1v1-grpc1859-b06,measured,B,grpc1859,R,6,V_bad,2,410,32,25ec440844efc117a23d346f7e40c049d6e6aff59e42f2df6e6b7bd365444ffb,2026-09-25T14:14:38.026617Z,2026-09-25T14:14:38.648011Z,0.621363,1.183457,0,False,True,True,0,0,PASS,,mechanical,955639236c6e8de7cc6dd188737955adc8adf9ab1c7c56299acdafd8ca5f68c0,e3b0c44298fc1c149afbf4c8996fb92427ae41e4649b934ca495991b7852b855
c1v1-measured-grpc1859-b06-R-bad-a3,c1v1-grpc1859-b06,measured,B,grpc1859,R,6,V_bad,3,411,33,eaee41fd7d6db771582bfe9dda9bd51b741d3386582a3e8525b2b2366a7f4ab4,2026-09-25T14:14:41.228616Z,2026-09-25T14:14:41.816700Z,0.588052,1.222901,0,False,True,True,0,0,PASS,,mechanical,8b8de5f8fe8f80ca65f8e0b839492a043d74ba2e5788056421890107cbbb9103,e3b0c44298fc1c149afbf4c8996fb92427ae41e4649b934ca495991b7852b855
c1v1-measured-grpc1859-b06-R-ok-a1,c1v1-grpc1859-b06,measured,B,grpc1859,R,6,V_ok,1,412,34,5c70b0161b9689aa6f2b99d0115caadc3f1d4c87e63759cd6011042b7e6ee82c,2026-09-25T14:14:44.458733Z,2026-09-25T14:14:45.072267Z,0.613502,1.172553,0,False,True,True,0,0,PASS,,mechanical,794d16f3e0b1606bcdb7954685267061159912489474e4a4e16ec9f781b55c50,e3b0c44298fc1c149afbf4c8996fb92427ae41e4649b934ca495991b7852b855
c1v1-measured-grpc1859-b06-R-ok-a2,c1v1-grpc1859-b06,measured,B,grpc1859,R,6,V_ok,2,413,35,0ca3d00a5641e8b10b98d60b06c78fbb056a5d8618ee5b1001692cbe2a22b5a4,2026-09-25T14:14:47.641785Z,2026-09-25T14:14:48.165786Z,0.523953,1.132871,0,False,True,True,0,0,PASS,,mechanical,9cc88d7a2e900b28eff771bcd0891c9468ba6ca23393bd4f44f653907f1eb2eb,e3b0c44298fc1c149afbf4c8996fb92427ae41e4649b934ca495991b7852b855
c1v1-measured-grpc1859-b06-R-ok-a3,c1v1-grpc1859-b06,measured,B,grpc1859,R,6,V_ok,3,414,36,67c3cac98c0fce9acf262b488887024ce1d9b84d6f0fbe9713aaaa83fe7cd8a9,2026-09-25T14:14:50.801195Z,2026-09-25T14:14:51.388048Z,0.586823,1.137631,0,False,True,True,0,0,PASS,,mechanical,9cc88d7a2e900b28eff771bcd0891c9468ba6ca23393bd4f44f653907f1eb2eb,e3b0c44298fc1c149afbf4c8996fb92427ae41e4649b934ca495991b7852b855
c1v1-measured-grpc1859-b07-R-ok-a1,c1v1-grpc1859-b07,measured,B,grpc1859,R,7,V_ok,1,457,37,3dd31339e0d8b609c14f65e5057f57e0cd0cdbdb2d837b5e620655117b053340,2026-09-25T14:21:19.666420Z,2026-09-25T14:21:20.253464Z,0.587017,1.228185,0,False,True,True,0,0,PASS,,mechanical,794d16f3e0b1606bcdb7954685267061159912489474e4a4e16ec9f781b55c50,e3b0c44298fc1c149afbf4c8996fb92427ae41e4649b934ca495991b7852b855
c1v1-measured-grpc1859-b07-R-ok-a2,c1v1-grpc1859-b07,measured,B,grpc1859,R,7,V_ok,2,458,38,04f94328310751a85438087fb9f5f6899093e2d22653e6076b3c5b7f7b330eed,2026-09-25T14:21:22.898656Z,2026-09-25T14:21:23.476430Z,0.577746,1.200863,0,False,True,True,0,0,PASS,,mechanical,3885297c6c818f33b1fc588aa24352282930cde15b67ac94a9f58d5e4c00e07b,e3b0c44298fc1c149afbf4c8996fb92427ae41e4649b934ca495991b7852b855
c1v1-measured-grpc1859-b07-R-ok-a3,c1v1-grpc1859-b07,measured,B,grpc1859,R,7,V_ok,3,459,39,4c0b5896c4cdd8d18cc08ad21f5cc6690fd063a9158bc4fa0eca5b64fa39857a,2026-09-25T14:21:26.121608Z,2026-09-25T14:21:26.704854Z,0.583219,1.20014,0,False,True,True,0,0,PASS,,mechanical,9cc88d7a2e900b28eff771bcd0891c9468ba6ca23393bd4f44f653907f1eb2eb,e3b0c44298fc1c149afbf4c8996fb92427ae41e4649b934ca495991b7852b855
c1v1-measured-grpc1859-b07-R-bad-a1,c1v1-grpc1859-b07,measured,B,grpc1859,R,7,V_bad,1,460,40,1d7c84d85f74cc641f9e821f3afbac0a3dca9a91a5b40b29c1ae65711a40f58b,2026-09-25T14:21:29.350278Z,2026-09-25T14:21:29.974742Z,0.62443,1.264998,0,False,True,True,0,0,PASS,,mechanical,955639236c6e8de7cc6dd188737955adc8adf9ab1c7c56299acdafd8ca5f68c0,e3b0c44298fc1c149afbf4c8996fb92427ae41e4649b934ca495991b7852b855
c1v1-measured-grpc1859-b07-R-bad-a2,c1v1-grpc1859-b07,measured,B,grpc1859,R,7,V_bad,2,461,41,9d3c648ba9f47c8d436b8abf6d2a68f8ebabb9a56794e707c102bf8c523b2dd3,2026-09-25T14:21:32.632399Z,2026-09-25T14:21:33.211956Z,0.579519,1.215278,0,False,True,True,0,0,PASS,,mechanical,8b8de5f8fe8f80ca65f8e0b839492a043d74ba2e5788056421890107cbbb9103,e3b0c44298fc1c149afbf4c8996fb92427ae41e4649b934ca495991b7852b855
c1v1-measured-grpc1859-b07-R-bad-a3,c1v1-grpc1859-b07,measured,B,grpc1859,R,7,V_bad,3,462,42,837e632dcd0b150149886e6cd928e53568107bad3d26e37bc7c3bb8188efc11b,2026-09-25T14:21:35.857550Z,2026-09-25T14:21:36.405329Z,0.547753,1.166661,0,False,True,True,0,0,PASS,,mechanical,3885297c6c818f33b1fc588aa24352282930cde15b67ac94a9f58d5e4c00e07b,e3b0c44298fc1c149afbf4c8996fb92427ae41e4649b934ca495991b7852b855
c1v1-measured-grpc1859-b08-R-ok-a1,c1v1-grpc1859-b08,measured,B,grpc1859,R,8,V_ok,1,544,43,15c70c9739e6f3dd07d175f040e99481461c04295e42e531ee45f223f3ac9f33,2026-09-25T14:33:35.594078Z,2026-09-25T14:33:36.210354Z,0.616248,1.221507,0,False,True,True,0,0,PASS,,mechanical,9cc88d7a2e900b28eff771bcd0891c9468ba6ca23393bd4f44f653907f1eb2eb,e3b0c44298fc1c149afbf4c8996fb92427ae41e4649b934ca495991b7852b855
c1v1-measured-grpc1859-b08-R-ok-a2,c1v1-grpc1859-b08,measured,B,grpc1859,R,8,V_ok,2,545,44,2baa3951a43d9471619bccf20ca0cb2a698538f0a7c2e0b9e4cc96024c34bf2e,2026-09-25T14:33:38.839456Z,2026-09-25T14:33:39.430222Z,0.590735,1.207285,0,False,True,True,0,0,PASS,,mechanical,794d16f3e0b1606bcdb7954685267061159912489474e4a4e16ec9f781b55c50,e3b0c44298fc1c149afbf4c8996fb92427ae41e4649b934ca495991b7852b855
c1v1-measured-grpc1859-b08-R-ok-a3,c1v1-grpc1859-b08,measured,B,grpc1859,R,8,V_ok,3,546,45,823f0662f5c150271afae80ade433b7748c78b612590ed905c6f7680da5bd32a,2026-09-25T14:33:42.070518Z,2026-09-25T14:33:42.660446Z,0.589896,1.213917,0,False,True,True,0,0,PASS,,mechanical,794d16f3e0b1606bcdb7954685267061159912489474e4a4e16ec9f781b55c50,e3b0c44298fc1c149afbf4c8996fb92427ae41e4649b934ca495991b7852b855
c1v1-measured-grpc1859-b08-R-bad-a1,c1v1-grpc1859-b08,measured,B,grpc1859,R,8,V_bad,1,547,46,42a49da82bf52f9bb0fa1790c70048b60f584b977819c5e3565fff35d616d8c9,2026-09-25T14:33:45.301161Z,2026-09-25T14:33:55.860173Z,10.55898,11.02879,1,False,True,True,0,0,FOCAL_DEFECT_WITNESS,a,mechanical,051975d0627432b84e95faa716cf157e8e37fbb46aa8bc09fa0de004eb4cf55e,e3b0c44298fc1c149afbf4c8996fb92427ae41e4649b934ca495991b7852b855
c1v1-measured-grpc1859-b08-R-bad-a2,c1v1-grpc1859-b08,measured,B,grpc1859,R,8,V_bad,2,548,47,cd7ccc5a80715268b2cc87e869d0bc7fe8c477a56c4ab7b054f910b57741e11c,2026-09-25T14:33:58.347896Z,2026-09-25T14:33:58.972338Z,0.624415,1.241802,0,False,True,True,0,0,PASS,,mechanical,8f6f83fdf56da78af51461ec2006f7f8c7dc935e07aa8e32448f97c01f87c32c,e3b0c44298fc1c149afbf4c8996fb92427ae41e4649b934ca495991b7852b855
c1v1-measured-grpc1859-b08-R-bad-a3,c1v1-grpc1859-b08,measured,B,grpc1859,R,8,V_bad,3,549,48,1dc5e195f4cf89741f73011bc1d65ffe63ffe6257f2d7f93def67a334cc8e7de,2026-09-25T14:34:01.603916Z,2026-09-25T14:34:02.212599Z,0.608652,1.22116,0,False,True,True,0,0,PASS,,mechanical,8b8de5f8fe8f80ca65f8e0b839492a043d74ba2e5788056421890107cbbb9103,e3b0c44298fc1c149afbf4c8996fb92427ae41e4649b934ca495991b7852b855
c1v1-measured-grpc1859-b09-R-bad-a1,c1v1-grpc1859-b09,measured,B,grpc1859,R,9,V_bad,1,616,49,bb9acb9355145dfc2916518206b3ac31d8adc74277a7a62357e0ff6f366164e7,2026-09-25T14:47:34.450178Z,2026-09-25T14:47:44.974702Z,10.524497,10.935166,1,False,True,True,0,0,FOCAL_DEFECT_WITNESS,a,mechanical,a3725c5ce1be2dac8296e47bf75f4dd45096b66a2d8c93a177e9b76dacaf7dc8,e3b0c44298fc1c149afbf4c8996fb92427ae41e4649b934ca495991b7852b855
c1v1-measured-grpc1859-b09-R-bad-a2,c1v1-grpc1859-b09,measured,B,grpc1859,R,9,V_bad,2,617,50,482e246fc4c22b9ec40f93fd767dd765e939ea28cc2260c74aac041796aa68b8,2026-09-25T14:47:47.400514Z,2026-09-25T14:47:48.067593Z,0.66705,1.292166,0,False,True,True,0,0,PASS,,mechanical,bcf93b48d0ece8e5aa843e769b13beafbe4920242166f995e95abd1229a54a05,e3b0c44298fc1c149afbf4c8996fb92427ae41e4649b934ca495991b7852b855
c1v1-measured-grpc1859-b09-R-bad-a3,c1v1-grpc1859-b09,measured,B,grpc1859,R,9,V_bad,3,618,51,97c49446926eedcd6ff631960af78d739e7607ff7a8a62b50d6911eb0e82aa33,2026-09-25T14:47:50.643837Z,2026-09-25T14:47:51.247792Z,0.603923,1.159036,0,False,True,True,0,0,PASS,,mechanical,8b8de5f8fe8f80ca65f8e0b839492a043d74ba2e5788056421890107cbbb9103,e3b0c44298fc1c149afbf4c8996fb92427ae41e4649b934ca495991b7852b855
c1v1-measured-grpc1859-b09-R-ok-a1,c1v1-grpc1859-b09,measured,B,grpc1859,R,9,V_ok,1,622,52,5de1238c5d708018afb37ff07dd7d7ca9cb5627d9029f4d83bb1d072473d6f5c,2026-09-25T14:48:03.766010Z,2026-09-25T14:48:04.346820Z,0.580781,1.194571,0,False,True,True,0,0,PASS,,mechanical,794d16f3e0b1606bcdb7954685267061159912489474e4a4e16ec9f781b55c50,e3b0c44298fc1c149afbf4c8996fb92427ae41e4649b934ca495991b7852b855
c1v1-measured-grpc1859-b09-R-ok-a2,c1v1-grpc1859-b09,measured,B,grpc1859,R,9,V_ok,2,623,53,7e2a64c0777b407273372d9e7acd33b22742d9a88427fc0a8b8a50699ff1016d,2026-09-25T14:48:06.987151Z,2026-09-25T14:48:07.548003Z,0.560824,1.173505,0,False,True,True,0,0,PASS,,mechanical,9cc88d7a2e900b28eff771bcd0891c9468ba6ca23393bd4f44f653907f1eb2eb,e3b0c44298fc1c149afbf4c8996fb92427ae41e4649b934ca495991b7852b855
c1v1-measured-grpc1859-b09-R-ok-a3,c1v1-grpc1859-b09,measured,B,grpc1859,R,9,V_ok,3,624,54,4f7a0094957f34a5a285decde12ecae4d0549d5819dd5974f09eeeab560706f1,2026-09-25T14:48:10.179428Z,2026-09-25T14:48:10.761023Z,0.581566,1.19661,0,False,True,True,0,0,PASS,,mechanical,9cc88d7a2e900b28eff771bcd0891c9468ba6ca23393bd4f44f653907f1eb2eb,e3b0c44298fc1c149afbf4c8996fb92427ae41e4649b934ca495991b7852b855
c1v1-measured-grpc1859-b10-R-bad-a1,c1v1-grpc1859-b10,measured,B,grpc1859,R,10,V_bad,1,661,55,edd594d3896342046787ae81c09ee70aeefd628fc2f5583094d9e23667ff7084,2026-09-25T14:52:00.215342Z,2026-09-25T14:52:00.876259Z,0.66089,1.284607,0,False,True,True,0,0,PASS,,mechanical,8b8de5f8fe8f80ca65f8e0b839492a043d74ba2e5788056421890107cbbb9103,e3b0c44298fc1c149afbf4c8996fb92427ae41e4649b934ca495991b7852b855
c1v1-measured-grpc1859-b10-R-bad-a2,c1v1-grpc1859-b10,measured,B,grpc1859,R,10,V_bad,2,662,56,9b7604fab848271769213564ab7d2b6418e3483d3a2289001bcdb1a6e5a49697,2026-09-25T14:52:03.526626Z,2026-09-25T14:52:04.187604Z,0.660949,1.296555,0,False,True,True,0,0,PASS,,mechanical,8b8de5f8fe8f80ca65f8e0b839492a043d74ba2e5788056421890107cbbb9103,e3b0c44298fc1c149afbf4c8996fb92427ae41e4649b934ca495991b7852b855
c1v1-measured-grpc1859-b10-R-bad-a3,c1v1-grpc1859-b10,measured,B,grpc1859,R,10,V_bad,3,663,57,3026213bbda5955ae18b8ed66d6e5bf99d4aa09758bc7411e9cf39ad0d395fdb,2026-09-25T14:52:06.831642Z,2026-09-25T14:52:17.286199Z,10.45453,10.999957,1,False,True,True,0,0,FOCAL_DEFECT_WITNESS,a,mechanical,f7e89a54e948641b78a08b5b63aa63abb579a8870695deaa7f8ad0002641471c,e3b0c44298fc1c149afbf4c8996fb92427ae41e4649b934ca495991b7852b855
c1v1-measured-grpc1859-b10-R-ok-a1,c1v1-grpc1859-b10,measured,B,grpc1859,R,10,V_ok,1,670,58,8b89f39df89247a435253ddb645cda93aeca7aff905d1aa75df155dcf81c2016,2026-09-25T14:52:39.595996Z,2026-09-25T14:52:40.193642Z,0.597615,1.153849,0,False,True,True,0,0,PASS,,mechanical,9cc88d7a2e900b28eff771bcd0891c9468ba6ca23393bd4f44f653907f1eb2eb,e3b0c44298fc1c149afbf4c8996fb92427ae41e4649b934ca495991b7852b855
c1v1-measured-grpc1859-b10-R-ok-a2,c1v1-grpc1859-b10,measured,B,grpc1859,R,10,V_ok,2,671,59,03caf8845ec749afaf4df6d40884e635189f7506ee30b307ebc2ee58c9a9ffd0,2026-09-25T14:52:42.771390Z,2026-09-25T14:52:43.405015Z,0.633589,1.25114,0,False,True,True,0,0,PASS,,mechanical,9cc88d7a2e900b28eff771bcd0891c9468ba6ca23393bd4f44f653907f1eb2eb,e3b0c44298fc1c149afbf4c8996fb92427ae41e4649b934ca495991b7852b855
c1v1-measured-grpc1859-b10-R-ok-a3,c1v1-grpc1859-b10,measured,B,grpc1859,R,10,V_ok,3,672,60,acbc975ef0be545f2b49db606ecbfe220a36f20be0826166c0376ce1a113c72c,2026-09-25T14:52:46.040926Z,2026-09-25T14:52:46.619435Z,0.578482,1.192544,0,False,True,True,0,0,PASS,,mechanical,9cc88d7a2e900b28eff771bcd0891c9468ba6ca23393bd4f44f653907f1eb2eb,e3b0c44298fc1c149afbf4c8996fb92427ae41e4649b934ca495991b7852b855
c1v1-measured-grpc2391-b01-L-ok-a1,c1v1-grpc2391-b01,measured,A,grpc2391,L,1,V_ok,1,4,1,9331f9bd3f07560dca4caf49e3088dfa3010d88b7926fb07401642a7f394c602,2026-09-25T13:07:01.389218Z,2026-09-25T13:07:01.807420Z,0.418171,1.037824,0,False,True,True,200000,100000,PASS,,mechanical,93fb0fd80776197406f4c6886b2c26cd753d4cded61b45998f2dc1dbf648e24c,e3b0c44298fc1c149afbf4c8996fb92427ae41e4649b934ca495991b7852b855
c1v1-measured-grpc2391-b01-L-ok-a2,c1v1-grpc2391-b01,measured,A,grpc2391,L,1,V_ok,2,5,2,bcd3893c4b7dac57dca3b115952e1b082afa1025fa8ed8fcaaccfde954305384,2026-09-25T13:07:04.441001Z,2026-09-25T13:07:04.912999Z,0.471967,1.098169,0,False,True,True,200000,100000,PASS,,mechanical,93fb0fd80776197406f4c6886b2c26cd753d4cded61b45998f2dc1dbf648e24c,e3b0c44298fc1c149afbf4c8996fb92427ae41e4649b934ca495991b7852b855
c1v1-measured-grpc2391-b01-L-ok-a3,c1v1-grpc2391-b01,measured,A,grpc2391,L,1,V_ok,3,6,3,ddb95d05aa0f2395cd752ff64be8abacaced12ca56c9553af280785fc0cedcb5,2026-09-25T13:07:07.550052Z,2026-09-25T13:07:07.974292Z,0.42421,0.980183,0,False,True,True,200000,100000,PASS,,mechanical,93fb0fd80776197406f4c6886b2c26cd753d4cded61b45998f2dc1dbf648e24c,e3b0c44298fc1c149afbf4c8996fb92427ae41e4649b934ca495991b7852b855
c1v1-measured-grpc2391-b01-L-bad-a1,c1v1-grpc2391-b01,measured,A,grpc2391,L,1,V_bad,1,7,4,e45004899ed02fd4c5bec88d3bb3c1dca73ec0d804355c0a48f02c68bfc1d7a6,2026-09-25T13:07:10.541637Z,2026-09-25T13:07:11.077255Z,0.53559,1.161723,0,False,True,True,200000,100000,PASS,,mechanical,70f99e6045b8437bac3344a211a57ec452e41fc467e4e4e41e3c45bcd83d0dd7,e3b0c44298fc1c149afbf4c8996fb92427ae41e4649b934ca495991b7852b855
c1v1-measured-grpc2391-b01-L-bad-a2,c1v1-grpc2391-b01,measured,A,grpc2391,L,1,V_bad,2,8,5,2d7d7bffc4bb646f365c67ae4d804752eac9fc3529d548559a6ce6118495b356,2026-09-25T13:07:13.722386Z,2026-09-25T13:07:32.861734Z,19.139315,19.767944,1,False,True,True,200000,100000,FOCAL_DEFECT_WITNESS,a,mechanical,ae42b1713032d4fae7daa0fc6cb3ba1b9e06a832cedc88fa1153d519c2122197,e3b0c44298fc1c149afbf4c8996fb92427ae41e4649b934ca495991b7852b855
c1v1-measured-grpc2391-b01-L-bad-a3,c1v1-grpc2391-b01,measured,A,grpc2391,L,1,V_bad,3,9,6,292ae19116362c6ef3e599d081fa5e6b739aa9ce261795e03312b4261faba187,2026-09-25T13:07:35.495239Z,2026-09-25T13:07:54.614394Z,19.119124,19.754639,1,False,True,True,200000,100000,FOCAL_DEFECT_WITNESS,a,mechanical,ae54cd7f2f0bcc7f914a78dd62c5a12a4a18bd16ffefab3916779aed92a5382a,e3b0c44298fc1c149afbf4c8996fb92427ae41e4649b934ca495991b7852b855
c1v1-measured-grpc2391-b02-L-ok-a1,c1v1-grpc2391-b02,measured,A,grpc2391,L,2,V_ok,1,121,7,0fa54388fa77be695b60a3eba4b8d6e4d21a85c5aa3717d590985d4e76521a7f,2026-09-25T13:24:33.854062Z,2026-09-25T13:24:34.265796Z,0.411705,1.018635,0,False,True,True,200000,100000,PASS,,mechanical,70f99e6045b8437bac3344a211a57ec452e41fc467e4e4e41e3c45bcd83d0dd7,e3b0c44298fc1c149afbf4c8996fb92427ae41e4649b934ca495991b7852b855
c1v1-measured-grpc2391-b02-L-ok-a2,c1v1-grpc2391-b02,measured,A,grpc2391,L,2,V_ok,2,122,8,47fac2a009c156bdd71d0b96ef153e8372f1e8a967abf6a136c809c3be8ad36f,2026-09-25T13:24:36.890734Z,2026-09-25T13:24:37.266307Z,0.375539,0.995338,0,False,True,True,200000,100000,PASS,,mechanical,93fb0fd80776197406f4c6886b2c26cd753d4cded61b45998f2dc1dbf648e24c,e3b0c44298fc1c149afbf4c8996fb92427ae41e4649b934ca495991b7852b855
c1v1-measured-grpc2391-b02-L-ok-a3,c1v1-grpc2391-b02,measured,A,grpc2391,L,2,V_ok,3,123,9,a7c3a8556ba990e4c35687c0e2b00d7ff52cabf6d1d70d74e6554b59a0d1cb30,2026-09-25T13:24:39.964101Z,2026-09-25T13:24:40.426905Z,0.462776,1.160469,0,False,True,True,200000,100000,PASS,,mechanical,93fb0fd80776197406f4c6886b2c26cd753d4cded61b45998f2dc1dbf648e24c,e3b0c44298fc1c149afbf4c8996fb92427ae41e4649b934ca495991b7852b855
c1v1-measured-grpc2391-b02-L-bad-a1,c1v1-grpc2391-b02,measured,A,grpc2391,L,2,V_bad,1,127,10,7c74fd1d3b2cb25c08866258f9412e8226424eae7c993bd81a33a175ab69229e,2026-09-25T13:25:47.870999Z,2026-09-25T13:26:06.829321Z,18.958296,19.575651,1,False,True,True,200000,100000,FOCAL_DEFECT_WITNESS,a,mechanical,9acb504ab91682c1230a12a0523e1e61c525e4b6eaaee91f1b5ff459d802c778,e3b0c44298fc1c149afbf4c8996fb92427ae41e4649b934ca495991b7852b855
c1v1-measured-grpc2391-b02-L-bad-a2,c1v1-grpc2391-b02,measured,A,grpc2391,L,2,V_bad,2,128,11,52393e3d7c42dca69b7b0ecb894a0453b2e0935b18890e9a48963d0378a0644f,2026-09-25T13:26:09.443583Z,2026-09-25T13:26:28.463082Z,19.019472,19.618767,1,False,True,True,200000,100000,FOCAL_DEFECT_WITNESS,a,mechanical,ded5db84bc00d868a444f3e88122219835a8c34cc1c780b77072fd63628f9a3d,e3b0c44298fc1c149afbf4c8996fb92427ae41e4649b934ca495991b7852b855
c1v1-measured-grpc2391-b02-L-bad-a3,c1v1-grpc2391-b02,measured,A,grpc2391,L,2,V_bad,3,129,12,4c712606f42b200e93f5e987fcca50dd13353561e7d9180f73057c9283cdf820,2026-09-25T13:26:31.085423Z,2026-09-25T13:26:31.485968Z,0.40052,1.005757,0,False,True,True,200000,100000,PASS,,mechanical,93fb0fd80776197406f4c6886b2c26cd753d4cded61b45998f2dc1dbf648e24c,e3b0c44298fc1c149afbf4c8996fb92427ae41e4649b934ca495991b7852b855
c1v1-measured-grpc2391-b03-L-ok-a1,c1v1-grpc2391-b03,measured,A,grpc2391,L,3,V_ok,1,193,13,3ac79ae63ef230b5f68fc8f74b0b3725e865488c28a79d4552b93801681e1130,2026-09-25T13:36:51.152646Z,2026-09-25T13:36:51.651746Z,0.499072,1.109998,0,False,True,True,200000,100000,PASS,,mechanical,70f99e6045b8437bac3344a211a57ec452e41fc467e4e4e41e3c45bcd83d0dd7,e3b0c44298fc1c149afbf4c8996fb92427ae41e4649b934ca495991b7852b855
c1v1-measured-grpc2391-b03-L-ok-a2,c1v1-grpc2391-b03,measured,A,grpc2391,L,3,V_ok,2,194,14,74e9f99f129e236660eb9f9b0dccf2d8204b94a4c1bddd618d7db96c99318601,2026-09-25T13:36:54.276815Z,2026-09-25T13:36:54.714925Z,0.438073,1.050491,0,False,True,True,200000,100000,PASS,,mechanical,93fb0fd80776197406f4c6886b2c26cd753d4cded61b45998f2dc1dbf648e24c,e3b0c44298fc1c149afbf4c8996fb92427ae41e4649b934ca495991b7852b855
c1v1-measured-grpc2391-b03-L-ok-a3,c1v1-grpc2391-b03,measured,A,grpc2391,L,3,V_ok,3,195,15,ac7668540fa4d4edc85fd6de762b88aac649131862b968a8165b4e26feb349a2,2026-09-25T13:36:57.346199Z,2026-09-25T13:36:57.745761Z,0.399531,1.010459,0,False,True,True,200000,100000,PASS,,mechanical,93fb0fd80776197406f4c6886b2c26cd753d4cded61b45998f2dc1dbf648e24c,e3b0c44298fc1c149afbf4c8996fb92427ae41e4649b934ca495991b7852b855
c1v1-measured-grpc2391-b03-L-bad-a1,c1v1-grpc2391-b03,measured,A,grpc2391,L,3,V_bad,1,199,16,26d87c6a124cc64011b5850620ecad9881b4e5f679e9f716a29a7367fa993801,2026-09-25T13:38:04.985004Z,2026-09-25T13:38:24.026946Z,19.041914,19.657225,1,False,True,True,200000,100000,FOCAL_DEFECT_WITNESS,a,mechanical,55b6475d47201719722ddd38be26bb183d7d5730b991013bd715d247a0df1224,e3b0c44298fc1c149afbf4c8996fb92427ae41e4649b934ca495991b7852b855
c1v1-measured-grpc2391-b03-L-bad-a2,c1v1-grpc2391-b03,measured,A,grpc2391,L,3,V_bad,2,200,17,9b94631db56345b882df8afa780672a193c1e6c1e7ce786ef3ff4a28063f11a2,2026-09-25T13:38:26.646194Z,2026-09-25T13:38:45.440921Z,18.794697,19.399717,1,False,True,True,200000,100000,FOCAL_DEFECT_WITNESS,a,mechanical,3563d25a74123fb2b97eaa6651a2a38daa90f0e5079e6fd0896624fba9a76c71,e3b0c44298fc1c149afbf4c8996fb92427ae41e4649b934ca495991b7852b855
c1v1-measured-grpc2391-b03-L-bad-a3,c1v1-grpc2391-b03,measured,A,grpc2391,L,3,V_bad,3,201,18,4a94496a728d525f395df7a55f9e6bd4fb53e4910c1555f5b36e1127270890c1,2026-09-25T13:38:48.058785Z,2026-09-25T13:39:07.210296Z,19.151483,19.762223,1,False,True,True,200000,100000,FOCAL_DEFECT_WITNESS,a,mechanical,9bd294e5123b75e49152b7dbfae2dfa98e6535c9193cb3cd50ec54f779f479a8,e3b0c44298fc1c149afbf4c8996fb92427ae41e4649b934ca495991b7852b855
c1v1-measured-grpc2391-b04-L-bad-a1,c1v1-grpc2391-b04,measured,A,grpc2391,L,4,V_bad,1,217,19,260eeac8171fcdf297817bf7379822152965aba88f42996ba126c5f57bda89a3,2026-09-25T13:39:57.762683Z,2026-09-25T13:40:16.669845Z,18.907136,19.469428,1,False,True,True,200000,100000,FOCAL_DEFECT_WITNESS,a,mechanical,6d0aa750dcf207b0bc1d4f841da333f261fe85307f469db2866cd81b3ba865bf,e3b0c44298fc1c149afbf4c8996fb92427ae41e4649b934ca495991b7852b855
c1v1-measured-grpc2391-b04-L-bad-a2,c1v1-grpc2391-b04,measured,A,grpc2391,L,4,V_bad,2,218,20,41d767745f9bca9c42d0e99702eb21c27983daa3278751cbad153960b29e6385,2026-09-25T13:40:19.230326Z,2026-09-25T13:40:38.317574Z,19.08722,19.710212,1,False,True,True,200000,100000,FOCAL_DEFECT_WITNESS,a,mechanical,413b87e734a926e6c900bd501a64bc4be0d9b1c31f4a476fcc1bde70db0ed2a3,e3b0c44298fc1c149afbf4c8996fb92427ae41e4649b934ca495991b7852b855
c1v1-measured-grpc2391-b04-L-bad-a3,c1v1-grpc2391-b04,measured,A,grpc2391,L,4,V_bad,3,219,21,a1c0c68604b22325ee0cdb1271456b2f8394968d0eb31bdb869f1f9dcb665817,2026-09-25T13:40:40.948661Z,2026-09-25T13:40:59.903773Z,18.955086,19.578947,1,False,True,True,200000,100000,FOCAL_DEFECT_WITNESS,a,mechanical,9acb504ab91682c1230a12a0523e1e61c525e4b6eaaee91f1b5ff459d802c778,e3b0c44298fc1c149afbf4c8996fb92427ae41e4649b934ca495991b7852b855
c1v1-measured-grpc2391-b04-L-ok-a1,c1v1-grpc2391-b04,measured,A,grpc2391,L,4,V_ok,1,226,22,f1335451178178f26aa01a77faf5e061fd087f3f5afcbe26df19ec97c7e67d66,2026-09-25T13:42:16.027765Z,2026-09-25T13:42:16.426876Z,0.399084,0.997758,0,False,True,True,200000,100000,PASS,,mechanical,93fb0fd80776197406f4c6886b2c26cd753d4cded61b45998f2dc1dbf648e24c,e3b0c44298fc1c149afbf4c8996fb92427ae41e4649b934ca495991b7852b855
c1v1-measured-grpc2391-b04-L-ok-a2,c1v1-grpc2391-b04,measured,A,grpc2391,L,4,V_ok,2,227,23,0fd3a9cf7c152688c945addea29e59d9cffdb0799fb92a028ccb5f153f6f1037,2026-09-25T13:42:19.042038Z,2026-09-25T13:42:19.461733Z,0.419664,1.02933,0,False,True,True,200000,100000,PASS,,mechanical,93fb0fd80776197406f4c6886b2c26cd753d4cded61b45998f2dc1dbf648e24c,e3b0c44298fc1c149afbf4c8996fb92427ae41e4649b934ca495991b7852b855
c1v1-measured-grpc2391-b04-L-ok-a3,c1v1-grpc2391-b04,measured,A,grpc2391,L,4,V_ok,3,228,24,4797976c722c45adad15ca187d5eacbe7278054c9b6cd0652e24d3027231ab96,2026-09-25T13:42:22.084130Z,2026-09-25T13:42:22.473747Z,0.389586,0.98528,0,False,True,True,200000,100000,PASS,,mechanical,93fb0fd80776197406f4c6886b2c26cd753d4cded61b45998f2dc1dbf648e24c,e3b0c44298fc1c149afbf4c8996fb92427ae41e4649b934ca495991b7852b855
c1v1-measured-grpc2391-b05-L-bad-a1,c1v1-grpc2391-b05,measured,A,grpc2391,L,5,V_bad,1,352,25,3df4d6a8128efa8eb45ab4a11a65f1f8ac3fe19589ee9a9138bb7119d33e02c5,2026-09-25T13:59:46.316940Z,2026-09-25T14:00:05.067520Z,18.750554,19.354847,1,False,True,True,200000,100000,FOCAL_DEFECT_WITNESS,a,mechanical,6d0aa750dcf207b0bc1d4f841da333f261fe85307f469db2866cd81b3ba865bf,e3b0c44298fc1c149afbf4c8996fb92427ae41e4649b934ca495991b7852b855
c1v1-measured-grpc2391-b05-L-bad-a2,c1v1-grpc2391-b05,measured,A,grpc2391,L,5,V_bad,2,353,26,b3a6f86e5d452906595b77918cee0382393f10dd3a885c0c935f468bc35d3792,2026-09-25T14:00:07.690126Z,2026-09-25T14:00:26.717888Z,19.027735,19.630527,1,False,True,True,200000,100000,FOCAL_DEFECT_WITNESS,a,mechanical,ae54cd7f2f0bcc7f914a78dd62c5a12a4a18bd16ffefab3916779aed92a5382a,e3b0c44298fc1c149afbf4c8996fb92427ae41e4649b934ca495991b7852b855
c1v1-measured-grpc2391-b05-L-bad-a3,c1v1-grpc2391-b05,measured,A,grpc2391,L,5,V_bad,3,354,27,bc38579be2f89a3daefb315d137d052617dd795a540ca2511989546d1fde020a,2026-09-25T14:00:29.335211Z,2026-09-25T14:00:48.294497Z,18.959255,19.564384,1,False,True,True,200000,100000,FOCAL_DEFECT_WITNESS,a,mechanical,ae54cd7f2f0bcc7f914a78dd62c5a12a4a18bd16ffefab3916779aed92a5382a,e3b0c44298fc1c149afbf4c8996fb92427ae41e4649b934ca495991b7852b855
c1v1-measured-grpc2391-b05-L-ok-a1,c1v1-grpc2391-b05,measured,A,grpc2391,L,5,V_ok,1,358,28,cdb3b1f22268250dc0fef19868533048bef725d0a7ccfcee83c490a8d8b3a98f,2026-09-25T14:01:00.096566Z,2026-09-25T14:01:00.535043Z,0.438443,0.973638,0,False,True,True,200000,100000,PASS,,mechanical,93fb0fd80776197406f4c6886b2c26cd753d4cded61b45998f2dc1dbf648e24c,e3b0c44298fc1c149afbf4c8996fb92427ae41e4649b934ca495991b7852b855
c1v1-measured-grpc2391-b05-L-ok-a2,c1v1-grpc2391-b05,measured,A,grpc2391,L,5,V_ok,2,359,29,692251bba154d1b2c3cca14e858b2fb3fa8e597891d03e765578651663e5a38b,2026-09-25T14:01:03.081597Z,2026-09-25T14:01:03.498391Z,0.416763,1.042973,0,False,True,True,200000,100000,PASS,,mechanical,93fb0fd80776197406f4c6886b2c26cd753d4cded61b45998f2dc1dbf648e24c,e3b0c44298fc1c149afbf4c8996fb92427ae41e4649b934ca495991b7852b855
c1v1-measured-grpc2391-b05-L-ok-a3,c1v1-grpc2391-b05,measured,A,grpc2391,L,5,V_ok,3,360,30,9a1c06304e6fd90de6f56a1ef0a7fbf075fb0c052789957d011592c722498ed6,2026-09-25T14:01:06.157763Z,2026-09-25T14:01:06.609790Z,0.451994,1.111701,0,False,True,True,200000,100000,PASS,,mechanical,93fb0fd80776197406f4c6886b2c26cd753d4cded61b45998f2dc1dbf648e24c,e3b0c44298fc1c149afbf4c8996fb92427ae41e4649b934ca495991b7852b855
c1v1-measured-grpc2391-b06-L-ok-a1,c1v1-grpc2391-b06,measured,B,grpc2391,L,6,V_ok,1,364,31,832758dcba0bedbf82976979780be33ad90958bc4badf0308e9e6d48c2b86f99,2026-09-25T14:09:48.649060Z,2026-09-25T14:09:49.081424Z,0.432338,1.043112,0,False,True,True,200000,100000,PASS,,mechanical,93fb0fd80776197406f4c6886b2c26cd753d4cded61b45998f2dc1dbf648e24c,e3b0c44298fc1c149afbf4c8996fb92427ae41e4649b934ca495991b7852b855
c1v1-measured-grpc2391-b06-L-ok-a2,c1v1-grpc2391-b06,measured,B,grpc2391,L,6,V_ok,2,365,32,cd0c623cc619ca554ca09bd77d719e66959c05aa1ca1c3a33ad4953784767256,2026-09-25T14:09:51.711753Z,2026-09-25T14:09:52.119058Z,0.407274,0.954181,0,False,True,True,200000,100000,PASS,,mechanical,93fb0fd80776197406f4c6886b2c26cd753d4cded61b45998f2dc1dbf648e24c,e3b0c44298fc1c149afbf4c8996fb92427ae41e4649b934ca495991b7852b855
c1v1-measured-grpc2391-b06-L-ok-a3,c1v1-grpc2391-b06,measured,B,grpc2391,L,6,V_ok,3,366,33,60bb5022145ca8b2afb7abb2cc178750aadf25c2b8539b33364d91b167571961,2026-09-25T14:09:54.680299Z,2026-09-25T14:09:55.105264Z,0.424936,1.043049,0,False,True,True,200000,100000,PASS,,mechanical,93fb0fd80776197406f4c6886b2c26cd753d4cded61b45998f2dc1dbf648e24c,e3b0c44298fc1c149afbf4c8996fb92427ae41e4649b934ca495991b7852b855
c1v1-measured-grpc2391-b06-L-bad-a1,c1v1-grpc2391-b06,measured,B,grpc2391,L,6,V_bad,1,370,34,a8f087fb02903a3e8ffc44a016fd3f16af00cf48d275a39d3dfa470cb59fa218,2026-09-25T14:11:04.890855Z,2026-09-25T14:11:24.362347Z,19.471462,20.080083,1,False,True,True,200000,100000,FOCAL_DEFECT_WITNESS,a,mechanical,ded5db84bc00d868a444f3e88122219835a8c34cc1c780b77072fd63628f9a3d,e3b0c44298fc1c149afbf4c8996fb92427ae41e4649b934ca495991b7852b855
c1v1-measured-grpc2391-b06-L-bad-a2,c1v1-grpc2391-b06,measured,B,grpc2391,L,6,V_bad,2,371,35,947b2c64dd09723e6963815fdf40f7efa431130e7786f0156a2ebee909e2f987,2026-09-25T14:11:26.992112Z,2026-09-25T14:11:46.844916Z,19.852776,20.457193,1,False,True,True,200000,100000,FOCAL_DEFECT_WITNESS,a,mechanical,ded5db84bc00d868a444f3e88122219835a8c34cc1c780b77072fd63628f9a3d,e3b0c44298fc1c149afbf4c8996fb92427ae41e4649b934ca495991b7852b855
c1v1-measured-grpc2391-b06-L-bad-a3,c1v1-grpc2391-b06,measured,B,grpc2391,L,6,V_bad,3,372,36,861ca096be49e76142db57086faa8bf2dad963c819de4a37b68f0a1a223e732e,2026-09-25T14:11:49.467264Z,2026-09-25T14:12:09.379999Z,19.912707,20.531639,1,False,True,True,200000,100000,FOCAL_DEFECT_WITNESS,a,mechanical,ded5db84bc00d868a444f3e88122219835a8c34cc1c780b77072fd63628f9a3d,e3b0c44298fc1c149afbf4c8996fb92427ae41e4649b934ca495991b7852b855
c1v1-measured-grpc2391-b07-L-bad-a1,c1v1-grpc2391-b07,measured,B,grpc2391,L,7,V_bad,1,472,37,d9e375eaa13700dee21c823226606f142366acc57c85ea8de6fe7448320adf70,2026-09-25T14:22:08.226014Z,2026-09-25T14:22:28.428003Z,20.201962,20.821538,1,False,True,True,200000,100000,FOCAL_DEFECT_WITNESS,a,mechanical,ded5db84bc00d868a444f3e88122219835a8c34cc1c780b77072fd63628f9a3d,e3b0c44298fc1c149afbf4c8996fb92427ae41e4649b934ca495991b7852b855
c1v1-measured-grpc2391-b07-L-bad-a2,c1v1-grpc2391-b07,measured,B,grpc2391,L,7,V_bad,2,473,38,b6959b675226170562be3dab64aeb8d0f81923ac097e1833f706c0e792d4395e,2026-09-25T14:22:31.063489Z,2026-09-25T14:22:51.358840Z,20.295324,20.912429,1,False,True,True,200000,100000,FOCAL_DEFECT_WITNESS,a,mechanical,6d0aa750dcf207b0bc1d4f841da333f261fe85307f469db2866cd81b3ba865bf,e3b0c44298fc1c149afbf4c8996fb92427ae41e4649b934ca495991b7852b855
c1v1-measured-grpc2391-b07-L-bad-a3,c1v1-grpc2391-b07,measured,B,grpc2391,L,7,V_bad,3,474,39,0b16be381b9f6f8229e7f9001d01a64414da1360ef32d891612f468695fc54b1,2026-09-25T14:22:53.981498Z,2026-09-25T14:23:14.198232Z,20.216706,20.833834,1,False,True,True,200000,100000,FOCAL_DEFECT_WITNESS,a,mechanical,6d0aa750dcf207b0bc1d4f841da333f261fe85307f469db2866cd81b3ba865bf,e3b0c44298fc1c149afbf4c8996fb92427ae41e4649b934ca495991b7852b855
c1v1-measured-grpc2391-b07-L-ok-a1,c1v1-grpc2391-b07,measured,B,grpc2391,L,7,V_ok,1,478,40,f953fc48d9bd2558aaac8546f98a1c621f5b516a7217dc745214b33770f3a0f3,2026-09-25T14:24:25.467917Z,2026-09-25T14:24:25.991096Z,0.52315,1.13453,0,False,True,True,200000,100000,PASS,,mechanical,93fb0fd80776197406f4c6886b2c26cd753d4cded61b45998f2dc1dbf648e24c,e3b0c44298fc1c149afbf4c8996fb92427ae41e4649b934ca495991b7852b855
c1v1-measured-grpc2391-b07-L-ok-a2,c1v1-grpc2391-b07,measured,B,grpc2391,L,7,V_ok,2,479,41,197b128159f175e0f6aa66473f0b11a316c76a545ab9c8b65852fa0fceb04a5e,2026-09-25T14:24:28.618964Z,2026-09-25T14:24:29.025217Z,0.406224,1.011406,0,False,True,True,200000,100000,PASS,,mechanical,93fb0fd80776197406f4c6886b2c26cd753d4cded61b45998f2dc1dbf648e24c,e3b0c44298fc1c149afbf4c8996fb92427ae41e4649b934ca495991b7852b855
c1v1-measured-grpc2391-b07-L-ok-a3,c1v1-grpc2391-b07,measured,B,grpc2391,L,7,V_ok,3,480,42,667326c3d3fbceeccf054ccbbb8939eb54f3a2865e132aecec9b8ddda26e860e,2026-09-25T14:24:31.641219Z,2026-09-25T14:24:32.051748Z,0.410499,1.010428,0,False,True,True,200000,100000,PASS,,mechanical,93fb0fd80776197406f4c6886b2c26cd753d4cded61b45998f2dc1dbf648e24c,e3b0c44298fc1c149afbf4c8996fb92427ae41e4649b934ca495991b7852b855
c1v1-measured-grpc2391-b08-L-ok-a1,c1v1-grpc2391-b08,measured,B,grpc2391,L,8,V_ok,1,511,43,97015464e2b9feb61b5e2c50e8ba3a51a300c18141ad7387dd1c1a0c7cbb96f0,2026-09-25T14:30:53.417129Z,2026-09-25T14:30:53.845941Z,0.428786,1.047999,0,False,True,True,200000,100000,PASS,,mechanical,93fb0fd80776197406f4c6886b2c26cd753d4cded61b45998f2dc1dbf648e24c,e3b0c44298fc1c149afbf4c8996fb92427ae41e4649b934ca495991b7852b855
c1v1-measured-grpc2391-b08-L-ok-a2,c1v1-grpc2391-b08,measured,B,grpc2391,L,8,V_ok,2,512,44,430f7c94f77f0c8e4fc6f485c5c43d3325c90b3dfe8edac5650b1eb8e44adbce,2026-09-25T14:30:56.479975Z,2026-09-25T14:30:56.868017Z,0.388012,0.991146,0,False,True,True,200000,100000,PASS,,mechanical,93fb0fd80776197406f4c6886b2c26cd753d4cded61b45998f2dc1dbf648e24c,e3b0c44298fc1c149afbf4c8996fb92427ae41e4649b934ca495991b7852b855
c1v1-measured-grpc2391-b08-L-ok-a3,c1v1-grpc2391-b08,measured,B,grpc2391,L,8,V_ok,3,513,45,0b73c7e2273500effcf844925de5a0463d0bb15a8fb0805f614aba6be23ddbad,2026-09-25T14:30:59.515019Z,2026-09-25T14:30:59.966793Z,0.451746,1.099203,0,False,True,True,200000,100000,PASS,,mechanical,93fb0fd80776197406f4c6886b2c26cd753d4cded61b45998f2dc1dbf648e24c,e3b0c44298fc1c149afbf4c8996fb92427ae41e4649b934ca495991b7852b855
c1v1-measured-grpc2391-b08-L-bad-a1,c1v1-grpc2391-b08,measured,B,grpc2391,L,8,V_bad,1,514,46,561db4269f76636348cb34f1956c831c9f023cef4a84b031f18c567f62074d3e,2026-09-25T14:31:02.643169Z,2026-09-25T14:31:23.037502Z,20.394298,20.969688,1,False,True,True,200000,100000,FOCAL_DEFECT_WITNESS,a,mechanical,6d0aa750dcf207b0bc1d4f841da333f261fe85307f469db2866cd81b3ba865bf,e3b0c44298fc1c149afbf4c8996fb92427ae41e4649b934ca495991b7852b855
c1v1-measured-grpc2391-b08-L-bad-a2,c1v1-grpc2391-b08,measured,B,grpc2391,L,8,V_bad,2,515,47,858c3623d911e40afbdfbc8fb46c93ca28b4d68567109211c4cadfac68b39338,2026-09-25T14:31:25.589974Z,2026-09-25T14:31:45.892027Z,20.302023,20.837145,1,False,True,True,200000,100000,FOCAL_DEFECT_WITNESS,a,mechanical,6d0aa750dcf207b0bc1d4f841da333f261fe85307f469db2866cd81b3ba865bf,e3b0c44298fc1c149afbf4c8996fb92427ae41e4649b934ca495991b7852b855
c1v1-measured-grpc2391-b08-L-bad-a3,c1v1-grpc2391-b08,measured,B,grpc2391,L,8,V_bad,3,516,48,6fdd463b9959209c5678df394d3a98656f6a3967884dc184234b14b502795e16,2026-09-25T14:31:48.379183Z,2026-09-25T14:32:08.785945Z,20.406734,20.870221,1,False,True,True,200000,100000,FOCAL_DEFECT_WITNESS,a,mechanical,ded5db84bc00d868a444f3e88122219835a8c34cc1c780b77072fd63628f9a3d,e3b0c44298fc1c149afbf4c8996fb92427ae41e4649b934ca495991b7852b855
c1v1-measured-grpc2391-b09-L-ok-a1,c1v1-grpc2391-b09,measured,B,grpc2391,L,9,V_ok,1,592,49,3ebf71e19deb2d4305b5f6248fce9f1757ee42f9bb20be89c6e4569e6dd4dc18,2026-09-25T14:40:50.269605Z,2026-09-25T14:40:50.779745Z,0.510112,1.122033,0,False,True,True,200000,100000,PASS,,mechanical,93fb0fd80776197406f4c6886b2c26cd753d4cded61b45998f2dc1dbf648e24c,e3b0c44298fc1c149afbf4c8996fb92427ae41e4649b934ca495991b7852b855
c1v1-measured-grpc2391-b09-L-ok-a2,c1v1-grpc2391-b09,measured,B,grpc2391,L,9,V_ok,2,593,50,c5c9f52bfcc7ed3f65b094ae1bc515b47e020b2d9a98c7d1b590caf6af14d820,2026-09-25T14:40:53.409026Z,2026-09-25T14:40:53.855645Z,0.446575,1.05231,0,False,True,True,200000,100000,PASS,,mechanical,93fb0fd80776197406f4c6886b2c26cd753d4cded61b45998f2dc1dbf648e24c,e3b0c44298fc1c149afbf4c8996fb92427ae41e4649b934ca495991b7852b855
c1v1-measured-grpc2391-b09-L-ok-a3,c1v1-grpc2391-b09,measured,B,grpc2391,L,9,V_ok,3,594,51,7de70021fd4b6b9bc179000da303a79d21d14fe8143838b4828556cbb2d9fcde,2026-09-25T14:40:56.481542Z,2026-09-25T14:40:56.924672Z,0.443092,1.053273,0,False,True,True,200000,100000,PASS,,mechanical,93fb0fd80776197406f4c6886b2c26cd753d4cded61b45998f2dc1dbf648e24c,e3b0c44298fc1c149afbf4c8996fb92427ae41e4649b934ca495991b7852b855
c1v1-measured-grpc2391-b09-L-bad-a1,c1v1-grpc2391-b09,measured,B,grpc2391,L,9,V_bad,1,598,52,1a06d3d40b05717664b0ba88064fda632526997a537f6e761a5fca03b632ee9e,2026-09-25T14:41:08.631110Z,2026-09-25T14:41:29.062725Z,20.431579,20.836876,1,False,True,True,200000,100000,FOCAL_DEFECT_WITNESS,a,mechanical,6d0aa750dcf207b0bc1d4f841da333f261fe85307f469db2866cd81b3ba865bf,e3b0c44298fc1c149afbf4c8996fb92427ae41e4649b934ca495991b7852b855
c1v1-measured-grpc2391-b09-L-bad-a2,c1v1-grpc2391-b09,measured,B,grpc2391,L,9,V_bad,2,599,53,95958e09221500226542e2963d270bcd903945c6104328b48441551bd0812e1d,2026-09-25T14:41:31.552560Z,2026-09-25T14:41:51.994423Z,20.441831,20.980273,1,False,True,True,200000,100000,FOCAL_DEFECT_WITNESS,a,mechanical,6d0aa750dcf207b0bc1d4f841da333f261fe85307f469db2866cd81b3ba865bf,e3b0c44298fc1c149afbf4c8996fb92427ae41e4649b934ca495991b7852b855
c1v1-measured-grpc2391-b09-L-bad-a3,c1v1-grpc2391-b09,measured,B,grpc2391,L,9,V_bad,3,600,54,144a5c67c0a8a46439ab445687f805a9b41e859f0e08f327c1429cec583017bf,2026-09-25T14:41:54.551036Z,2026-09-25T14:42:14.924170Z,20.373105,20.913865,1,False,True,True,200000,100000,FOCAL_DEFECT_WITNESS,a,mechanical,6d0aa750dcf207b0bc1d4f841da333f261fe85307f469db2866cd81b3ba865bf,e3b0c44298fc1c149afbf4c8996fb92427ae41e4649b934ca495991b7852b855
c1v1-measured-grpc2391-b10-L-ok-a1,c1v1-grpc2391-b10,measured,B,grpc2391,L,10,V_ok,1,652,55,a75a4f49e832e56abeae1863937ecf08c822623b1e1d1c6254c75fcf6be4d13b,2026-09-25T14:50:12.678661Z,2026-09-25T14:50:13.106128Z,0.427438,1.045343,0,False,True,True,200000,100000,PASS,,mechanical,93fb0fd80776197406f4c6886b2c26cd753d4cded61b45998f2dc1dbf648e24c,e3b0c44298fc1c149afbf4c8996fb92427ae41e4649b934ca495991b7852b855
c1v1-measured-grpc2391-b10-L-ok-a2,c1v1-grpc2391-b10,measured,B,grpc2391,L,10,V_ok,2,653,56,d193bd85db9805e2ff385e1a472ce1041af4a8cff3863283dfe2225864fe6724,2026-09-25T14:50:15.757011Z,2026-09-25T14:50:16.221559Z,0.46452,1.091892,0,False,True,True,200000,100000,PASS,,mechanical,93fb0fd80776197406f4c6886b2c26cd753d4cded61b45998f2dc1dbf648e24c,e3b0c44298fc1c149afbf4c8996fb92427ae41e4649b934ca495991b7852b855
c1v1-measured-grpc2391-b10-L-ok-a3,c1v1-grpc2391-b10,measured,B,grpc2391,L,10,V_ok,3,654,57,9c863a1677f4d61c43a4ff57d0ecf6ea32a1072c70d31eff122d1df9d014f0a5,2026-09-25T14:50:18.852102Z,2026-09-25T14:50:19.300514Z,0.448386,1.064718,0,False,True,True,200000,100000,PASS,,mechanical,93fb0fd80776197406f4c6886b2c26cd753d4cded61b45998f2dc1dbf648e24c,e3b0c44298fc1c149afbf4c8996fb92427ae41e4649b934ca495991b7852b855
c1v1-measured-grpc2391-b10-L-bad-a1,c1v1-grpc2391-b10,measured,B,grpc2391,L,10,V_bad,1,658,58,5fd862a4e7dd90fe740e81de84488b0d53410501628a373349442e67a6f7a42b,2026-09-25T14:51:11.018599Z,2026-09-25T14:51:11.460220Z,0.441592,1.060084,0,False,True,True,200000,100000,PASS,,mechanical,93fb0fd80776197406f4c6886b2c26cd753d4cded61b45998f2dc1dbf648e24c,e3b0c44298fc1c149afbf4c8996fb92427ae41e4649b934ca495991b7852b855
c1v1-measured-grpc2391-b10-L-bad-a2,c1v1-grpc2391-b10,measured,B,grpc2391,L,10,V_bad,2,659,59,7e27164ee4e68add2f27be085a8b31ae18dfd85bd69e1c087062fdce876ad590,2026-09-25T14:51:14.107346Z,2026-09-25T14:51:34.548889Z,20.441516,20.994051,1,False,True,True,200000,100000,FOCAL_DEFECT_WITNESS,a,mechanical,6d0aa750dcf207b0bc1d4f841da333f261fe85307f469db2866cd81b3ba865bf,e3b0c44298fc1c149afbf4c8996fb92427ae41e4649b934ca495991b7852b855
c1v1-measured-grpc2391-b10-L-bad-a3,c1v1-grpc2391-b10,measured,B,grpc2391,L,10,V_bad,3,660,60,2ed484e524ecd296ca3c0acc4a6478dd5fc0ce24ef7f96ee7d33e793f2179fce,2026-09-25T14:51:37.112329Z,2026-09-25T14:51:57.529113Z,20.416754,21.031554,1,False,True,True,200000,100000,FOCAL_DEFECT_WITNESS,a,mechanical,6d0aa750dcf207b0bc1d4f841da333f261fe85307f469db2866cd81b3ba865bf,e3b0c44298fc1c149afbf4c8996fb92427ae41e4649b934ca495991b7852b855
c1v1-measured-grpc2391-b01-R-ok-a1,c1v1-grpc2391-b01,measured,A,grpc2391,R,1,V_ok,1,1,1,b15d17d280016f14e30785e670f6c433c08d4d1827e01f9606ad8c2789b04a0e,2026-09-25T13:06:52.091416Z,2026-09-25T13:06:52.614876Z,0.523429,1.150644,0,False,True,True,0,0,PASS,,mechanical,70f99e6045b8437bac3344a211a57ec452e41fc467e4e4e41e3c45bcd83d0dd7,e3b0c44298fc1c149afbf4c8996fb92427ae41e4649b934ca495991b7852b855
c1v1-measured-grpc2391-b01-R-ok-a2,c1v1-grpc2391-b01,measured,A,grpc2391,R,1,V_ok,2,2,2,7ce5c1accc82407baa0ad5afa196e028299c132a0a29e14e23ea627d37336a07,2026-09-25T13:06:55.253382Z,2026-09-25T13:06:55.689702Z,0.436289,1.054781,0,False,True,True,0,0,PASS,,mechanical,93fb0fd80776197406f4c6886b2c26cd753d4cded61b45998f2dc1dbf648e24c,e3b0c44298fc1c149afbf4c8996fb92427ae41e4649b934ca495991b7852b855
c1v1-measured-grpc2391-b01-R-ok-a3,c1v1-grpc2391-b01,measured,A,grpc2391,R,1,V_ok,3,3,3,167c8acf18e77fbaf9ea02e8820182d550f68978e725a48f1364f67c92546e4f,2026-09-25T13:06:58.327411Z,2026-09-25T13:06:58.767578Z,0.440137,1.057321,0,False,True,True,0,0,PASS,,mechanical,93fb0fd80776197406f4c6886b2c26cd753d4cded61b45998f2dc1dbf648e24c,e3b0c44298fc1c149afbf4c8996fb92427ae41e4649b934ca495991b7852b855
c1v1-measured-grpc2391-b01-R-bad-a1,c1v1-grpc2391-b01,measured,A,grpc2391,R,1,V_bad,1,10,4,dedacc43a0866978aeb41df18d0a5be22cef1c020127a7644363f6a68f8ba8e7,2026-09-25T13:07:57.266777Z,2026-09-25T13:08:16.193479Z,18.926673,19.55506,1,False,True,True,0,0,FOCAL_DEFECT_WITNESS,a,mechanical,ded5db84bc00d868a444f3e88122219835a8c34cc1c780b77072fd63628f9a3d,e3b0c44298fc1c149afbf4c8996fb92427ae41e4649b934ca495991b7852b855
c1v1-measured-grpc2391-b01-R-bad-a2,c1v1-grpc2391-b01,measured,A,grpc2391,R,1,V_bad,2,11,5,1d4f827f18a53441eb73cdc0cab6ce33c7c37836b67445e17e98c5924d3fafe5,2026-09-25T13:08:18.832767Z,2026-09-25T13:08:37.827127Z,18.994331,19.610381,1,False,True,True,0,0,FOCAL_DEFECT_WITNESS,a,mechanical,ded5db84bc00d868a444f3e88122219835a8c34cc1c780b77072fd63628f9a3d,e3b0c44298fc1c149afbf4c8996fb92427ae41e4649b934ca495991b7852b855
c1v1-measured-grpc2391-b01-R-bad-a3,c1v1-grpc2391-b01,measured,A,grpc2391,R,1,V_bad,3,12,6,97737e5a87838baa936df4a94777451b50432cf9c8b0d144227d30587f1cccd2,2026-09-25T13:08:40.468941Z,2026-09-25T13:08:59.521802Z,19.052832,19.692735,1,False,True,True,0,0,FOCAL_DEFECT_WITNESS,a,mechanical,55b6475d47201719722ddd38be26bb183d7d5730b991013bd715d247a0df1224,e3b0c44298fc1c149afbf4c8996fb92427ae41e4649b934ca495991b7852b855
c1v1-measured-grpc2391-b02-R-bad-a1,c1v1-grpc2391-b02,measured,A,grpc2391,R,2,V_bad,1,124,7,4f2c373190355d49b45b5e19edc62f9e9f75d436544a1073956de4b48a429b9c,2026-09-25T13:24:43.075502Z,2026-09-25T13:25:02.022907Z,18.947377,19.5798,1,False,True,True,0,0,FOCAL_DEFECT_WITNESS,a,mechanical,ded5db84bc00d868a444f3e88122219835a8c34cc1c780b77072fd63628f9a3d,e3b0c44298fc1c149afbf4c8996fb92427ae41e4649b934ca495991b7852b855
c1v1-measured-grpc2391-b02-R-bad-a2,c1v1-grpc2391-b02,measured,A,grpc2391,R,2,V_bad,2,125,8,7b555853242d5e264d557cffccb5f61e62ceb19d551b88c68987b6ce735cbc66,2026-09-25T13:25:04.661648Z,2026-09-25T13:25:23.639797Z,18.978119,19.593994,1,False,True,True,0,0,FOCAL_DEFECT_WITNESS,a,mechanical,9acb504ab91682c1230a12a0523e1e61c525e4b6eaaee91f1b5ff459d802c778,e3b0c44298fc1c149afbf4c8996fb92427ae41e4649b934ca495991b7852b855
c1v1-measured-grpc2391-b02-R-bad-a3,c1v1-grpc2391-b02,measured,A,grpc2391,R,2,V_bad,3,126,9,3f4efbcb17b75e0b03d512b74a61055bf3d38f8691f5d08c2839124327f49f2b,2026-09-25T13:25:26.275107Z,2026-09-25T13:25:45.246093Z,18.970957,19.588193,1,False,True,True,0,0,FOCAL_DEFECT_WITNESS,a,mechanical,955958329613a153d9b3093e4e627ebb75f4d6dbf516103e7147edf0e4b151d6,e3b0c44298fc1c149afbf4c8996fb92427ae41e4649b934ca495991b7852b855
c1v1-measured-grpc2391-b02-R-ok-a1,c1v1-grpc2391-b02,measured,A,grpc2391,R,2,V_ok,1,130,10,27df40472342fb4ef2c8bf36c482627bdd01747cb351fc95cdb793db8790f4cb,2026-09-25T13:26:34.107785Z,2026-09-25T13:26:34.507370Z,0.399557,1.014439,0,False,True,True,0,0,PASS,,mechanical,93fb0fd80776197406f4c6886b2c26cd753d4cded61b45998f2dc1dbf648e24c,e3b0c44298fc1c149afbf4c8996fb92427ae41e4649b934ca495991b7852b855
c1v1-measured-grpc2391-b02-R-ok-a2,c1v1-grpc2391-b02,measured,A,grpc2391,R,2,V_ok,2,131,11,a5127768faa0d725a428f18576419fcb39b8b18c8008f0c1f7c6ee9663e3a7f2,2026-09-25T13:26:37.132764Z,2026-09-25T13:26:37.564793Z,0.432004,1.036745,0,False,True,True,0,0,PASS,,mechanical,93fb0fd80776197406f4c6886b2c26cd753d4cded61b45998f2dc1dbf648e24c,e3b0c44298fc1c149afbf4c8996fb92427ae41e4649b934ca495991b7852b855
c1v1-measured-grpc2391-b02-R-ok-a3,c1v1-grpc2391-b02,measured,A,grpc2391,R,2,V_ok,3,132,12,98093994e20a3c596652cd71b1c1e990b6bb8a937124f5c9e72ba95ad48de6c8,2026-09-25T13:26:40.188542Z,2026-09-25T13:26:40.585767Z,0.397195,1.010908,0,False,True,True,0,0,PASS,,mechanical,93fb0fd80776197406f4c6886b2c26cd753d4cded61b45998f2dc1dbf648e24c,e3b0c44298fc1c149afbf4c8996fb92427ae41e4649b934ca495991b7852b855
c1v1-measured-grpc2391-b03-R-bad-a1,c1v1-grpc2391-b03,measured,A,grpc2391,R,3,V_bad,1,196,13,0f26bd04cb79c6b003678273df0cc819172a0b3867074a0af54a138adc9600af,2026-09-25T13:37:00.376274Z,2026-09-25T13:37:19.307596Z,18.931296,19.546942,1,False,True,True,0,0,FOCAL_DEFECT_WITNESS,a,mechanical,3563d25a74123fb2b97eaa6651a2a38daa90f0e5079e6fd0896624fba9a76c71,e3b0c44298fc1c149afbf4c8996fb92427ae41e4649b934ca495991b7852b855
c1v1-measured-grpc2391-b03-R-bad-a2,c1v1-grpc2391-b03,measured,A,grpc2391,R,3,V_bad,2,197,14,c93c048ec56efa91ef1e857bc0a5f3155fb899aedcee27530ef563c5897e141a,2026-09-25T13:37:21.858801Z,2026-09-25T13:37:40.807342Z,18.948514,19.486951,1,False,True,True,0,0,FOCAL_DEFECT_WITNESS,a,mechanical,3563d25a74123fb2b97eaa6651a2a38daa90f0e5079e6fd0896624fba9a76c71,e3b0c44298fc1c149afbf4c8996fb92427ae41e4649b934ca495991b7852b855
c1v1-measured-grpc2391-b03-R-bad-a3,c1v1-grpc2391-b03,measured,A,grpc2391,R,3,V_bad,3,198,15,1e3914b725cbd3b57f2b0c1189b3a22b9d68f06bf6b6cf64a9b8b1c17862cb07,2026-09-25T13:37:43.430928Z,2026-09-25T13:38:02.342320Z,18.911357,19.532601,1,False,True,True,0,0,FOCAL_DEFECT_WITNESS,a,mechanical,ded5db84bc00d868a444f3e88122219835a8c34cc1c780b77072fd63628f9a3d,e3b0c44298fc1c149afbf4c8996fb92427ae41e4649b934ca495991b7852b855
c1v1-measured-grpc2391-b03-R-ok-a1,c1v1-grpc2391-b03,measured,A,grpc2391,R,3,V_ok,1,202,16,456123f2e7beb545b237f9903be73f44b1ce7e6ca3b461dc3c5a1f7bfd3c8da4,2026-09-25T13:39:09.840521Z,2026-09-25T13:39:10.218680Z,0.37813,0.989964,0,False,True,True,0,0,PASS,,mechanical,93fb0fd80776197406f4c6886b2c26cd753d4cded61b45998f2dc1dbf648e24c,e3b0c44298fc1c149afbf4c8996fb92427ae41e4649b934ca495991b7852b855
c1v1-measured-grpc2391-b03-R-ok-a2,c1v1-grpc2391-b03,measured,A,grpc2391,R,3,V_ok,2,203,17,f90d6cd620f9617cda3d2127c40bd6a6a20d1d2444cc864d8fc0fae411fbe119,2026-09-25T13:39:12.852296Z,2026-09-25T13:39:13.281815Z,0.42949,0.973704,0,False,True,True,0,0,PASS,,mechanical,93fb0fd80776197406f4c6886b2c26cd753d4cded61b45998f2dc1dbf648e24c,e3b0c44298fc1c149afbf4c8996fb92427ae41e4649b934ca495991b7852b855
c1v1-measured-grpc2391-b03-R-ok-a3,c1v1-grpc2391-b03,measured,A,grpc2391,R,3,V_ok,3,204,18,b0ca1e9ceb3e365f09f06221d42fa33c8841786b2d95daf930a1aadf08b713a5,2026-09-25T13:39:15.834573Z,2026-09-25T13:39:16.232442Z,0.397837,1.012179,0,False,True,True,0,0,PASS,,mechanical,93fb0fd80776197406f4c6886b2c26cd753d4cded61b45998f2dc1dbf648e24c,e3b0c44298fc1c149afbf4c8996fb92427ae41e4649b934ca495991b7852b855
c1v1-measured-grpc2391-b04-R-bad-a1,c1v1-grpc2391-b04,measured,A,grpc2391,R,4,V_bad,1,220,19,c2628e380d1786cfbd5f0d0d44218be7e24d4f34cb8d01e5ac165b44afe06930,2026-09-25T13:41:02.482187Z,2026-09-25T13:41:21.409810Z,18.927595,19.46866,1,False,True,True,0,0,FOCAL_DEFECT_WITNESS,a,mechanical,3563d25a74123fb2b97eaa6651a2a38daa90f0e5079e6fd0896624fba9a76c71,e3b0c44298fc1c149afbf4c8996fb92427ae41e4649b934ca495991b7852b855
c1v1-measured-grpc2391-b04-R-bad-a2,c1v1-grpc2391-b04,measured,A,grpc2391,R,4,V_bad,2,221,20,1586052ca626a3c031bbdfde7411bc6a04f3bc3afe136c8e7a8c319cc71099ea,2026-09-25T13:41:24.026190Z,2026-09-25T13:41:42.931101Z,18.904879,19.507264,1,False,True,True,0,0,FOCAL_DEFECT_WITNESS,a,mechanical,3563d25a74123fb2b97eaa6651a2a38daa90f0e5079e6fd0896624fba9a76c71,e3b0c44298fc1c149afbf4c8996fb92427ae41e4649b934ca495991b7852b855
c1v1-measured-grpc2391-b04-R-bad-a3,c1v1-grpc2391-b04,measured,A,grpc2391,R,4,V_bad,3,222,21,a1e48baa44123c10a0cb09a33ce8a573249cef46b1db891575dc50fdfe5b5ca3,2026-09-25T13:41:45.555852Z,2026-09-25T13:42:04.358484Z,18.802602,19.346547,1,False,True,True,0,0,FOCAL_DEFECT_WITNESS,a,mechanical,955958329613a153d9b3093e4e627ebb75f4d6dbf516103e7147edf0e4b151d6,e3b0c44298fc1c149afbf4c8996fb92427ae41e4649b934ca495991b7852b855
c1v1-measured-grpc2391-b04-R-ok-a1,c1v1-grpc2391-b04,measured,A,grpc2391,R,4,V_ok,1,223,22,91ced5abf862f51ca4a3a27cc0fd329eb138e4ed069b0f94d89a5b9ec8e6b449,2026-09-25T13:42:06.911517Z,2026-09-25T13:42:07.327103Z,0.415554,1.016783,0,False,True,True,0,0,PASS,,mechanical,93fb0fd80776197406f4c6886b2c26cd753d4cded61b45998f2dc1dbf648e24c,e3b0c44298fc1c149afbf4c8996fb92427ae41e4649b934ca495991b7852b855
c1v1-measured-grpc2391-b04-R-ok-a2,c1v1-grpc2391-b04,measured,A,grpc2391,R,4,V_ok,2,224,23,86072543f3c65bd0bee920ce6b95240ee54972d1bfe61907adfc6a55b40eb2cd,2026-09-25T13:42:09.953422Z,2026-09-25T13:42:10.363051Z,0.409593,1.019264,0,False,True,True,0,0,PASS,,mechanical,93fb0fd80776197406f4c6886b2c26cd753d4cded61b45998f2dc1dbf648e24c,e3b0c44298fc1c149afbf4c8996fb92427ae41e4649b934ca495991b7852b855
c1v1-measured-grpc2391-b04-R-ok-a3,c1v1-grpc2391-b04,measured,A,grpc2391,R,4,V_ok,3,225,24,804356cfb46d1a49b86933e898a863bc4f69b9709cfd9ca8d0dbb225d5eadfbd,2026-09-25T13:42:12.980907Z,2026-09-25T13:42:13.406933Z,0.425996,1.029577,0,False,True,True,0,0,PASS,,mechanical,93fb0fd80776197406f4c6886b2c26cd753d4cded61b45998f2dc1dbf648e24c,e3b0c44298fc1c149afbf4c8996fb92427ae41e4649b934ca495991b7852b855
c1v1-measured-grpc2391-b05-R-bad-a1,c1v1-grpc2391-b05,measured,A,grpc2391,R,5,V_bad,1,349,25,6eae4088ed7cd091af971323be5bb9ecd9a3628b62a77b81410004252a1507ff,2026-09-25T13:59:00.167644Z,2026-09-25T13:59:19.235530Z,19.067855,19.695488,1,False,True,True,0,0,FOCAL_DEFECT_WITNESS,a,mechanical,cb6537e73064112b2a329119d02ed9f5278467fa549041e3271d3748ed9e2a71,e3b0c44298fc1c149afbf4c8996fb92427ae41e4649b934ca495991b7852b855
c1v1-measured-grpc2391-b05-R-bad-a2,c1v1-grpc2391-b05,measured,A,grpc2391,R,5,V_bad,2,350,26,56dd143718f54b195df8ef156ccc330ddb7af346fdc2e4b58230af0f62d8003f,2026-09-25T13:59:21.854229Z,2026-09-25T13:59:40.749122Z,18.894865,19.496136,1,False,True,True,0,0,FOCAL_DEFECT_WITNESS,a,mechanical,a73449f943c302a2cf4a70bcfc5d740bc0fdff59b65c1d4796b8d98b1218f2de,e3b0c44298fc1c149afbf4c8996fb92427ae41e4649b934ca495991b7852b855
c1v1-measured-grpc2391-b05-R-bad-a3,c1v1-grpc2391-b05,measured,A,grpc2391,R,5,V_bad,3,351,27,1050b6b994e6bddba06db8092cb758a79f318d5906265c141714a29f94fb40aa,2026-09-25T13:59:43.373424Z,2026-09-25T13:59:43.772082Z,0.398628,0.930699,0,False,True,True,0,0,PASS,,mechanical,93fb0fd80776197406f4c6886b2c26cd753d4cded61b45998f2dc1dbf648e24c,e3b0c44298fc1c149afbf4c8996fb92427ae41e4649b934ca495991b7852b855
c1v1-measured-grpc2391-b05-R-ok-a1,c1v1-grpc2391-b05,measured,A,grpc2391,R,5,V_ok,1,355,28,c0568e7bfee0ebd34ade0652934b8434782db292f6b93b9d5f4e7ad771098ad4,2026-09-25T14:00:50.915118Z,2026-09-25T14:00:51.391323Z,0.476176,1.083058,0,False,True,True,0,0,PASS,,mechanical,93fb0fd80776197406f4c6886b2c26cd753d4cded61b45998f2dc1dbf648e24c,e3b0c44298fc1c149afbf4c8996fb92427ae41e4649b934ca495991b7852b855
c1v1-measured-grpc2391-b05-R-ok-a2,c1v1-grpc2391-b05,measured,A,grpc2391,R,5,V_ok,2,356,29,54992f76197c7fc884217d087e2f4aa532e720d517f27d31ccf51180bff970a6,2026-09-25T14:00:54.015848Z,2026-09-25T14:00:54.439421Z,0.42354,1.030171,0,False,True,True,0,0,PASS,,mechanical,93fb0fd80776197406f4c6886b2c26cd753d4cded61b45998f2dc1dbf648e24c,e3b0c44298fc1c149afbf4c8996fb92427ae41e4649b934ca495991b7852b855
c1v1-measured-grpc2391-b05-R-ok-a3,c1v1-grpc2391-b05,measured,A,grpc2391,R,5,V_ok,3,357,30,fbef999413f4f7da44c1b1443f61664bcf13d1347a291e9fad74fac51e595527,2026-09-25T14:00:57.063360Z,2026-09-25T14:00:57.472577Z,0.409188,1.017018,0,False,True,True,0,0,PASS,,mechanical,93fb0fd80776197406f4c6886b2c26cd753d4cded61b45998f2dc1dbf648e24c,e3b0c44298fc1c149afbf4c8996fb92427ae41e4649b934ca495991b7852b855
c1v1-measured-grpc2391-b06-R-ok-a1,c1v1-grpc2391-b06,measured,B,grpc2391,R,6,V_ok,1,361,31,f18c65f6c9d8ca7198d25e43344086e031acad412aaf5e670baf28733232a494,2026-09-25T14:09:39.480067Z,2026-09-25T14:09:39.892230Z,0.412135,1.034172,0,False,True,True,0,0,PASS,,mechanical,93fb0fd80776197406f4c6886b2c26cd753d4cded61b45998f2dc1dbf648e24c,e3b0c44298fc1c149afbf4c8996fb92427ae41e4649b934ca495991b7852b855
c1v1-measured-grpc2391-b06-R-ok-a2,c1v1-grpc2391-b06,measured,B,grpc2391,R,6,V_ok,2,362,32,f432b98e3461ba2f4d6232cf70af920343029b3bb85527d7ae752e3677b11d33,2026-09-25T14:09:42.529258Z,2026-09-25T14:09:42.942323Z,0.413029,1.034135,0,False,True,True,0,0,PASS,,mechanical,93fb0fd80776197406f4c6886b2c26cd753d4cded61b45998f2dc1dbf648e24c,e3b0c44298fc1c149afbf4c8996fb92427ae41e4649b934ca495991b7852b855
c1v1-measured-grpc2391-b06-R-ok-a3,c1v1-grpc2391-b06,measured,B,grpc2391,R,6,V_ok,3,363,33,acd3b86108e37c043c773b9044f3e0ff8801c7ca8f9b9008a7fdfa2b37b34bf9,2026-09-25T14:09:45.590743Z,2026-09-25T14:09:46.014094Z,0.423319,1.055801,0,False,True,True,0,0,PASS,,mechanical,93fb0fd80776197406f4c6886b2c26cd753d4cded61b45998f2dc1dbf648e24c,e3b0c44298fc1c149afbf4c8996fb92427ae41e4649b934ca495991b7852b855
c1v1-measured-grpc2391-b06-R-bad-a1,c1v1-grpc2391-b06,measured,B,grpc2391,R,6,V_bad,1,367,34,28de23d4ac52c8cf1db757c5364c286f35c0e9d05e9761d5c1d330cc62a8e859,2026-09-25T14:09:57.740190Z,2026-09-25T14:10:17.564573Z,19.824351,20.437839,1,False,True,True,0,0,FOCAL_DEFECT_WITNESS,a,mechanical,ae54cd7f2f0bcc7f914a78dd62c5a12a4a18bd16ffefab3916779aed92a5382a,e3b0c44298fc1c149afbf4c8996fb92427ae41e4649b934ca495991b7852b855
c1v1-measured-grpc2391-b06-R-bad-a2,c1v1-grpc2391-b06,measured,B,grpc2391,R,6,V_bad,2,368,35,8df28d426263708a1142a98e2e3e26560a1fe20fb8c8745d906b8c3d0ad98d69,2026-09-25T14:10:20.192247Z,2026-09-25T14:10:39.849201Z,19.656922,20.201224,1,False,True,True,0,0,FOCAL_DEFECT_WITNESS,a,mechanical,955958329613a153d9b3093e4e627ebb75f4d6dbf516103e7147edf0e4b151d6,e3b0c44298fc1c149afbf4c8996fb92427ae41e4649b934ca495991b7852b855
c1v1-measured-grpc2391-b06-R-bad-a3,c1v1-grpc2391-b06,measured,B,grpc2391,R,6,V_bad,3,369,36,3cb0164314ea7ea63a8411733abf147e1ccee08b58b5fda07dfafd35cb0d38ac,2026-09-25T14:10:42.403472Z,2026-09-25T14:11:02.270980Z,19.86748,20.472677,1,False,True,True,0,0,FOCAL_DEFECT_WITNESS,a,mechanical,ded5db84bc00d868a444f3e88122219835a8c34cc1c780b77072fd63628f9a3d,e3b0c44298fc1c149afbf4c8996fb92427ae41e4649b934ca495991b7852b855
c1v1-measured-grpc2391-b07-R-ok-a1,c1v1-grpc2391-b07,measured,B,grpc2391,R,7,V_ok,1,469,37,9ff1ae5901ec29adb277e67b280d5b3e5c467cff1a6f4d0d677bf2ef6c2ea876,2026-09-25T14:21:58.851180Z,2026-09-25T14:21:59.375277Z,0.524067,1.163322,0,False,True,True,0,0,PASS,,mechanical,93fb0fd80776197406f4c6886b2c26cd753d4cded61b45998f2dc1dbf648e24c,e3b0c44298fc1c149afbf4c8996fb92427ae41e4649b934ca495991b7852b855
c1v1-measured-grpc2391-b07-R-ok-a2,c1v1-grpc2391-b07,measured,B,grpc2391,R,7,V_ok,2,470,38,e1b50bbd75f6e7e682eb042136e8030ff1aee30b978c4e2dc635cf93ef22205e,2026-09-25T14:22:02.048424Z,2026-09-25T14:22:02.476701Z,0.428242,1.094835,0,False,True,True,0,0,PASS,,mechanical,93fb0fd80776197406f4c6886b2c26cd753d4cded61b45998f2dc1dbf648e24c,e3b0c44298fc1c149afbf4c8996fb92427ae41e4649b934ca495991b7852b855
c1v1-measured-grpc2391-b07-R-ok-a3,c1v1-grpc2391-b07,measured,B,grpc2391,R,7,V_ok,3,471,39,9f836ea69592adf827bf8fb40dbe64d4b3f15d07ab40052e338a839074ea3e55,2026-09-25T14:22:05.135567Z,2026-09-25T14:22:05.596070Z,0.460475,1.073941,0,False,True,True,0,0,PASS,,mechanical,93fb0fd80776197406f4c6886b2c26cd753d4cded61b45998f2dc1dbf648e24c,e3b0c44298fc1c149afbf4c8996fb92427ae41e4649b934ca495991b7852b855
c1v1-measured-grpc2391-b07-R-bad-a1,c1v1-grpc2391-b07,measured,B,grpc2391,R,7,V_bad,1,475,40,56e850ee47012154145ee79c673b75ba9555c22cec243306e4d6ecf5e86ce9c6,2026-09-25T14:23:16.842806Z,2026-09-25T14:23:37.099531Z,20.256696,20.86902,1,False,True,True,0,0,FOCAL_DEFECT_WITNESS,a,mechanical,6d0aa750dcf207b0bc1d4f841da333f261fe85307f469db2866cd81b3ba865bf,e3b0c44298fc1c149afbf4c8996fb92427ae41e4649b934ca495991b7852b855
c1v1-measured-grpc2391-b07-R-bad-a2,c1v1-grpc2391-b07,measured,B,grpc2391,R,7,V_bad,2,476,41,5da3e6d79d8044c19fbce9e40cc098b9434a26cee51f042a0bbb023300f31799,2026-09-25T14:23:39.722105Z,2026-09-25T14:24:00.022060Z,20.299927,20.876828,1,False,True,True,0,0,FOCAL_DEFECT_WITNESS,a,mechanical,6d0aa750dcf207b0bc1d4f841da333f261fe85307f469db2866cd81b3ba865bf,e3b0c44298fc1c149afbf4c8996fb92427ae41e4649b934ca495991b7852b855
c1v1-measured-grpc2391-b07-R-bad-a3,c1v1-grpc2391-b07,measured,B,grpc2391,R,7,V_bad,3,477,42,e591644b90674d2700dc71618b6c9cdce73656f2914f25f4ad5cbfaf9d53679b,2026-09-25T14:24:02.642907Z,2026-09-25T14:24:22.979728Z,20.336794,20.834525,1,False,True,True,0,0,FOCAL_DEFECT_WITNESS,a,mechanical,ded5db84bc00d868a444f3e88122219835a8c34cc1c780b77072fd63628f9a3d,e3b0c44298fc1c149afbf4c8996fb92427ae41e4649b934ca495991b7852b855
c1v1-measured-grpc2391-b08-R-ok-a1,c1v1-grpc2391-b08,measured,B,grpc2391,R,8,V_ok,1,505,43,8698ad271d7b2f6c578b6d89cfc250c166f5ea209bf24282f8a6690ac5861d95,2026-09-25T14:29:35.410727Z,2026-09-25T14:29:35.863466Z,0.452707,0.989206,0,False,True,True,0,0,PASS,,mechanical,93fb0fd80776197406f4c6886b2c26cd753d4cded61b45998f2dc1dbf648e24c,e3b0c44298fc1c149afbf4c8996fb92427ae41e4649b934ca495991b7852b855
c1v1-measured-grpc2391-b08-R-ok-a2,c1v1-grpc2391-b08,measured,B,grpc2391,R,8,V_ok,2,506,44,2b541b7eb370fa617f769c8526eb4bd8d5d1fc7ccbb7746c3b2d6b67036611c3,2026-09-25T14:29:38.487258Z,2026-09-25T14:29:38.928468Z,0.441173,1.063102,0,False,True,True,0,0,PASS,,mechanical,93fb0fd80776197406f4c6886b2c26cd753d4cded61b45998f2dc1dbf648e24c,e3b0c44298fc1c149afbf4c8996fb92427ae41e4649b934ca495991b7852b855
c1v1-measured-grpc2391-b08-R-ok-a3,c1v1-grpc2391-b08,measured,B,grpc2391,R,8,V_ok,3,507,45,9b7e410940bf5a34a01de6aae5339a664714daadaebe45cd10a15a2f63b0951f,2026-09-25T14:29:41.569952Z,2026-09-25T14:29:41.964106Z,0.394122,1.007194,0,False,True,True,0,0,PASS,,mechanical,93fb0fd80776197406f4c6886b2c26cd753d4cded61b45998f2dc1dbf648e24c,e3b0c44298fc1c149afbf4c8996fb92427ae41e4649b934ca495991b7852b855
c1v1-measured-grpc2391-b08-R-bad-a1,c1v1-grpc2391-b08,measured,B,grpc2391,R,8,V_bad,1,508,46,ec944168c6ec20bc17b10fa48369e6468bd4de3bd4828fcd6912f444b54ecd64,2026-09-25T14:29:44.594002Z,2026-09-25T14:30:04.937160Z,20.343123,20.891577,1,False,True,True,0,0,FOCAL_DEFECT_WITNESS,a,mechanical,ded5db84bc00d868a444f3e88122219835a8c34cc1c780b77072fd63628f9a3d,e3b0c44298fc1c149afbf4c8996fb92427ae41e4649b934ca495991b7852b855
c1v1-measured-grpc2391-b08-R-bad-a2,c1v1-grpc2391-b08,measured,B,grpc2391,R,8,V_bad,2,509,47,b6267e13189c969d2ac16fad35ad538dc62d3e925321e0422b1cb05770dc4a71,2026-09-25T14:30:07.506037Z,2026-09-25T14:30:27.917099Z,20.411036,20.956421,1,False,True,True,0,0,FOCAL_DEFECT_WITNESS,a,mechanical,6d0aa750dcf207b0bc1d4f841da333f261fe85307f469db2866cd81b3ba865bf,e3b0c44298fc1c149afbf4c8996fb92427ae41e4649b934ca495991b7852b855
c1v1-measured-grpc2391-b08-R-bad-a3,c1v1-grpc2391-b08,measured,B,grpc2391,R,8,V_bad,3,510,48,b6ffbb657f578610626d69cfcfc5e3318df1961ade364c58e92a5bbc5dd6ccc0,2026-09-25T14:30:30.477382Z,2026-09-25T14:30:50.859236Z,20.381825,20.934769,1,False,True,True,0,0,FOCAL_DEFECT_WITNESS,a,mechanical,ded5db84bc00d868a444f3e88122219835a8c34cc1c780b77072fd63628f9a3d,e3b0c44298fc1c149afbf4c8996fb92427ae41e4649b934ca495991b7852b855
c1v1-measured-grpc2391-b09-R-bad-a1,c1v1-grpc2391-b09,measured,B,grpc2391,R,9,V_bad,1,589,49,d555280605dfcebf6c75a596683c837ad5bf343ccd571b81a3107be23d08e0c2,2026-09-25T14:39:41.345305Z,2026-09-25T14:40:01.813096Z,20.467764,20.958822,1,False,True,True,0,0,FOCAL_DEFECT_WITNESS,a,mechanical,6d0aa750dcf207b0bc1d4f841da333f261fe85307f469db2866cd81b3ba865bf,e3b0c44298fc1c149afbf4c8996fb92427ae41e4649b934ca495991b7852b855
c1v1-measured-grpc2391-b09-R-bad-a2,c1v1-grpc2391-b09,measured,B,grpc2391,R,9,V_bad,2,590,50,d0a70dc40739df7062fbd07857d7fcd5dafadb2e65cfd190e5cc554b0ccb3824,2026-09-25T14:40:04.296471Z,2026-09-25T14:40:24.757817Z,20.461316,20.994982,1,False,True,True,0,0,FOCAL_DEFECT_WITNESS,a,mechanical,6d0aa750dcf207b0bc1d4f841da333f261fe85307f469db2866cd81b3ba865bf,e3b0c44298fc1c149afbf4c8996fb92427ae41e4649b934ca495991b7852b855
c1v1-measured-grpc2391-b09-R-bad-a3,c1v1-grpc2391-b09,measured,B,grpc2391,R,9,V_bad,3,591,51,41b4c891d9e7c73bacf52ef96fdf044879549955e8fe874d119927d8150e2111,2026-09-25T14:40:27.311714Z,2026-09-25T14:40:47.710232Z,20.398488,20.936249,1,False,True,True,0,0,FOCAL_DEFECT_WITNESS,a,mechanical,6d0aa750dcf207b0bc1d4f841da333f261fe85307f469db2866cd81b3ba865bf,e3b0c44298fc1c149afbf4c8996fb92427ae41e4649b934ca495991b7852b855
c1v1-measured-grpc2391-b09-R-ok-a1,c1v1-grpc2391-b09,measured,B,grpc2391,R,9,V_ok,1,595,52,d3a07b10665054898b522aa89901051d85c68a9f4d647410cda0be21692887d0,2026-09-25T14:40:59.557319Z,2026-09-25T14:40:59.988724Z,0.431372,0.970786,0,False,True,True,0,0,PASS,,mechanical,93fb0fd80776197406f4c6886b2c26cd753d4cded61b45998f2dc1dbf648e24c,e3b0c44298fc1c149afbf4c8996fb92427ae41e4649b934ca495991b7852b855
c1v1-measured-grpc2391-b09-R-ok-a2,c1v1-grpc2391-b09,measured,B,grpc2391,R,9,V_ok,2,596,53,cd33c14b50c6e6e3409032b106a2ce414415762c9e2b483007595deefbd8c354,2026-09-25T14:41:02.540717Z,2026-09-25T14:41:02.973358Z,0.432608,1.039897,0,False,True,True,0,0,PASS,,mechanical,93fb0fd80776197406f4c6886b2c26cd753d4cded61b45998f2dc1dbf648e24c,e3b0c44298fc1c149afbf4c8996fb92427ae41e4649b934ca495991b7852b855
c1v1-measured-grpc2391-b09-R-ok-a3,c1v1-grpc2391-b09,measured,B,grpc2391,R,9,V_ok,3,597,54,fe09c1b529c8e12706c2a3e8fb91af7503675dd13fb5d57091af7ebd05f5993e,2026-09-25T14:41:05.602035Z,2026-09-25T14:41:06.068044Z,0.465975,1.083185,0,False,True,True,0,0,PASS,,mechanical,93fb0fd80776197406f4c6886b2c26cd753d4cded61b45998f2dc1dbf648e24c,e3b0c44298fc1c149afbf4c8996fb92427ae41e4649b934ca495991b7852b855
c1v1-measured-grpc2391-b10-R-ok-a1,c1v1-grpc2391-b10,measured,B,grpc2391,R,10,V_ok,1,649,55,9bf36500b05ad18c35a312ad94309b746e1e106a4221306e9e819dbfca1c5c56,2026-09-25T14:50:03.425742Z,2026-09-25T14:50:03.929922Z,0.504154,1.131951,0,False,True,True,0,0,PASS,,mechanical,70f99e6045b8437bac3344a211a57ec452e41fc467e4e4e41e3c45bcd83d0dd7,e3b0c44298fc1c149afbf4c8996fb92427ae41e4649b934ca495991b7852b855
c1v1-measured-grpc2391-b10-R-ok-a2,c1v1-grpc2391-b10,measured,B,grpc2391,R,10,V_ok,2,650,56,05f104aa8ea8a546b18a70c0ede1f7469bb375d921eb795bc754e181c4fd32f1,2026-09-25T14:50:06.579426Z,2026-09-25T14:50:06.985054Z,0.405601,1.027678,0,False,True,True,0,0,PASS,,mechanical,93fb0fd80776197406f4c6886b2c26cd753d4cded61b45998f2dc1dbf648e24c,e3b0c44298fc1c149afbf4c8996fb92427ae41e4649b934ca495991b7852b855
c1v1-measured-grpc2391-b10-R-ok-a3,c1v1-grpc2391-b10,measured,B,grpc2391,R,10,V_ok,3,651,57,87910b602a08aebc3688ae4aaccb296011d6466379e9893ade84b8f070681adb,2026-09-25T14:50:09.624969Z,2026-09-25T14:50:10.050655Z,0.425659,1.044982,0,False,True,True,0,0,PASS,,mechanical,93fb0fd80776197406f4c6886b2c26cd753d4cded61b45998f2dc1dbf648e24c,e3b0c44298fc1c149afbf4c8996fb92427ae41e4649b934ca495991b7852b855
c1v1-measured-grpc2391-b10-R-bad-a1,c1v1-grpc2391-b10,measured,B,grpc2391,R,10,V_bad,1,655,58,0d42771847286436feef0a24fd3d7f27e4bf1da0a796a2616998ad3e74a3aff0,2026-09-25T14:50:21.941599Z,2026-09-25T14:50:22.413166Z,0.471541,1.094266,0,False,True,True,0,0,PASS,,mechanical,93fb0fd80776197406f4c6886b2c26cd753d4cded61b45998f2dc1dbf648e24c,e3b0c44298fc1c149afbf4c8996fb92427ae41e4649b934ca495991b7852b855
c1v1-measured-grpc2391-b10-R-bad-a2,c1v1-grpc2391-b10,measured,B,grpc2391,R,10,V_bad,2,656,59,cd6525efd918f467c3c0918e4e0a2fd337e0d73524a3a96159d136204c03dd0a,2026-09-25T14:50:25.055312Z,2026-09-25T14:50:45.502346Z,20.447003,20.925172,1,False,True,True,0,0,FOCAL_DEFECT_WITNESS,a,mechanical,6d0aa750dcf207b0bc1d4f841da333f261fe85307f469db2866cd81b3ba865bf,e3b0c44298fc1c149afbf4c8996fb92427ae41e4649b934ca495991b7852b855
c1v1-measured-grpc2391-b10-R-bad-a3,c1v1-grpc2391-b10,measured,B,grpc2391,R,10,V_bad,3,657,60,05c86a37c135938715b9661d108ef58c45fdb07efd992c7b65e1d681273fa5bd,2026-09-25T14:50:47.984743Z,2026-09-25T14:51:08.454199Z,20.469428,21.012292,1,False,True,True,0,0,FOCAL_DEFECT_WITNESS,a,mechanical,6d0aa750dcf207b0bc1d4f841da333f261fe85307f469db2866cd81b3ba865bf,e3b0c44298fc1c149afbf4c8996fb92427ae41e4649b934ca495991b7852b855
c1v1-measured-istio17860-b01-L-ok-a1,c1v1-istio17860-b01,measured,A,istio17860,L,1,V_ok,1,40,1,0cca62850d71845c3b027786cf060c590e89edda191ab8ffec42ba5a9c6d7c2b,2026-09-25T13:12:48.245239Z,2026-09-25T13:12:49.104829Z,0.859563,1.432938,0,False,True,True,200000,100000,PASS,,mechanical,8fa6232e6f105fb4d3a56edee2f8995f93306723cd29ba37ea024f25a3a1ed21,e3b0c44298fc1c149afbf4c8996fb92427ae41e4649b934ca495991b7852b855
c1v1-measured-istio17860-b01-L-ok-a2,c1v1-istio17860-b01,measured,A,istio17860,L,1,V_ok,2,41,2,61c0422d17710f7c0504f4f99183f3b2cd2a70658bf99bf534e6c2f6ebfe5c37,2026-09-25T13:12:51.669721Z,2026-09-25T13:12:52.598349Z,0.9286,1.560064,0,False,True,True,200000,100000,PASS,,mechanical,46dd79356413b948bf9e64521c940a4bb9b9aba1408fbcc21a252a6107ab8ef8,e3b0c44298fc1c149afbf4c8996fb92427ae41e4649b934ca495991b7852b855
c1v1-measured-istio17860-b01-L-ok-a3,c1v1-istio17860-b01,measured,A,istio17860,L,1,V_ok,3,42,3,dd955074e7ab22fe089269c6bc1732c6476531eda3093afcec975d80e7c0bbb8,2026-09-25T13:12:55.244412Z,2026-09-25T13:12:56.373124Z,1.128683,1.753603,0,False,True,True,200000,100000,PASS,,mechanical,8792cadef66e401ba78c5ed8c5a42b910daa1c875e51b8ba9f37b970bad549a0,e3b0c44298fc1c149afbf4c8996fb92427ae41e4649b934ca495991b7852b855
c1v1-measured-istio17860-b01-L-bad-a1,c1v1-istio17860-b01,measured,A,istio17860,L,1,V_bad,1,46,4,fc02ff2a8be5a4b188c31e05850ff395345f013031c1605405634d083b20ffdc,2026-09-25T13:13:22.329589Z,2026-09-25T13:13:27.403061Z,5.073443,5.691737,1,False,True,True,200000,100000,FOCAL_DEFECT_WITNESS,a,mechanical,ed4433d559ddc5bffc14abaa9a5b9a94c67b66eb7036c80481d601bf8013a9ae,e3b0c44298fc1c149afbf4c8996fb92427ae41e4649b934ca495991b7852b855
c1v1-measured-istio17860-b01-L-bad-a2,c1v1-istio17860-b01,measured,A,istio17860,L,1,V_bad,2,47,5,7afd127f6ec33c6164a29f5a331adb64eac035740b413413165839311a906d62,2026-09-25T13:13:30.036090Z,2026-09-25T13:13:35.132042Z,5.095923,5.716597,1,False,True,True,200000,100000,FOCAL_DEFECT_WITNESS,a,mechanical,be916d052c08f3adfec63eba552dc763e10c752ba3f49afa6149259b82b48de2,e3b0c44298fc1c149afbf4c8996fb92427ae41e4649b934ca495991b7852b855
c1v1-measured-istio17860-b01-L-bad-a3,c1v1-istio17860-b01,measured,A,istio17860,L,1,V_bad,3,48,6,7af1903d7ded691cd71f426ee7d330e32b09e8d934d726d867fe99ac848b4755,2026-09-25T13:13:37.785406Z,2026-09-25T13:13:42.848164Z,5.062732,5.698291,1,False,True,True,200000,100000,FOCAL_DEFECT_WITNESS,a,mechanical,c68fdfc2e9d9714adbd712deab112189b2922d21e267e2ce26b875a511e999f0,e3b0c44298fc1c149afbf4c8996fb92427ae41e4649b934ca495991b7852b855
c1v1-measured-istio17860-b02-L-bad-a1,c1v1-istio17860-b02,measured,A,istio17860,L,2,V_bad,1,85,7,8a8d5f6b82b3942220258b38e657d6bae97454232bff625adfdec1ca4afb740a,2026-09-25T13:18:24.415798Z,2026-09-25T13:18:29.487961Z,5.072134,5.691563,1,False,True,True,200000,100000,FOCAL_DEFECT_WITNESS,a,mechanical,818a116ab9af499276bd5ca0009e2d0de5ab361f2d944bd96df0562e9198be3c,e3b0c44298fc1c149afbf4c8996fb92427ae41e4649b934ca495991b7852b855
c1v1-measured-istio17860-b02-L-bad-a2,c1v1-istio17860-b02,measured,A,istio17860,L,2,V_bad,2,86,8,92269a50c3d4dee8aa083a9270f991e001ee46d04d53c95cb9abc758bec78885,2026-09-25T13:18:32.136155Z,2026-09-25T13:18:37.190915Z,5.054732,5.687403,1,False,True,True,200000,100000,FOCAL_DEFECT_WITNESS,a,mechanical,c28462d61d7a1ed9b72a7717b33c08d21b3e176af0a0c6f101cb3a59a5ef5f40,e3b0c44298fc1c149afbf4c8996fb92427ae41e4649b934ca495991b7852b855
c1v1-measured-istio17860-b02-L-bad-a3,c1v1-istio17860-b02,measured,A,istio17860,L,2,V_bad,3,87,9,0a8aecfbe4c4e871762dd0fcf4f01ac1b6b05503f174180d8f185e213a58c120,2026-09-25T13:18:39.847455Z,2026-09-25T13:18:44.913664Z,5.066175,5.721377,1,False,True,True,200000,100000,FOCAL_DEFECT_WITNESS,a,mechanical,1c11f92145f509682a5e6ba79bc38417a8eabcbfacc04e69908e8f79654c07b5,e3b0c44298fc1c149afbf4c8996fb92427ae41e4649b934ca495991b7852b855
c1v1-measured-istio17860-b02-L-ok-a1,c1v1-istio17860-b02,measured,A,istio17860,L,2,V_ok,1,94,10,f591df60d5a31e642803e9f19a620095299b84f836b08469a23be29c41ec7f09,2026-09-25T13:19:21.312222Z,2026-09-25T13:19:22.199019Z,0.886767,1.509056,0,False,True,True,200000,100000,PASS,,mechanical,19531cae2b0a870d080100e3e1032def546ec255bc212b7c7f2e673ac1ffed69,e3b0c44298fc1c149afbf4c8996fb92427ae41e4649b934ca495991b7852b855
c1v1-measured-istio17860-b02-L-ok-a2,c1v1-istio17860-b02,measured,A,istio17860,L,2,V_ok,2,95,11,1a3c753923b0ca111312ce4dfc703c35e5bcb52bd9ff5a298ed26c548d28ade9,2026-09-25T13:19:24.834968Z,2026-09-25T13:19:25.762511Z,0.927517,1.551499,0,False,True,True,200000,100000,PASS,,mechanical,10e5d1cbc7056dca2b565ebcff73a090ff0a39158802d27b9cdf76278ed785a9,e3b0c44298fc1c149afbf4c8996fb92427ae41e4649b934ca495991b7852b855
c1v1-measured-istio17860-b02-L-ok-a3,c1v1-istio17860-b02,measured,A,istio17860,L,2,V_ok,3,96,12,c01c4b400aae4fb462acc2edd3167a512543ce9ba6ede674475b920f6c048ea8,2026-09-25T13:19:28.403317Z,2026-09-25T13:19:29.265068Z,0.861722,1.485367,0,False,True,True,200000,100000,PASS,,mechanical,48e5490d045b1e0786052bab241696626fdfed148a9328a7d9a2aa84e50065dd,e3b0c44298fc1c149afbf4c8996fb92427ae41e4649b934ca495991b7852b855
c1v1-measured-istio17860-b03-L-ok-a1,c1v1-istio17860-b03,measured,A,istio17860,L,3,V_ok,1,184,13,84d3f6ce2798d14b5ac9f7d53bd0c1521d85db37769dde50af05bf193148adc0,2026-09-25T13:36:06.645432Z,2026-09-25T13:36:07.642360Z,0.996892,1.637123,0,False,True,True,200000,100000,PASS,,mechanical,e6283bb1e417413f84bca570018b6a646c04cb52bcc70d21781ba4a7d859ebd2,e3b0c44298fc1c149afbf4c8996fb92427ae41e4649b934ca495991b7852b855
c1v1-measured-istio17860-b03-L-ok-a2,c1v1-istio17860-b03,measured,A,istio17860,L,3,V_ok,2,185,14,85c1b47358caf12d7ec719fd5b8c4c8d2c22fc35557726137e07050123fa42b8,2026-09-25T13:36:10.299095Z,2026-09-25T13:36:11.169142Z,0.870018,1.516344,0,False,True,True,200000,100000,PASS,,mechanical,19d13951fe36b3771ab81e01766bdce42c1139e2b47b020461509f63ffb6bf8f,e3b0c44298fc1c149afbf4c8996fb92427ae41e4649b934ca495991b7852b855
c1v1-measured-istio17860-b03-L-ok-a3,c1v1-istio17860-b03,measured,A,istio17860,L,3,V_ok,3,186,15,7b58b0b64fe48e3b510dec808dcdc950cf87e4b4fe42941cc548f5172816e430,2026-09-25T13:36:13.826008Z,2026-09-25T13:36:14.731115Z,0.905065,1.546285,0,False,True,True,200000,100000,PASS,,mechanical,aa8f55c1e5b72e1ea1146b8266c7bbf5acd98bacd9929b3ab6678f5043e82959,e3b0c44298fc1c149afbf4c8996fb92427ae41e4649b934ca495991b7852b855
c1v1-measured-istio17860-b03-L-bad-a1,c1v1-istio17860-b03,measured,A,istio17860,L,3,V_bad,1,190,16,3125322e131dc4fa60fadfee4dc5ac5982fa7f311ba37deff87cb729cdeeb8af,2026-09-25T13:36:28.111869Z,2026-09-25T13:36:33.200319Z,5.088423,5.721769,1,False,True,True,200000,100000,FOCAL_DEFECT_WITNESS,a,mechanical,132566a63ad8ac37e8550ac5ea324539dfd9ece1c78e6972902cc01e8d06ab6d,e3b0c44298fc1c149afbf4c8996fb92427ae41e4649b934ca495991b7852b855
c1v1-measured-istio17860-b03-L-bad-a2,c1v1-istio17860-b03,measured,A,istio17860,L,3,V_bad,2,191,17,222cf7a20af0facc143ef8a39f539f160e28201b7df355189083e71e0e7079fe,2026-09-25T13:36:35.858003Z,2026-09-25T13:36:40.815873Z,4.957844,5.592047,1,False,True,True,200000,100000,FOCAL_DEFECT_WITNESS,a,mechanical,72f0888ef84f6e7c59483bfd7d544a1d6d57913ddfd3040a8244eadb2ade8f70,e3b0c44298fc1c149afbf4c8996fb92427ae41e4649b934ca495991b7852b855
c1v1-measured-istio17860-b03-L-bad-a3,c1v1-istio17860-b03,measured,A,istio17860,L,3,V_bad,3,192,18,685bab08a68b8f90ee3c0712ee668371790502a8f504df6d4fa37d57188d7386,2026-09-25T13:36:43.479409Z,2026-09-25T13:36:48.506130Z,5.026692,5.667851,1,False,True,True,200000,100000,FOCAL_DEFECT_WITNESS,a,mechanical,8619292413fda8a02ce8f570f1ad39d7d9c71fef9cd4d44cfc83b89d849ff992,e3b0c44298fc1c149afbf4c8996fb92427ae41e4649b934ca495991b7852b855
c1v1-measured-istio17860-b04-L-bad-a1,c1v1-istio17860-b04,measured,A,istio17860,L,4,V_bad,1,277,19,06930260ad828b8a39b8e37326f81f7fc5397123f7ce6e4d3796570210bdcb7d,2026-09-25T13:49:55.184917Z,2026-09-25T13:50:00.221569Z,5.036618,5.668801,1,False,True,True,200000,100000,FOCAL_DEFECT_WITNESS,a,mechanical,520048bfbc4315dea90ca9914b6d2b2f6551e6ffe35f1bf845cfd09f847dcfcf,e3b0c44298fc1c149afbf4c8996fb92427ae41e4649b934ca495991b7852b855
c1v1-measured-istio17860-b04-L-bad-a2,c1v1-istio17860-b04,measured,A,istio17860,L,4,V_bad,2,278,20,4810ffdb2115868410f47ddc2e712c39cf4c5a7c749d4172c3c03ff8a0ab37cb,2026-09-25T13:50:02.859002Z,2026-09-25T13:50:07.895204Z,5.036169,5.585276,1,False,True,True,200000,100000,FOCAL_DEFECT_WITNESS,a,mechanical,6ad70ed7c8bd03e20c918db60b1f537dc83c049ef82e839cc12c93d8bf8dd8f0,e3b0c44298fc1c149afbf4c8996fb92427ae41e4649b934ca495991b7852b855
c1v1-measured-istio17860-b04-L-bad-a3,c1v1-istio17860-b04,measured,A,istio17860,L,4,V_bad,3,279,21,291dc366e959c3deb2c059a7947f1dcfe90f6680aa758d0929b4124cd00f93c5,2026-09-25T13:50:10.458991Z,2026-09-25T13:50:15.519837Z,5.060816,5.678868,1,False,True,True,200000,100000,FOCAL_DEFECT_WITNESS,a,mechanical,694223492b23fde01e7cc6bae75815ca50b3b7da0666becca9b23a4f617b8231,e3b0c44298fc1c149afbf4c8996fb92427ae41e4649b934ca495991b7852b855
c1v1-measured-istio17860-b04-L-ok-a1,c1v1-istio17860-b04,measured,A,istio17860,L,4,V_ok,1,286,22,7f3e056ebe4a1f3f40b747268b9d3cbc3448bde9cb2005bab612158d70084a52,2026-09-25T13:50:52.044412Z,2026-09-25T13:50:52.914825Z,0.870385,1.425049,0,False,True,True,200000,100000,PASS,,mechanical,ad6e06bde2fd9d113b3c14efed2af2a24e215571c7d1db6da7148bc2547b193e,e3b0c44298fc1c149afbf4c8996fb92427ae41e4649b934ca495991b7852b855
c1v1-measured-istio17860-b04-L-ok-a2,c1v1-istio17860-b04,measured,A,istio17860,L,4,V_ok,2,287,23,d82fe7c167ece6dcc8ecd39ca2b78ab40837358e364eca6fc51556efe465dda3,2026-09-25T13:50:55.574056Z,2026-09-25T13:50:56.485669Z,0.911577,1.577409,0,False,True,True,200000,100000,PASS,,mechanical,0ee5e3497c8eea303795e1723cba941a1f6b76d849f610ab8a6c36d584b1acf7,e3b0c44298fc1c149afbf4c8996fb92427ae41e4649b934ca495991b7852b855
c1v1-measured-istio17860-b04-L-ok-a3,c1v1-istio17860-b04,measured,A,istio17860,L,4,V_ok,3,288,24,d470f12a95943db303cd4197a673261c91b39fab8b132668d7a7213f31e5acef,2026-09-25T13:50:59.167338Z,2026-09-25T13:51:00.117212Z,0.949841,1.606669,0,False,True,True,200000,100000,PASS,,mechanical,1171669b7236876d28b9fd7194592e066fa414e46232e05360e65959b7d6edf5,e3b0c44298fc1c149afbf4c8996fb92427ae41e4649b934ca495991b7852b855
c1v1-measured-istio17860-b05-L-ok-a1,c1v1-istio17860-b05,measured,A,istio17860,L,5,V_ok,1,289,25,7087eaa062119be19a99255f585c1b2a49515a7e6036a4e573a067d31732dca0,2026-09-25T13:51:04.810478Z,2026-09-25T13:51:05.699074Z,0.888563,1.462418,0,False,True,True,200000,100000,PASS,,mechanical,b4986b4db299c29070cb5bcc7e0541e32790af081c99971e23b463086ae8115f,e3b0c44298fc1c149afbf4c8996fb92427ae41e4649b934ca495991b7852b855
c1v1-measured-istio17860-b05-L-ok-a2,c1v1-istio17860-b05,measured,A,istio17860,L,5,V_ok,2,290,26,1a3bb504d5626a664e7d0e018e763b18d6f3de68eb48c8d32728b4ea2a0f5649,2026-09-25T13:51:08.366156Z,2026-09-25T13:51:09.248570Z,0.882382,1.536049,0,False,True,True,200000,100000,PASS,,mechanical,1d7dea0e583e52dd88b2a0fd155e3b6086a1e98265dc1c370f9f7925d0c32d2e,e3b0c44298fc1c149afbf4c8996fb92427ae41e4649b934ca495991b7852b855
c1v1-measured-istio17860-b05-L-ok-a3,c1v1-istio17860-b05,measured,A,istio17860,L,5,V_ok,3,291,27,577790673830c5753d825d6013ae44618aca456582e21f481247750c20933993,2026-09-25T13:51:11.917419Z,2026-09-25T13:51:12.844327Z,0.926875,1.57787,0,False,True,True,200000,100000,PASS,,mechanical,e1dc6bae7fcc3eed10e114be5735c9888dac03f305532140a9adf6635cdab12a,e3b0c44298fc1c149afbf4c8996fb92427ae41e4649b934ca495991b7852b855
c1v1-measured-istio17860-b05-L-bad-a1,c1v1-istio17860-b05,measured,A,istio17860,L,5,V_bad,1,295,28,159663f45dcd895c392ecb687ed07480cdc7f2fe7308677d825631b3779455c9,2026-09-25T13:51:38.517390Z,2026-09-25T13:51:43.579034Z,5.061611,5.670732,1,False,True,True,200000,100000,FOCAL_DEFECT_WITNESS,a,mechanical,b9e935dee0a315f625362c273e9d64687c7cd87325584953103c16c2318946b7,e3b0c44298fc1c149afbf4c8996fb92427ae41e4649b934ca495991b7852b855
c1v1-measured-istio17860-b05-L-bad-a2,c1v1-istio17860-b05,measured,A,istio17860,L,5,V_bad,2,296,29,6cc0e1669eba53467f2fbec7124b4e0c5a5d511992c1162ff83f34483453b57c,2026-09-25T13:51:46.192662Z,2026-09-25T13:51:51.387821Z,5.195125,5.800683,1,False,True,True,200000,100000,FOCAL_DEFECT_WITNESS,a,mechanical,2021b23bf286261cf8e86a1ce9f6e437a44fca091e1a6b2b28c106a4bf5d7b89,e3b0c44298fc1c149afbf4c8996fb92427ae41e4649b934ca495991b7852b855
c1v1-measured-istio17860-b05-L-bad-a3,c1v1-istio17860-b05,measured,A,istio17860,L,5,V_bad,3,297,30,fb9631383a50ab40fad68519c8b6e844d970ec721add7faedc38c3749b152008,2026-09-25T13:51:54.012268Z,2026-09-25T13:51:59.041127Z,5.028829,5.638232,1,False,True,True,200000,100000,FOCAL_DEFECT_WITNESS,a,mechanical,e1777523e6cd52abd42779146854f5da7272424b5260649a977c6569edc11787,e3b0c44298fc1c149afbf4c8996fb92427ae41e4649b934ca495991b7852b855
c1v1-measured-istio17860-b06-L-ok-a1,c1v1-istio17860-b06,measured,B,istio17860,L,6,V_ok,1,373,31,7926922b11659889ab91b9018e2cbc5596f0c4a9d9909061aebabbb85dd23486,2026-09-25T14:12:12.045877Z,2026-09-25T14:12:13.029654Z,0.983752,1.527337,0,False,True,True,200000,100000,PASS,,mechanical,b0d54cf437e98944bd3e8f8e2f8971b273a86ccc31d4d37ad8eedc9bd6a70016,e3b0c44298fc1c149afbf4c8996fb92427ae41e4649b934ca495991b7852b855
c1v1-measured-istio17860-b06-L-ok-a2,c1v1-istio17860-b06,measured,B,istio17860,L,6,V_ok,2,374,32,c08b3992a55da7a65cff788f7ff1c5168a67dff6765c78cc4c756244c7d79b1e,2026-09-25T14:12:15.596628Z,2026-09-25T14:12:16.472835Z,0.876176,1.498918,0,False,True,True,200000,100000,PASS,,mechanical,a62ecf5e24e99fcfb3b676396b253795d97f2516a6244fca16b22aafa834edf1,e3b0c44298fc1c149afbf4c8996fb92427ae41e4649b934ca495991b7852b855
c1v1-measured-istio17860-b06-L-ok-a3,c1v1-istio17860-b06,measured,B,istio17860,L,6,V_ok,3,375,33,a577b2b52efef90001741e1f4ad54a86ebf9d94cbbd504d91f8cee02418b61a5,2026-09-25T14:12:19.107872Z,2026-09-25T14:12:19.981113Z,0.873211,1.487876,0,False,True,True,200000,100000,PASS,,mechanical,7152a9f61097f1adf862234791225acf14961488f891f466626bae0c7a1564ef,e3b0c44298fc1c149afbf4c8996fb92427ae41e4649b934ca495991b7852b855
c1v1-measured-istio17860-b06-L-bad-a1,c1v1-istio17860-b06,measured,B,istio17860,L,6,V_bad,1,376,34,24bdeb04278a96e52554ea7561b3e2dfe49a96538054a171a75f349932b59ca4,2026-09-25T14:12:22.619315Z,2026-09-25T14:12:27.949090Z,5.329741,5.880517,1,False,True,True,200000,100000,FOCAL_DEFECT_WITNESS,a,mechanical,28e2820996af6d35a9a0c33c9b9f625ef371e5059604a4069b902fa16667be3a,e3b0c44298fc1c149afbf4c8996fb92427ae41e4649b934ca495991b7852b855
c1v1-measured-istio17860-b06-L-bad-a2,c1v1-istio17860-b06,measured,B,istio17860,L,6,V_bad,2,377,35,5efcc9ffdde26eacdb36e857303f1192694a6225bb7c337008f3e1cb10fc644b,2026-09-25T14:12:30.555000Z,2026-09-25T14:12:35.848888Z,5.293856,5.943394,1,False,True,True,200000,100000,FOCAL_DEFECT_WITNESS,a,mechanical,1008e233cf53933972f6f4a5b5c04a742e1244914a202d5797af0b5ff1160dff,e3b0c44298fc1c149afbf4c8996fb92427ae41e4649b934ca495991b7852b855
c1v1-measured-istio17860-b06-L-bad-a3,c1v1-istio17860-b06,measured,B,istio17860,L,6,V_bad,3,378,36,173b4f57307db2039b7266e9d9757d4991d57997863b181dec8cd63a8463378b,2026-09-25T14:12:38.413990Z,2026-09-25T14:12:43.753465Z,5.339447,5.913077,1,False,True,True,200000,100000,FOCAL_DEFECT_WITNESS,a,mechanical,057da246809f7248c9f979e70e4a92eb0c6d5f8e673a5897a991a73fffa24230,e3b0c44298fc1c149afbf4c8996fb92427ae41e4649b934ca495991b7852b855
c1v1-measured-istio17860-b07-L-ok-a1,c1v1-istio17860-b07,measured,B,istio17860,L,7,V_ok,1,445,37,fe3b9c271e929dc428ba0d57a6892f25e12764f38dbc80a940003e34842cf6b7,2026-09-25T14:20:10.226949Z,2026-09-25T14:20:11.234572Z,1.007595,1.645322,0,False,True,True,200000,100000,PASS,,mechanical,74d42ef55a616fc848b5371577c6b3578a9e1a6c15d11395b8ba52469d8ee0c5,e3b0c44298fc1c149afbf4c8996fb92427ae41e4649b934ca495991b7852b855
c1v1-measured-istio17860-b07-L-ok-a2,c1v1-istio17860-b07,measured,B,istio17860,L,7,V_ok,2,446,38,e3db128c72f72c929cdaf31e408ff0b940bcbc499681e0963b43ffb9bd89a102,2026-09-25T14:20:13.879072Z,2026-09-25T14:20:14.767106Z,0.888007,1.503252,0,False,True,True,200000,100000,PASS,,mechanical,f6fbbedf86874dc0c059d57c9733fe173829c2eea68ad96c3fd222bda9ca7789,e3b0c44298fc1c149afbf4c8996fb92427ae41e4649b934ca495991b7852b855
c1v1-measured-istio17860-b07-L-ok-a3,c1v1-istio17860-b07,measured,B,istio17860,L,7,V_ok,3,447,39,a6a7a1da59d4483eddad1548f4428441848c8fd70af6af618f5323b679746de4,2026-09-25T14:20:17.403745Z,2026-09-25T14:20:18.306736Z,0.902964,1.535281,0,False,True,True,200000,100000,PASS,,mechanical,9ec4b59b913c2141c2364f03649321f39ecd43beb2331faf391d3d53f98ebcd4,e3b0c44298fc1c149afbf4c8996fb92427ae41e4649b934ca495991b7852b855
c1v1-measured-istio17860-b07-L-bad-a1,c1v1-istio17860-b07,measured,B,istio17860,L,7,V_bad,1,454,40,ff31a0793234613ae2321e9e14b2810be672f634e4af9e3f83cd566724fdf24e,2026-09-25T14:20:55.722969Z,2026-09-25T14:21:01.027595Z,5.304598,5.919191,1,False,True,True,200000,100000,FOCAL_DEFECT_WITNESS,a,mechanical,f6b95cba41ef7defdfc6f7e5ce1a12265f1d3f17a0e4b67eeb87ecb6ab65ccb8,e3b0c44298fc1c149afbf4c8996fb92427ae41e4649b934ca495991b7852b855
c1v1-measured-istio17860-b07-L-bad-a2,c1v1-istio17860-b07,measured,B,istio17860,L,7,V_bad,2,455,41,be8c413df7120e5470cff4dc080d7582f6720954eb273a47408e5a5b18abd10d,2026-09-25T14:21:03.661203Z,2026-09-25T14:21:08.993340Z,5.332111,5.951939,1,False,True,True,200000,100000,FOCAL_DEFECT_WITNESS,a,mechanical,be1d169770f1faf566cedb2f88671a5ef3f07cbc1dec85bd25428751370ac433,e3b0c44298fc1c149afbf4c8996fb92427ae41e4649b934ca495991b7852b855
c1v1-measured-istio17860-b07-L-bad-a3,c1v1-istio17860-b07,measured,B,istio17860,L,7,V_bad,3,456,42,13164be692e6b69f0fbf0bdf017dcb67b48d3cfc7448682092eeb31a0afc2a77,2026-09-25T14:21:11.636567Z,2026-09-25T14:21:16.997102Z,5.360505,5.970783,1,False,True,True,200000,100000,FOCAL_DEFECT_WITNESS,a,mechanical,573959c03c8fc865fac06fc78f2b342a5fdc81425659a05f33922b20d88ffe29,e3b0c44298fc1c149afbf4c8996fb92427ae41e4649b934ca495991b7852b855
c1v1-measured-istio17860-b08-L-ok-a1,c1v1-istio17860-b08,measured,B,istio17860,L,8,V_ok,1,565,43,2b3a62109c88bc35ffecc030327672e8466703436b457a166c91c52f5bb29856,2026-09-25T14:37:52.554394Z,2026-09-25T14:37:53.653231Z,1.09881,1.669933,0,False,True,True,200000,100000,PASS,,mechanical,f032b606db2e60a98f591a437b645de4c60873df809fa557eae78b6b8e4cd351,e3b0c44298fc1c149afbf4c8996fb92427ae41e4649b934ca495991b7852b855
c1v1-measured-istio17860-b08-L-ok-a2,c1v1-istio17860-b08,measured,B,istio17860,L,8,V_ok,2,566,44,691f45eaeede961a90365ac6f2a6f1825c01b27fa54f1b0c2f31f274f84da194,2026-09-25T14:37:56.232434Z,2026-09-25T14:37:57.216309Z,0.983844,1.627108,0,False,True,True,200000,100000,PASS,,mechanical,f04b1d1cadb2f4a663b61418747a4f9d03dd0950f4a7d50b361cda6c43d13117,e3b0c44298fc1c149afbf4c8996fb92427ae41e4649b934ca495991b7852b855
c1v1-measured-istio17860-b08-L-ok-a3,c1v1-istio17860-b08,measured,B,istio17860,L,8,V_ok,3,567,45,5cf4b7537a21070b2f7a7c026961e0011c2d550fa11128a65c08f2eec9f37e33,2026-09-25T14:37:59.893041Z,2026-09-25T14:38:00.829289Z,0.936218,1.590713,0,False,True,True,200000,100000,PASS,,mechanical,b304b9f3849377518df3cfe45bfb89a0aed935f0ca760f0d33de2545c73fb9cd,e3b0c44298fc1c149afbf4c8996fb92427ae41e4649b934ca495991b7852b855
c1v1-measured-istio17860-b08-L-bad-a1,c1v1-istio17860-b08,measured,B,istio17860,L,8,V_bad,1,568,46,0ffa85b697ce58fab4d60e1af952f95d2bd3ca59cb999db65ba7237f9393c573,2026-09-25T14:38:03.497636Z,2026-09-25T14:38:09.050046Z,5.552376,6.180755,1,False,True,True,200000,100000,FOCAL_DEFECT_WITNESS,a,mechanical,86dad849b5e66b3afae3ca60bc3e4183831a664ae5a2cbc2fac1f2e976d36044,e3b0c44298fc1c149afbf4c8996fb92427ae41e4649b934ca495991b7852b855
c1v1-measured-istio17860-b08-L-bad-a2,c1v1-istio17860-b08,measured,B,istio17860,L,8,V_bad,2,569,47,94b1655bb4d3e8d82b15d12e70c209c4f0cb79919e02bb5b8ed0dcf5573fe920,2026-09-25T14:38:11.709625Z,2026-09-25T14:38:17.140653Z,5.430994,6.087579,1,False,True,True,200000,100000,FOCAL_DEFECT_WITNESS,a,mechanical,3179dbdab48ad2569c431452cc0e767b50de0593c1e44d1ecea076fae2069d99,e3b0c44298fc1c149afbf4c8996fb92427ae41e4649b934ca495991b7852b855
c1v1-measured-istio17860-b08-L-bad-a3,c1v1-istio17860-b08,measured,B,istio17860,L,8,V_bad,3,570,48,dce45d792fdde8eb9aae72761f4f3b3280cd24912411c9b0af9c4abdf646ab8d,2026-09-25T14:38:19.793270Z,2026-09-25T14:38:25.239120Z,5.445811,6.055872,1,False,True,True,200000,100000,FOCAL_DEFECT_WITNESS,a,mechanical,628cca8868998e296b2659b84b47f4857ba0eb791078a8129ec56500298018b5,e3b0c44298fc1c149afbf4c8996fb92427ae41e4649b934ca495991b7852b855
c1v1-measured-istio17860-b09-L-ok-a1,c1v1-istio17860-b09,measured,B,istio17860,L,9,V_ok,1,628,49,e99d4e068e8087d95c6eb8fc1ea76e0d86abc9f3e4f5a2abc37e9ea4ba612af2,2026-09-25T14:48:24.351543Z,2026-09-25T14:48:25.317035Z,0.965463,1.590323,0,False,True,True,200000,100000,PASS,,mechanical,ba06759d39fe567aae98c831bc810aad9382dcec46bb84e75b1ffffb742775d7,e3b0c44298fc1c149afbf4c8996fb92427ae41e4649b934ca495991b7852b855
c1v1-measured-istio17860-b09-L-ok-a2,c1v1-istio17860-b09,measured,B,istio17860,L,9,V_ok,2,629,50,597a58bd871b5fa6c7a2a22d376842e27db16336d6ee3795832c6556ef4bcc08,2026-09-25T14:48:27.965490Z,2026-09-25T14:48:28.909672Z,0.944152,1.50054,0,False,True,True,200000,100000,PASS,,mechanical,814a41188318a696ad4a7dc58db6259979bf00d552945eb35fffa320e5d881b8,e3b0c44298fc1c149afbf4c8996fb92427ae41e4649b934ca495991b7852b855
c1v1-measured-istio17860-b09-L-ok-a3,c1v1-istio17860-b09,measured,B,istio17860,L,9,V_ok,3,630,51,bb58e95eef46a4795d42aca97a84817806c3b6686e5f1469a35b39195095af84,2026-09-25T14:48:31.485784Z,2026-09-25T14:48:32.385971Z,0.900158,1.524472,0,False,True,True,200000,100000,PASS,,mechanical,e75039bc7faeb027823b76f93285390d67bd0fddb94387a0d57877de3ae0dc08,e3b0c44298fc1c149afbf4c8996fb92427ae41e4649b934ca495991b7852b855
c1v1-measured-istio17860-b09-L-bad-a1,c1v1-istio17860-b09,measured,B,istio17860,L,9,V_bad,1,631,52,55788201a013ffb401f3ade73fac936dfb3b152754859e216d294d933eeefa9d,2026-09-25T14:48:35.036325Z,2026-09-25T14:48:40.485048Z,5.448695,6.057084,1,False,True,True,200000,100000,FOCAL_DEFECT_WITNESS,a,mechanical,9701daaa4ec65b7568d231d9991f105c2585ab0517fc63c8468aec8653d0c73a,e3b0c44298fc1c149afbf4c8996fb92427ae41e4649b934ca495991b7852b855
c1v1-measured-istio17860-b09-L-bad-a2,c1v1-istio17860-b09,measured,B,istio17860,L,9,V_bad,2,632,53,552dafbfa8efac3730839cfe86ef59911389af10a7888260104b7ec4c5934253,2026-09-25T14:48:43.124281Z,2026-09-25T14:48:48.542146Z,5.417837,6.033369,1,False,True,True,200000,100000,FOCAL_DEFECT_WITNESS,a,mechanical,a9aff16b8bce443b208664083d7238c1f5faba6fecdbaf6335c0730c0b651e45,e3b0c44298fc1c149afbf4c8996fb92427ae41e4649b934ca495991b7852b855
c1v1-measured-istio17860-b09-L-bad-a3,c1v1-istio17860-b09,measured,B,istio17860,L,9,V_bad,3,633,54,aa8a7afb346a7688cfca3bb1927a35ce5b471ebdb308e707141b25e8fa1992fe,2026-09-25T14:48:51.175465Z,2026-09-25T14:48:56.759693Z,5.5842,6.198264,1,False,True,True,200000,100000,FOCAL_DEFECT_WITNESS,a,mechanical,22b699eef81b74288b6dbbe5ef731f93f52cb55cfbdbeccea0457621d503860c,e3b0c44298fc1c149afbf4c8996fb92427ae41e4649b934ca495991b7852b855
c1v1-measured-istio17860-b10-L-bad-a1,c1v1-istio17860-b10,measured,B,istio17860,L,10,V_bad,1,676,55,8ab0d6d7868b7fc13bc8181e32c3aa0d5da3e6d87320c5acbbc4e54a0d1107d5,2026-09-25T14:53:00.245429Z,2026-09-25T14:53:05.688667Z,5.44321,5.989093,1,False,True,True,200000,100000,FOCAL_DEFECT_WITNESS,a,mechanical,2dbc77282f674708dcc7ae7ecf96c84f7b98398495202a2119221b48fd108190,e3b0c44298fc1c149afbf4c8996fb92427ae41e4649b934ca495991b7852b855
c1v1-measured-istio17860-b10-L-bad-a2,c1v1-istio17860-b10,measured,B,istio17860,L,10,V_bad,2,677,56,cb018406f9ff16762518c4d07973103306e2f1903a36dcbaec47f1b75365deb6,2026-09-25T14:53:08.250981Z,2026-09-25T14:53:13.687777Z,5.436767,6.049534,1,False,True,True,200000,100000,FOCAL_DEFECT_WITNESS,a,mechanical,bae01a77fe5e05ec3466bb94d3f87e413c195ff25e2077b92b5c90083266a956,e3b0c44298fc1c149afbf4c8996fb92427ae41e4649b934ca495991b7852b855
c1v1-measured-istio17860-b10-L-bad-a3,c1v1-istio17860-b10,measured,B,istio17860,L,10,V_bad,3,678,57,dec78c2ae9df77771ca939418aa0f298e16ac5a2ab4bfcf33a7185f72717a3f4,2026-09-25T14:53:16.326708Z,2026-09-25T14:53:21.754687Z,5.427952,6.054839,1,False,True,True,200000,100000,FOCAL_DEFECT_WITNESS,a,mechanical,fa07a0d67e407af887080835775fd39be903d8292f1238714c9749c20f9d9bc8,e3b0c44298fc1c149afbf4c8996fb92427ae41e4649b934ca495991b7852b855
c1v1-measured-istio17860-b10-L-ok-a1,c1v1-istio17860-b10,measured,B,istio17860,L,10,V_ok,1,682,58,3598af9897f14fc57a431971149042f0e068e623d83e9544b02d2cc16d8d318f,2026-09-25T14:53:48.872224Z,2026-09-25T14:53:49.938665Z,1.066412,1.699734,0,False,True,True,200000,100000,PASS,,mechanical,3bee3599391bde6bbd5df98322b2ec9cfea88f43067e173bf6971344001e7e84,e3b0c44298fc1c149afbf4c8996fb92427ae41e4649b934ca495991b7852b855
c1v1-measured-istio17860-b10-L-ok-a2,c1v1-istio17860-b10,measured,B,istio17860,L,10,V_ok,2,683,59,3771be9e92f58e49ac15994fc390b1e9c71a43a030e5d38f2e6d9fad49b15480,2026-09-25T14:53:52.585798Z,2026-09-25T14:53:53.549960Z,0.964133,1.517796,0,False,True,True,200000,100000,PASS,,mechanical,a8876c5a6571210e4afd293fe5ab90060291a46fb35231a018e8f182592c881b,e3b0c44298fc1c149afbf4c8996fb92427ae41e4649b934ca495991b7852b855
c1v1-measured-istio17860-b10-L-ok-a3,c1v1-istio17860-b10,measured,B,istio17860,L,10,V_ok,3,684,60,04ad50cdf10c0ced4a8e1e6aaf1cfde0fd305480f5e8c25ef925f70e4c9bbf67,2026-09-25T14:53:56.125315Z,2026-09-25T14:53:57.054799Z,0.929454,1.560206,0,False,True,True,200000,100000,PASS,,mechanical,05bdd0d02a02ebf1e5b43346b849462e7867d26a236db8ad56562dd221d520af,e3b0c44298fc1c149afbf4c8996fb92427ae41e4649b934ca495991b7852b855
c1v1-measured-istio17860-b01-R-ok-a1,c1v1-istio17860-b01,measured,A,istio17860,R,1,V_ok,1,37,1,63c539d11abdeb21ba8a1128dc8e2629456724bb27176b984282362003d6af3e,2026-09-25T13:12:37.547189Z,2026-09-25T13:12:38.524120Z,0.976898,1.543724,0,False,True,True,0,0,PASS,,mechanical,d62f04531d5f547639c29b4654e9099a0334981146b1cfd90fe30012139b4cd7,e3b0c44298fc1c149afbf4c8996fb92427ae41e4649b934ca495991b7852b855
c1v1-measured-istio17860-b01-R-ok-a2,c1v1-istio17860-b01,measured,A,istio17860,R,1,V_ok,2,38,2,e97db97ed98fdc2709f2bd65fcab2bec5ed4d0cdbc718f7f5aa72e846539fd22,2026-09-25T13:12:41.099772Z,2026-09-25T13:12:42.054374Z,0.954573,1.590893,0,False,True,True,0,0,PASS,,mechanical,01b67d3db2566b239b7fb4f7d4352ddeec08e3c69aaaafa947f16190cc3bd6f0,e3b0c44298fc1c149afbf4c8996fb92427ae41e4649b934ca495991b7852b855
c1v1-measured-istio17860-b01-R-ok-a3,c1v1-istio17860-b01,measured,A,istio17860,R,1,V_ok,3,39,3,bd1a7868ab968f343fb522beae97ac92f2afcc504d16c210a239c94f53f1cb2f,2026-09-25T13:12:44.713437Z,2026-09-25T13:12:45.576058Z,0.862594,1.509828,0,False,True,True,0,0,PASS,,mechanical,d984eb63cb5123a17a7c389814a9fdd7b04313516dd3cf3436ef9f89c2c420c4,e3b0c44298fc1c149afbf4c8996fb92427ae41e4649b934ca495991b7852b855
c1v1-measured-istio17860-b01-R-bad-a1,c1v1-istio17860-b01,measured,A,istio17860,R,1,V_bad,1,43,4,e7666264d9238ef9fee086e3d4fa3a2343882e1dcc0775536d174d5aee3f05a7,2026-09-25T13:12:59.005660Z,2026-09-25T13:13:04.207523Z,5.201835,5.800712,1,False,True,True,0,0,FOCAL_DEFECT_WITNESS,a,mechanical,ea5a3c62752355edd23378a0dd81af7fa47d433c7bd1096b03dbf6b90eb959c1,e3b0c44298fc1c149afbf4c8996fb92427ae41e4649b934ca495991b7852b855
c1v1-measured-istio17860-b01-R-bad-a2,c1v1-istio17860-b01,measured,A,istio17860,R,1,V_bad,2,44,5,21e32a90210626ee935e6a4ac2bf7c384ee0a33b90da34ea1574b832d6cf9b82,2026-09-25T13:13:06.913519Z,2026-09-25T13:13:11.953707Z,5.040158,5.731615,1,False,True,True,0,0,FOCAL_DEFECT_WITNESS,a,mechanical,b151530667592bb32124874e766b1c3a27d177ce465ff1d0e6acf491ab879a09,e3b0c44298fc1c149afbf4c8996fb92427ae41e4649b934ca495991b7852b855
c1v1-measured-istio17860-b01-R-bad-a3,c1v1-istio17860-b01,measured,A,istio17860,R,1,V_bad,3,45,6,fdd2297e5ff4fd69727a3fd3a8f0c3b9bc0e5b830d6b74b1379bbcff319cbf6b,2026-09-25T13:13:14.623980Z,2026-09-25T13:13:19.708625Z,5.084616,5.738633,1,False,True,True,0,0,FOCAL_DEFECT_WITNESS,a,mechanical,ab6d6d5fce9f1372b7d62ab32ccf2385739b167a55f8547aaadcebd2f03fd94e,e3b0c44298fc1c149afbf4c8996fb92427ae41e4649b934ca495991b7852b855
c1v1-measured-istio17860-b02-R-bad-a1,c1v1-istio17860-b02,measured,A,istio17860,R,2,V_bad,1,88,7,fd512dc82ff66a6350278af46603f6801f6a343c538fe6492ae04cfdd58013b9,2026-09-25T13:18:47.547823Z,2026-09-25T13:18:52.602979Z,5.055129,5.681603,1,False,True,True,0,0,FOCAL_DEFECT_WITNESS,a,mechanical,ae903dac3c009a845bd444d5214519abd3a8dc821ba4647a0f0c4a8099a87f3f,e3b0c44298fc1c149afbf4c8996fb92427ae41e4649b934ca495991b7852b855
c1v1-measured-istio17860-b02-R-bad-a2,c1v1-istio17860-b02,measured,A,istio17860,R,2,V_bad,2,89,8,87a90c01943749e599aff759db8a7f198a0ab77db6225ef5d6a4eae5fe97bd1c,2026-09-25T13:18:55.250488Z,2026-09-25T13:19:00.364995Z,5.114478,5.726666,1,False,True,True,0,0,FOCAL_DEFECT_WITNESS,a,mechanical,58c3c9f11973c048f62869019bcb1a2e73321f9358b960b2b484a6a0eef96c11,e3b0c44298fc1c149afbf4c8996fb92427ae41e4649b934ca495991b7852b855
c1v1-measured-istio17860-b02-R-bad-a3,c1v1-istio17860-b02,measured,A,istio17860,R,2,V_bad,3,90,9,e643baff3006256f561f4a4087c69325a3cb6c116d72a97948b906088488133f,2026-09-25T13:19:02.983618Z,2026-09-25T13:19:08.056707Z,5.07306,5.677077,1,False,True,True,0,0,FOCAL_DEFECT_WITNESS,a,mechanical,30043b6803a767f7ff4c28bfdd27d4b9a496fc8ae029fafcf1c282287c6083e2,e3b0c44298fc1c149afbf4c8996fb92427ae41e4649b934ca495991b7852b855
c1v1-measured-istio17860-b02-R-ok-a1,c1v1-istio17860-b02,measured,A,istio17860,R,2,V_ok,1,91,10,9d76b097607bf33a731cbae6357dee8f6ea88675235500dc21692dccc2eb851b,2026-09-25T13:19:10.697867Z,2026-09-25T13:19:11.614873Z,0.916976,1.565612,0,False,True,True,0,0,PASS,,mechanical,62f3c4201cc0cd796bae5115ef16c325f07e54bd8eac69b3cb10cc78bdd2da3e,e3b0c44298fc1c149afbf4c8996fb92427ae41e4649b934ca495991b7852b855
c1v1-measured-istio17860-b02-R-ok-a2,c1v1-istio17860-b02,measured,A,istio17860,R,2,V_ok,2,92,11,d4bb41961ddf2ab6c05816c3c56885afd78184060adc3f8433452e818ec5d0c5,2026-09-25T13:19:14.265777Z,2026-09-25T13:19:15.161532Z,0.895725,1.521151,0,False,True,True,0,0,PASS,,mechanical,51dd98897839d8de1df28f2024b74f7c4f172dfc3466502bef3039415094a0b2,e3b0c44298fc1c149afbf4c8996fb92427ae41e4649b934ca495991b7852b855
c1v1-measured-istio17860-b02-R-ok-a3,c1v1-istio17860-b02,measured,A,istio17860,R,2,V_ok,3,93,12,b0164a1fe011df101eba8df414b69ef741346036c0070716d82ace3cb83a0e77,2026-09-25T13:19:17.793223Z,2026-09-25T13:19:18.672413Z,0.879163,1.501493,0,False,True,True,0,0,PASS,,mechanical,db78474ea8c94cfe9534f09f1b767d11836e69148b58307d4dd8a56fcae443df,e3b0c44298fc1c149afbf4c8996fb92427ae41e4649b934ca495991b7852b855
c1v1-measured-istio17860-b03-R-bad-a1,c1v1-istio17860-b03,measured,A,istio17860,R,3,V_bad,1,181,13,cce75384050e3ba7854dbb640a277c821f8b94fe845d04bb6b898f1a3b3d6702,2026-09-25T13:35:43.527337Z,2026-09-25T13:35:48.566909Z,5.039542,5.678224,1,False,True,True,0,0,FOCAL_DEFECT_WITNESS,a,mechanical,e8afb551fc2126d8d19c7ce06c8379baf3c2c9145605c12bbeca124c7c283bc1,e3b0c44298fc1c149afbf4c8996fb92427ae41e4649b934ca495991b7852b855
c1v1-measured-istio17860-b03-R-bad-a2,c1v1-istio17860-b03,measured,A,istio17860,R,3,V_bad,2,182,14,0b51bd68ca5e51c7c485a7bdd44cc03e7ec4c57343847ce00e90592fbea61bb4,2026-09-25T13:35:51.184067Z,2026-09-25T13:35:56.255408Z,5.071313,5.677434,1,False,True,True,0,0,FOCAL_DEFECT_WITNESS,a,mechanical,b376a3a7c06f4d6ee008999bf877f66b123e7f191a9c1df214601b0db919de82,e3b0c44298fc1c149afbf4c8996fb92427ae41e4649b934ca495991b7852b855
c1v1-measured-istio17860-b03-R-bad-a3,c1v1-istio17860-b03,measured,A,istio17860,R,3,V_bad,3,183,15,ebfc70b93737ad799e238263fc8115f5f869059f1960db0aa702a5ae406b380d,2026-09-25T13:35:58.883716Z,2026-09-25T13:36:04.058981Z,5.175237,5.732232,1,False,True,True,0,0,FOCAL_DEFECT_WITNESS,a,mechanical,e7cc064666342115df05f78d5e07212240704f530e886de529a49c61d760fab5,e3b0c44298fc1c149afbf4c8996fb92427ae41e4649b934ca495991b7852b855
c1v1-measured-istio17860-b03-R-ok-a1,c1v1-istio17860-b03,measured,A,istio17860,R,3,V_ok,1,187,16,92336fcb985422379b50bc0ae4257a13734b2b9af7bab04a0ca64ac1aab5a9cd,2026-09-25T13:36:17.388050Z,2026-09-25T13:36:18.294363Z,0.906286,1.554695,0,False,True,True,0,0,PASS,,mechanical,50de2e51e7ba2342a5c028064e0c6ae2c92bbcb9828b0d5b4383e3831ffab9ea,e3b0c44298fc1c149afbf4c8996fb92427ae41e4649b934ca495991b7852b855
c1v1-measured-istio17860-b03-R-ok-a2,c1v1-istio17860-b03,measured,A,istio17860,R,3,V_ok,2,188,17,f56a0f6165a43f150703cc1f90c92edb30a294140a1c611dd5c00c6d0e6cbe05,2026-09-25T13:36:20.947772Z,2026-09-25T13:36:21.849460Z,0.901662,1.536636,0,False,True,True,0,0,PASS,,mechanical,e793e5aed9ecc325c6b9f161637d0ce43380b0080aa2c2bb2f7d9ef7bc9af3da,e3b0c44298fc1c149afbf4c8996fb92427ae41e4649b934ca495991b7852b855
c1v1-measured-istio17860-b03-R-ok-a3,c1v1-istio17860-b03,measured,A,istio17860,R,3,V_ok,3,189,18,4cbae17620bd8f3be5c33db86744a171f2260ef73d6ea8690a41754bd658fd7f,2026-09-25T13:36:24.520216Z,2026-09-25T13:36:25.438722Z,0.918477,1.584818,0,False,True,True,0,0,PASS,,mechanical,8b80ed4a2ac88d68feeecfab57118a2a6b242a5563e2937e711346dd3121e3fa,e3b0c44298fc1c149afbf4c8996fb92427ae41e4649b934ca495991b7852b855
c1v1-measured-istio17860-b04-R-bad-a1,c1v1-istio17860-b04,measured,A,istio17860,R,4,V_bad,1,280,19,a5da89654f8302a35feb47bcfb17c4efece37421e21c380cf540c8f450d25ec1,2026-09-25T13:50:18.149401Z,2026-09-25T13:50:23.261542Z,5.112113,5.732269,1,False,True,True,0,0,FOCAL_DEFECT_WITNESS,a,mechanical,4a707e5126cb758aa733c80ad555fdbda35ba92472d075c42f026a6ae999b098,e3b0c44298fc1c149afbf4c8996fb92427ae41e4649b934ca495991b7852b855
c1v1-measured-istio17860-b04-R-bad-a2,c1v1-istio17860-b04,measured,A,istio17860,R,4,V_bad,2,281,20,79be7ed2a903f271db579b7b2add54add8b38d2a63e266fc8fdaf53ed9752ff9,2026-09-25T13:50:25.932339Z,2026-09-25T13:50:31.004408Z,5.072035,5.723089,1,False,True,True,0,0,FOCAL_DEFECT_WITNESS,a,mechanical,79b1cfee83fb23063ac6e02860af0750ff08d6971cf98e766dc13cef0395fce8,e3b0c44298fc1c149afbf4c8996fb92427ae41e4649b934ca495991b7852b855
c1v1-measured-istio17860-b04-R-bad-a3,c1v1-istio17860-b04,measured,A,istio17860,R,4,V_bad,3,282,21,d287ae669ed8eec4aeebff57c35cf89bd60095ffbdf5227b3aa1f9bd17bc556a,2026-09-25T13:50:33.638397Z,2026-09-25T13:50:38.778521Z,5.140091,5.753057,1,False,True,True,0,0,FOCAL_DEFECT_WITNESS,a,mechanical,06edd636431f2e49fa87bdf3fdfdbffd094d9f6f2d145bfadebb430ec9c4bd9a,e3b0c44298fc1c149afbf4c8996fb92427ae41e4649b934ca495991b7852b855
c1v1-measured-istio17860-b04-R-ok-a1,c1v1-istio17860-b04,measured,A,istio17860,R,4,V_ok,1,283,22,753848a117d1c48572423dab97e701bfe4f3b9e3ef5f070c64cc39a14ac00160,2026-09-25T13:50:41.415756Z,2026-09-25T13:50:42.417265Z,1.001481,1.630731,0,False,True,True,0,0,PASS,,mechanical,1690070ff8bca83f2e5cd9378cda5c25522819e9fe70e30f91a38c0f5d92b30c,e3b0c44298fc1c149afbf4c8996fb92427ae41e4649b934ca495991b7852b855
c1v1-measured-istio17860-b04-R-ok-a2,c1v1-istio17860-b04,measured,A,istio17860,R,4,V_ok,2,284,23,783a27d6fa353080ee7f036079f6ed97c791d37d99961d9c2e0715f4a3c8c405,2026-09-25T13:50:45.054811Z,2026-09-25T13:50:45.943748Z,0.888905,1.517983,0,False,True,True,0,0,PASS,,mechanical,5fa55850c1a883eff0a35f65b6282bd414e5a4430d290c754416b307420a835a,e3b0c44298fc1c149afbf4c8996fb92427ae41e4649b934ca495991b7852b855
c1v1-measured-istio17860-b04-R-ok-a3,c1v1-istio17860-b04,measured,A,istio17860,R,4,V_ok,3,285,24,48048ef3b3ade463870f7a6aa1586befb6f0d9bc3a5489328c6e5e5711532791,2026-09-25T13:50:48.592382Z,2026-09-25T13:50:49.470358Z,0.877937,1.510961,0,False,True,True,0,0,PASS,,mechanical,e7a09a073ac48fff7fede352b8ca3322421cd24ba55d22b0fb20d3a75fb7bbb3,e3b0c44298fc1c149afbf4c8996fb92427ae41e4649b934ca495991b7852b855
c1v1-measured-istio17860-b05-R-bad-a1,c1v1-istio17860-b05,measured,A,istio17860,R,5,V_bad,1,292,25,6f82c2f74aa50ddbfaa3c78d6e99fe223bccf73c54ce9cfe389401d371faebec,2026-09-25T13:51:15.449572Z,2026-09-25T13:51:20.553777Z,5.104174,5.688359,1,False,True,True,0,0,FOCAL_DEFECT_WITNESS,a,mechanical,9421b96876286399044c1ca9d79021ac5263b4cd017386a6e5d40030d08f2df1,e3b0c44298fc1c149afbf4c8996fb92427ae41e4649b934ca495991b7852b855
c1v1-measured-istio17860-b05-R-bad-a2,c1v1-istio17860-b05,measured,A,istio17860,R,5,V_bad,2,293,26,c3b0768faa66f6170edfa47303d244413df6efef406de1e179702e4f69290cce,2026-09-25T13:51:23.228028Z,2026-09-25T13:51:28.249748Z,5.021686,5.683474,1,False,True,True,0,0,FOCAL_DEFECT_WITNESS,a,mechanical,1561022b7d44ca44c3dab187a516bad749a527794ebe14742d2dfdd637529e1c,e3b0c44298fc1c149afbf4c8996fb92427ae41e4649b934ca495991b7852b855
c1v1-measured-istio17860-b05-R-bad-a3,c1v1-istio17860-b05,measured,A,istio17860,R,5,V_bad,3,294,27,49d3c0710f9576accc60521369a5cbd1c696a845e5813231286833e2fc0224a0,2026-09-25T13:51:30.912354Z,2026-09-25T13:51:35.955302Z,5.042916,5.590326,1,False,True,True,0,0,FOCAL_DEFECT_WITNESS,a,mechanical,8b755f36e839b5d91a33de48b974e64af7245d80cb6371f3b6723c5a181d2ed6,e3b0c44298fc1c149afbf4c8996fb92427ae41e4649b934ca495991b7852b855
c1v1-measured-istio17860-b05-R-ok-a1,c1v1-istio17860-b05,measured,A,istio17860,R,5,V_ok,1,298,28,b6b4252607e23896f031d75681edecca7d218176950bf1abaa7661b1b38afd6d,2026-09-25T13:52:01.661989Z,2026-09-25T13:52:02.543637Z,0.881622,1.509244,0,False,True,True,0,0,PASS,,mechanical,39d9ea8e880e97629caccc9309d2eb27f6f758d15d823fb9b1e5e9a5af4c737c,e3b0c44298fc1c149afbf4c8996fb92427ae41e4649b934ca495991b7852b855
c1v1-measured-istio17860-b05-R-ok-a2,c1v1-istio17860-b05,measured,A,istio17860,R,5,V_ok,2,299,29,e174ebadde0250bf36d42bee71c16ce007fbcbe69034be185737e87161092e63,2026-09-25T13:52:05.189329Z,2026-09-25T13:52:06.091961Z,0.902604,1.533807,0,False,True,True,0,0,PASS,,mechanical,92fe5df3418b4313ecd65ba89734230643e09a63fa5438a66fd7e12700be3168,e3b0c44298fc1c149afbf4c8996fb92427ae41e4649b934ca495991b7852b855
c1v1-measured-istio17860-b05-R-ok-a3,c1v1-istio17860-b05,measured,A,istio17860,R,5,V_ok,3,300,30,04c240aa72859647b12aa045294c1efca5be688ab07d14b6e3cedfbd1648ad04,2026-09-25T13:52:08.736677Z,2026-09-25T13:52:09.640751Z,0.904049,1.465779,0,False,True,True,0,0,PASS,,mechanical,76f7de471e0cde9aabec1c404f61d629c83d728e404ebccf66dba5d0b18745b4,e3b0c44298fc1c149afbf4c8996fb92427ae41e4649b934ca495991b7852b855
c1v1-measured-istio17860-b06-R-ok-a1,c1v1-istio17860-b06,measured,B,istio17860,R,6,V_ok,1,379,31,0fcb3bd2e540c4aca47cabf1121596fb9a7900897e94f1be853d984d91770a46,2026-09-25T14:12:46.410480Z,2026-09-25T14:12:47.324598Z,0.914091,1.536669,0,False,True,True,0,0,PASS,,mechanical,aa945ef197503b256878c8178c93c2362425da87e03fafe5e379f7d2699be6ef,e3b0c44298fc1c149afbf4c8996fb92427ae41e4649b934ca495991b7852b855
c1v1-measured-istio17860-b06-R-ok-a2,c1v1-istio17860-b06,measured,B,istio17860,R,6,V_ok,2,380,32,b0fe319b80e29c21e0d0c60c4588ea007a9f042fa54cf1d1d3ad2c39ca9b8263,2026-09-25T14:12:49.960323Z,2026-09-25T14:12:50.850106Z,0.889756,1.518452,0,False,True,True,0,0,PASS,,mechanical,e4f1970a9974e657c00722924ca94f4a5f6f19a504efb3e9b9d65800b4c7be0d,e3b0c44298fc1c149afbf4c8996fb92427ae41e4649b934ca495991b7852b855
c1v1-measured-istio17860-b06-R-ok-a3,c1v1-istio17860-b06,measured,B,istio17860,R,6,V_ok,3,381,33,7c91800649e0b41673d721714e06d33b726851176a8d7c6c75a55d5b73d66ebd,2026-09-25T14:12:53.493588Z,2026-09-25T14:12:54.424384Z,0.93077,1.558637,0,False,True,True,0,0,PASS,,mechanical,cea908132b11a21e79b80b48585bd677fbd32df7a658350991d4d47bf9ed5d0a,e3b0c44298fc1c149afbf4c8996fb92427ae41e4649b934ca495991b7852b855
c1v1-measured-istio17860-b06-R-bad-a1,c1v1-istio17860-b06,measured,B,istio17860,R,6,V_bad,1,382,34,aee16b1bbec56336283939980c9a1ae1bdc588c128862ec8894b0b8ebae8ef5d,2026-09-25T14:12:57.068658Z,2026-09-25T14:13:02.276891Z,5.208204,5.822854,1,False,True,True,0,0,FOCAL_DEFECT_WITNESS,a,mechanical,b3f49289695832bcbbb435c41887727fe704fca61240bf1f2b4400046cf26d25,e3b0c44298fc1c149afbf4c8996fb92427ae41e4649b934ca495991b7852b855
c1v1-measured-istio17860-b06-R-bad-a2,c1v1-istio17860-b06,measured,B,istio17860,R,6,V_bad,2,383,35,2f47a4d076373239baa06f045d685dd202733dc8953e2a48d36c81d1df1ede9f,2026-09-25T14:13:04.914978Z,2026-09-25T14:13:10.060988Z,5.145981,5.760871,1,False,True,True,0,0,FOCAL_DEFECT_WITNESS,a,mechanical,2146ee7a9c26ba992325aaa755bca1a3808f85f6b3e351d668decb386db98678,e3b0c44298fc1c149afbf4c8996fb92427ae41e4649b934ca495991b7852b855
c1v1-measured-istio17860-b06-R-bad-a3,c1v1-istio17860-b06,measured,B,istio17860,R,6,V_bad,3,384,36,0e088a23f5dd354b1533c5d72293c8894a1fd72221aeef3f21400e9a934ebaef,2026-09-25T14:13:12.685909Z,2026-09-25T14:13:17.920203Z,5.234265,5.778577,1,False,True,True,0,0,FOCAL_DEFECT_WITNESS,a,mechanical,821e4d9d26fb09151cf99bf49bba4f7b41f56e885b4b1f93be4be4434edf54f3,e3b0c44298fc1c149afbf4c8996fb92427ae41e4649b934ca495991b7852b855
c1v1-measured-istio17860-b07-R-ok-a1,c1v1-istio17860-b07,measured,B,istio17860,R,7,V_ok,1,448,37,55dcbd8201e2ac6ea45d7a35e5e6c71c001255c673fff1cb640ac7f84d690acf,2026-09-25T14:20:20.955576Z,2026-09-25T14:20:21.925245Z,0.96964,1.603486,0,False,True,True,0,0,PASS,,mechanical,6001e38ea1aa3280a831481fc357bc4718999922981be853e76d829794be555f,e3b0c44298fc1c149afbf4c8996fb92427ae41e4649b934ca495991b7852b855
c1v1-measured-istio17860-b07-R-ok-a2,c1v1-istio17860-b07,measured,B,istio17860,R,7,V_ok,2,449,38,b49dcba2f1681b90833b21fbc2f57ab5df472cca1f21218eef43d516811615c5,2026-09-25T14:20:24.574305Z,2026-09-25T14:20:25.479907Z,0.905575,1.539769,0,False,True,True,0,0,PASS,,mechanical,371c97a0b2f184946c2f035789391326a4ec3289ddd46fb8b13f9e40b9834f2c,e3b0c44298fc1c149afbf4c8996fb92427ae41e4649b934ca495991b7852b855
c1v1-measured-istio17860-b07-R-ok-a3,c1v1-istio17860-b07,measured,B,istio17860,R,7,V_ok,3,450,39,b0aa4874b4603cafbed38a19a1191cb12ad6cdd8b2b9c6df869af4037d960898,2026-09-25T14:20:28.135851Z,2026-09-25T14:20:29.109483Z,0.9736,1.612013,0,False,True,True,0,0,PASS,,mechanical,3683ee3e6030dad2abb853edcb6e4e6b6bc222554ce314fa552ad9993d2644b1,e3b0c44298fc1c149afbf4c8996fb92427ae41e4649b934ca495991b7852b855
c1v1-measured-istio17860-b07-R-bad-a1,c1v1-istio17860-b07,measured,B,istio17860,R,7,V_bad,1,451,40,3ce6d565ec20687d17f210923b0d42bdcd658aee56f38fbdf930450971f03785,2026-09-25T14:20:31.763180Z,2026-09-25T14:20:37.184025Z,5.420819,6.045359,1,False,True,True,0,0,FOCAL_DEFECT_WITNESS,a,mechanical,2de27ffe40e2b3211253048f3526b788f48a00efcf2d2d7746bccdbead934886,e3b0c44298fc1c149afbf4c8996fb92427ae41e4649b934ca495991b7852b855
c1v1-measured-istio17860-b07-R-bad-a2,c1v1-istio17860-b07,measured,B,istio17860,R,7,V_bad,2,452,41,9dfaa2641e3808f50435c8124e24ec26dd95b5ab16fd653f5905b2591d4e15a2,2026-09-25T14:20:39.859583Z,2026-09-25T14:20:45.201344Z,5.341734,5.919276,1,False,True,True,0,0,FOCAL_DEFECT_WITNESS,a,mechanical,89c4a463746eb7ee250c7335c57ffd0809d317805680d09b6e8fe0592eed6631,e3b0c44298fc1c149afbf4c8996fb92427ae41e4649b934ca495991b7852b855
c1v1-measured-istio17860-b07-R-bad-a3,c1v1-istio17860-b07,measured,B,istio17860,R,7,V_bad,3,453,42,47cb7aade0641d88336278da0814f7b840dc3fb05aa8ba5fd26d318f5b48c646,2026-09-25T14:20:47.760573Z,2026-09-25T14:20:53.097295Z,5.336696,5.950347,1,False,True,True,0,0,FOCAL_DEFECT_WITNESS,a,mechanical,74367e5987ef9a6f4ec412cd91a184defa58960f80587bc91c0127281700c833,e3b0c44298fc1c149afbf4c8996fb92427ae41e4649b934ca495991b7852b855
c1v1-measured-istio17860-b08-R-ok-a1,c1v1-istio17860-b08,measured,B,istio17860,R,8,V_ok,1,571,43,d7e30de9f20ff4ae4dd6567f9ede3ae5117c4d3b30eb922f05546a5ee6523230,2026-09-25T14:38:27.861535Z,2026-09-25T14:38:28.790718Z,0.929156,1.546942,0,False,True,True,0,0,PASS,,mechanical,2574b527555f1bb5db2ce1ad6f312ba53d3499651539b1047a7fededb84395dc,e3b0c44298fc1c149afbf4c8996fb92427ae41e4649b934ca495991b7852b855
c1v1-measured-istio17860-b08-R-ok-a2,c1v1-istio17860-b08,measured,B,istio17860,R,8,V_ok,2,572,44,bb42eda861dbb4f71c88b0f1258ce1a7a2559bea97e4633b10fdecdf09602659,2026-09-25T14:38:31.427046Z,2026-09-25T14:38:32.360405Z,0.933328,1.55785,0,False,True,True,0,0,PASS,,mechanical,eba217de328ae2dd6443e6b9c5410f4783ddd5ea808822707b0b4165e06b9765,e3b0c44298fc1c149afbf4c8996fb92427ae41e4649b934ca495991b7852b855
c1v1-measured-istio17860-b08-R-ok-a3,c1v1-istio17860-b08,measured,B,istio17860,R,8,V_ok,3,573,45,1d0ce03fe5cebb4137e810807d4029b771cc3b907284d05f6ca9edf25721de3d,2026-09-25T14:38:35.028498Z,2026-09-25T14:38:35.953002Z,0.924467,1.583832,0,False,True,True,0,0,PASS,,mechanical,a1200697afd82af46c549d118ef7df5e6a6279904bf52e52abc3fcfac25e6006,e3b0c44298fc1c149afbf4c8996fb92427ae41e4649b934ca495991b7852b855
c1v1-measured-istio17860-b08-R-bad-a1,c1v1-istio17860-b08,measured,B,istio17860,R,8,V_bad,1,574,46,e6759a887fc649256f13f43707a8392b5f80dfaaf19372c86fa09c98b9d24d14,2026-09-25T14:38:38.619234Z,2026-09-25T14:38:43.978984Z,5.359713,5.913913,1,False,True,True,0,0,FOCAL_DEFECT_WITNESS,a,mechanical,7d2b128b14115561e43c8348bed46f0fdc111fffeaf3da785e18dc4dca15195b,e3b0c44298fc1c149afbf4c8996fb92427ae41e4649b934ca495991b7852b855
c1v1-measured-istio17860-b08-R-bad-a2,c1v1-istio17860-b08,measured,B,istio17860,R,8,V_bad,2,575,47,8f6b15f91dcf85c4feee2ea6fb6ec40ae3460098e1b0da69ba1e4f98efb5aef8,2026-09-25T14:38:46.536819Z,2026-09-25T14:38:51.969701Z,5.432856,6.04335,1,False,True,True,0,0,FOCAL_DEFECT_WITNESS,a,mechanical,67334b331d152d2676f48cd671eb14fd17d7f0b193d92a27ffa0ead24e0212f0,e3b0c44298fc1c149afbf4c8996fb92427ae41e4649b934ca495991b7852b855
c1v1-measured-istio17860-b08-R-bad-a3,c1v1-istio17860-b08,measured,B,istio17860,R,8,V_bad,3,576,48,18218c17ec7f1bc4a920b995d180bb5110a39a5684aa1df8869d15addcfef1c5,2026-09-25T14:38:54.601364Z,2026-09-25T14:38:59.949300Z,5.347906,5.966904,1,False,True,True,0,0,FOCAL_DEFECT_WITNESS,a,mechanical,5474b9a57a3da2d980f1af717522b72a8a2c20c39fa290c4153af3296bb8a48e,e3b0c44298fc1c149afbf4c8996fb92427ae41e4649b934ca495991b7852b855
c1v1-measured-istio17860-b09-R-ok-a1,c1v1-istio17860-b09,measured,B,istio17860,R,9,V_ok,1,625,49,c24865a86f749c9fb9c0cc4a3bafec36a78416dbe49894594bf45baa41ade029,2026-09-25T14:48:13.441331Z,2026-09-25T14:48:14.428033Z,0.986676,1.632575,0,False,True,True,0,0,PASS,,mechanical,dbad355146c691d614b9471fe57abb9a4c63d20080c5e3ffb6307264fab0af65,e3b0c44298fc1c149afbf4c8996fb92427ae41e4649b934ca495991b7852b855
c1v1-measured-istio17860-b09-R-ok-a2,c1v1-istio17860-b09,measured,B,istio17860,R,9,V_ok,2,626,50,1cfc0a5961a2a6792fede2d78b9f59e0c6629a2c03b5e7c0b13abc7e0fa5ae21,2026-09-25T14:48:17.090133Z,2026-09-25T14:48:18.041742Z,0.95158,1.588956,0,False,True,True,0,0,PASS,,mechanical,01bcd3e9aed7dd8a40eb86c165c89be7666d1ba094fe64cf2a5e32cad614ca94,e3b0c44298fc1c149afbf4c8996fb92427ae41e4649b934ca495991b7852b855
c1v1-measured-istio17860-b09-R-ok-a3,c1v1-istio17860-b09,measured,B,istio17860,R,9,V_ok,3,627,51,6239149b1b187c3b13e55cbe6c8313d69f3941f199f4a2ec5811aef0ce36510f,2026-09-25T14:48:20.707344Z,2026-09-25T14:48:21.695449Z,0.988076,1.624765,0,False,True,True,0,0,PASS,,mechanical,c6552dc42a8cb0dc2ea4f644c6ba1107fe09a4679b2c7f2f52e5ae6577dcd77f,e3b0c44298fc1c149afbf4c8996fb92427ae41e4649b934ca495991b7852b855
c1v1-measured-istio17860-b09-R-bad-a1,c1v1-istio17860-b09,measured,B,istio17860,R,9,V_bad,1,634,52,a9672eeec8a7783d2aeebc410826a76a0df139c84b5aedca5251dd9135df837e,2026-09-25T14:48:59.400680Z,2026-09-25T14:49:04.835878Z,5.43517,6.057123,1,False,True,True,0,0,FOCAL_DEFECT_WITNESS,a,mechanical,a1685c68159e3362c7a094f267f9ea6d3add413fd0ca97bde593e4466442e6e9,e3b0c44298fc1c149afbf4c8996fb92427ae41e4649b934ca495991b7852b855
c1v1-measured-istio17860-b09-R-bad-a2,c1v1-istio17860-b09,measured,B,istio17860,R,9,V_bad,2,635,53,3c2d348ae06d1d8d28d345d580fa0a7b216b6522c76f45435145b5ac521c7222,2026-09-25T14:49:07.464985Z,2026-09-25T14:49:12.848730Z,5.383717,5.994174,1,False,True,True,0,0,FOCAL_DEFECT_WITNESS,a,mechanical,4f9f088422ab1c55c8557c9c7fba702c08aff6f2b3b904a1b701eaf2d7d8f24b,e3b0c44298fc1c149afbf4c8996fb92427ae41e4649b934ca495991b7852b855
c1v1-measured-istio17860-b09-R-bad-a3,c1v1-istio17860-b09,measured,B,istio17860,R,9,V_bad,3,636,54,cd9f05b821566c3098cc0b419600284699ca890199c74ae052e4df45e0226d66,2026-09-25T14:49:15.488618Z,2026-09-25T14:49:20.956486Z,5.467832,6.017774,1,False,True,True,0,0,FOCAL_DEFECT_WITNESS,a,mechanical,6b7d2948e182a4497369f228e278411c6d5408d7b07134c4311794dd3d3a5504,e3b0c44298fc1c149afbf4c8996fb92427ae41e4649b934ca495991b7852b855
c1v1-measured-istio17860-b10-R-ok-a1,c1v1-istio17860-b10,measured,B,istio17860,R,10,V_ok,1,673,55,e25836ee1e7dcb19636289d627a461c971bc39b1f355b1b14e0174d29e27a3b0,2026-09-25T14:52:49.288976Z,2026-09-25T14:52:50.365522Z,1.076517,1.702255,0,False,True,True,0,0,PASS,,mechanical,40c77b8d75b5ab2eafdbe21a5072aedccd9a2a407d6641c4f506bf099ccc2a83,e3b0c44298fc1c149afbf4c8996fb92427ae41e4649b934ca495991b7852b855
c1v1-measured-istio17860-b10-R-ok-a2,c1v1-istio17860-b10,measured,B,istio17860,R,10,V_ok,2,674,56,82baa9637c01c1bf755e4626228c9c2724cfda5830418a26cc1a345da0f151a6,2026-09-25T14:52:53.008770Z,2026-09-25T14:52:53.965356Z,0.956558,1.593621,0,False,True,True,0,0,PASS,,mechanical,86a20540ee7e917e348695790a413524bdc332f95f23af6e02942a6a0df1154c,e3b0c44298fc1c149afbf4c8996fb92427ae41e4649b934ca495991b7852b855
c1v1-measured-istio17860-b10-R-ok-a3,c1v1-istio17860-b10,measured,B,istio17860,R,10,V_ok,3,675,57,a2f003c06b2fb1a14057fd903e44a2db9c4973941fb21c90bae6e8427548fe72,2026-09-25T14:52:56.620225Z,2026-09-25T14:52:57.587044Z,0.96679,1.59855,0,False,True,True,0,0,PASS,,mechanical,2ed1181b726f15c9a58314ce605d2c827103dce8209f5048cb220840a25c4d57,e3b0c44298fc1c149afbf4c8996fb92427ae41e4649b934ca495991b7852b855
c1v1-measured-istio17860-b10-R-bad-a1,c1v1-istio17860-b10,measured,B,istio17860,R,10,V_bad,1,679,58,c078df4ef7c59edcd48daee263c290a4aacb4976a7112b79c5d40041f6fba07b,2026-09-25T14:53:24.396270Z,2026-09-25T14:53:30.067522Z,5.671226,6.295409,1,False,True,True,0,0,FOCAL_DEFECT_WITNESS,a,mechanical,3ce6ecba336ec5eab40592b969b7cb150e081c7a8b41da782cdac366ebde1ee9,e3b0c44298fc1c149afbf4c8996fb92427ae41e4649b934ca495991b7852b855
c1v1-measured-istio17860-b10-R-bad-a2,c1v1-istio17860-b10,measured,B,istio17860,R,10,V_bad,2,680,59,63a25960df24d7762982b75c81ad8e186351523710fc27781c0d76d7dec79351,2026-09-25T14:53:32.709582Z,2026-09-25T14:53:38.139558Z,5.429947,6.043847,1,False,True,True,0,0,FOCAL_DEFECT_WITNESS,a,mechanical,cb2b14fc5e2a400908d7105868a647244dd54ee787ec9cf73d7302a994b71af7,e3b0c44298fc1c149afbf4c8996fb92427ae41e4649b934ca495991b7852b855
c1v1-measured-istio17860-b10-R-bad-a3,c1v1-istio17860-b10,measured,B,istio17860,R,10,V_bad,3,681,60,a84ee2ddf532ab4acde3ab925cd47a6a56f8609dbb10205d26ca6ab29fdf0e20,2026-09-25T14:53:40.770673Z,2026-09-25T14:53:46.232871Z,5.462169,6.082637,1,False,True,True,0,0,FOCAL_DEFECT_WITNESS,a,mechanical,729ccd3d5c437502460c36acd9cf7f96a16872d449b06a1bac1bab7fb0cd875c,e3b0c44298fc1c149afbf4c8996fb92427ae41e4649b934ca495991b7852b855
c1v1-measured-k8s26980-b01-L-bad-a1,c1v1-k8s26980-b01,measured,A,k8s26980,L,1,V_bad,1,67,1,5ac84166ad33ce3b390d55bdb3b01a6358322348d4665a87400ded347b978eb9,2026-09-25T13:17:27.721255Z,2026-09-25T13:17:28.143412Z,0.42213,0.966709,0,False,True,True,200000,100000,PASS,,mechanical,e75cbd4d4a22b7bffd629c9d7c8abd88795e710e0cee6a2e6f0ec31c9d63fc26,e3b0c44298fc1c149afbf4c8996fb92427ae41e4649b934ca495991b7852b855
c1v1-measured-k8s26980-b01-L-bad-a2,c1v1-k8s26980-b01,measured,A,k8s26980,L,1,V_bad,2,68,2,16685ad6284cd1c2e8e8d406b3393688ba6e49713a5c04d31088bb4ec7a2b6de,2026-09-25T13:17:30.693405Z,2026-09-25T13:17:31.141338Z,0.447897,1.064164,0,False,True,True,200000,100000,PASS,,mechanical,e75cbd4d4a22b7bffd629c9d7c8abd88795e710e0cee6a2e6f0ec31c9d63fc26,e3b0c44298fc1c149afbf4c8996fb92427ae41e4649b934ca495991b7852b855
c1v1-measured-k8s26980-b01-L-bad-a3,c1v1-k8s26980-b01,measured,A,k8s26980,L,1,V_bad,3,69,3,9ecf53d02ee897a1e7f93d59e9565f79d9be142472427bd6e78383b7a61c0953,2026-09-25T13:17:33.781829Z,2026-09-25T13:17:34.168037Z,0.38618,1.003265,0,False,True,True,200000,100000,PASS,,mechanical,e75cbd4d4a22b7bffd629c9d7c8abd88795e710e0cee6a2e6f0ec31c9d63fc26,e3b0c44298fc1c149afbf4c8996fb92427ae41e4649b934ca495991b7852b855
c1v1-measured-k8s26980-b01-L-ok-a1,c1v1-k8s26980-b01,measured,A,k8s26980,L,1,V_ok,1,70,4,2991fd9f8505ad48458f68137125a245734bbf92071c25a33c6d0315132262b9,2026-09-25T13:17:36.790806Z,2026-09-25T13:17:37.137404Z,0.346562,0.963311,0,False,True,True,200000,100000,PASS,,mechanical,e75cbd4d4a22b7bffd629c9d7c8abd88795e710e0cee6a2e6f0ec31c9d63fc26,e3b0c44298fc1c149afbf4c8996fb92427ae41e4649b934ca495991b7852b855
c1v1-measured-k8s26980-b01-L-ok-a2,c1v1-k8s26980-b01,measured,A,k8s26980,L,1,V_ok,2,71,5,ffe356e752c7e8a5e0ac8e8c3b081eac3139211bf7781e53b7a8a5057babc8fa,2026-09-25T13:17:39.773773Z,2026-09-25T13:17:40.147273Z,0.373472,0.993421,0,False,True,True,200000,100000,PASS,,mechanical,e75cbd4d4a22b7bffd629c9d7c8abd88795e710e0cee6a2e6f0ec31c9d63fc26,e3b0c44298fc1c149afbf4c8996fb92427ae41e4649b934ca495991b7852b855
c1v1-measured-k8s26980-b01-L-ok-a3,c1v1-k8s26980-b01,measured,A,k8s26980,L,1,V_ok,3,72,6,3c5e9b52e4720b79435e48c0931e95bb62e1d93b18d530a10cb9ee87e141ebd2,2026-09-25T13:17:42.781235Z,2026-09-25T13:17:43.169671Z,0.388407,1.010424,0,False,True,True,200000,100000,PASS,,mechanical,e75cbd4d4a22b7bffd629c9d7c8abd88795e710e0cee6a2e6f0ec31c9d63fc26,e3b0c44298fc1c149afbf4c8996fb92427ae41e4649b934ca495991b7852b855
c1v1-measured-k8s26980-b02-L-bad-a1,c1v1-k8s26980-b02,measured,A,k8s26980,L,2,V_bad,1,76,7,20969425884fa3cb312802163a0e835b9030b8e1c9b8a61a1f21b217a5668005,2026-09-25T13:17:56.996822Z,2026-09-25T13:17:57.382611Z,0.385761,0.995659,0,False,True,True,200000,100000,PASS,,mechanical,e75cbd4d4a22b7bffd629c9d7c8abd88795e710e0cee6a2e6f0ec31c9d63fc26,e3b0c44298fc1c149afbf4c8996fb92427ae41e4649b934ca495991b7852b855
c1v1-measured-k8s26980-b02-L-bad-a2,c1v1-k8s26980-b02,measured,A,k8s26980,L,2,V_bad,2,77,8,ec8b41c57cbdfd03116916dfb71033c90c2a18ba786eec9fd98371ebfa818302,2026-09-25T13:18:00.024681Z,2026-09-25T13:18:00.453820Z,0.429107,1.056698,0,False,True,True,200000,100000,PASS,,mechanical,e75cbd4d4a22b7bffd629c9d7c8abd88795e710e0cee6a2e6f0ec31c9d63fc26,e3b0c44298fc1c149afbf4c8996fb92427ae41e4649b934ca495991b7852b855
c1v1-measured-k8s26980-b02-L-bad-a3,c1v1-k8s26980-b02,measured,A,k8s26980,L,2,V_bad,3,78,9,e8d6f3ac5f080a19846e32a952e27f75a99b6aff8e36dd4f73f76bb476d851ea,2026-09-25T13:18:03.097549Z,2026-09-25T13:18:03.540685Z,0.443108,1.086899,0,False,True,True,200000,100000,PASS,,mechanical,e75cbd4d4a22b7bffd629c9d7c8abd88795e710e0cee6a2e6f0ec31c9d63fc26,e3b0c44298fc1c149afbf4c8996fb92427ae41e4649b934ca495991b7852b855
c1v1-measured-k8s26980-b02-L-ok-a1,c1v1-k8s26980-b02,measured,A,k8s26980,L,2,V_ok,1,79,10,49db4c10a5eec103a84d9108bdc425d5fbdc77debeb8bc07839b7825107215b0,2026-09-25T13:18:06.174768Z,2026-09-25T13:18:06.606787Z,0.431992,1.046865,0,False,True,True,200000,100000,PASS,,mechanical,e75cbd4d4a22b7bffd629c9d7c8abd88795e710e0cee6a2e6f0ec31c9d63fc26,e3b0c44298fc1c149afbf4c8996fb92427ae41e4649b934ca495991b7852b855
c1v1-measured-k8s26980-b02-L-ok-a2,c1v1-k8s26980-b02,measured,A,k8s26980,L,2,V_ok,2,80,11,15f719dd419fc921c292da7eddccbe0450fd2b8cdb582d4b991276ad3acaba00,2026-09-25T13:18:09.235919Z,2026-09-25T13:18:09.655491Z,0.41954,1.035453,0,False,True,True,200000,100000,PASS,,mechanical,e75cbd4d4a22b7bffd629c9d7c8abd88795e710e0cee6a2e6f0ec31c9d63fc26,e3b0c44298fc1c149afbf4c8996fb92427ae41e4649b934ca495991b7852b855
c1v1-measured-k8s26980-b02-L-ok-a3,c1v1-k8s26980-b02,measured,A,k8s26980,L,2,V_ok,3,81,12,1fb0eabd73213a234b19234401e9d030b133365d3575c63bf5f4e73f489d2587,2026-09-25T13:18:12.283065Z,2026-09-25T13:18:12.698902Z,0.415811,0.964505,0,False,True,True,200000,100000,PASS,,mechanical,e75cbd4d4a22b7bffd629c9d7c8abd88795e710e0cee6a2e6f0ec31c9d63fc26,e3b0c44298fc1c149afbf4c8996fb92427ae41e4649b934ca495991b7852b855
c1v1-measured-k8s26980-b03-L-ok-a1,c1v1-k8s26980-b03,measured,A,k8s26980,L,3,V_ok,1,211,13,b5b45214dff136e5b1dd9dc667978eb15c328ed3b957e11705cb086a14935f90,2026-09-25T13:39:37.302479Z,2026-09-25T13:39:37.701510Z,0.398983,1.004531,0,False,True,True,200000,100000,PASS,,mechanical,e75cbd4d4a22b7bffd629c9d7c8abd88795e710e0cee6a2e6f0ec31c9d63fc26,e3b0c44298fc1c149afbf4c8996fb92427ae41e4649b934ca495991b7852b855
c1v1-measured-k8s26980-b03-L-ok-a2,c1v1-k8s26980-b03,measured,A,k8s26980,L,3,V_ok,2,212,14,2c687a731d6722597f95d3c9f87f6b13eaa8fed78f2d29189f45546b88415488,2026-09-25T13:39:40.323307Z,2026-09-25T13:39:40.748955Z,0.425621,1.034212,0,False,True,True,200000,100000,PASS,,mechanical,e75cbd4d4a22b7bffd629c9d7c8abd88795e710e0cee6a2e6f0ec31c9d63fc26,e3b0c44298fc1c149afbf4c8996fb92427ae41e4649b934ca495991b7852b855
c1v1-measured-k8s26980-b03-L-ok-a3,c1v1-k8s26980-b03,measured,A,k8s26980,L,3,V_ok,3,213,15,e13de7f8b2e91d5a0844c4d0c755fc19d2d6ad637fe102204f3e16d2a258190a,2026-09-25T13:39:43.366128Z,2026-09-25T13:39:43.704905Z,0.338749,0.941563,0,False,True,True,200000,100000,PASS,,mechanical,e75cbd4d4a22b7bffd629c9d7c8abd88795e710e0cee6a2e6f0ec31c9d63fc26,e3b0c44298fc1c149afbf4c8996fb92427ae41e4649b934ca495991b7852b855
c1v1-measured-k8s26980-b03-L-bad-a1,c1v1-k8s26980-b03,measured,A,k8s26980,L,3,V_bad,1,214,16,6cb0754324b0c5e3ba4f4a289c26740950f904e170819bdf4a68338e09b15f68,2026-09-25T13:39:46.328871Z,2026-09-25T13:39:46.756337Z,0.427437,1.033976,0,False,True,True,200000,100000,PASS,,mechanical,e75cbd4d4a22b7bffd629c9d7c8abd88795e710e0cee6a2e6f0ec31c9d63fc26,e3b0c44298fc1c149afbf4c8996fb92427ae41e4649b934ca495991b7852b855
c1v1-measured-k8s26980-b03-L-bad-a2,c1v1-k8s26980-b03,measured,A,k8s26980,L,3,V_bad,2,215,17,03d683528fa7827477e6dc3edc7cdab0a13697e53032e4426956833e141bfdac,2026-09-25T13:39:49.378362Z,2026-09-25T13:39:49.812435Z,0.434044,1.046878,0,False,True,True,200000,100000,PASS,,mechanical,e75cbd4d4a22b7bffd629c9d7c8abd88795e710e0cee6a2e6f0ec31c9d63fc26,e3b0c44298fc1c149afbf4c8996fb92427ae41e4649b934ca495991b7852b855
c1v1-measured-k8s26980-b03-L-bad-a3,c1v1-k8s26980-b03,measured,A,k8s26980,L,3,V_bad,3,216,18,ed140e7d4b82cf007b2c5a55cf7f636555611d59670934727a6e0d96fc01a9a5,2026-09-25T13:39:52.439422Z,2026-09-25T13:39:52.846642Z,0.407189,1.017653,0,False,True,True,200000,100000,PASS,,mechanical,e75cbd4d4a22b7bffd629c9d7c8abd88795e710e0cee6a2e6f0ec31c9d63fc26,e3b0c44298fc1c149afbf4c8996fb92427ae41e4649b934ca495991b7852b855
c1v1-measured-k8s26980-b04-L-bad-a1,c1v1-k8s26980-b04,measured,A,k8s26980,L,4,V_bad,1,241,19,8e3b95b9374ea2db4ac21f7fe38737353e00120899c386cc8e8d81f4f46edf0a,2026-09-25T13:44:34.882242Z,2026-09-25T13:44:35.297703Z,0.415427,1.029568,0,False,True,True,200000,100000,PASS,,mechanical,e75cbd4d4a22b7bffd629c9d7c8abd88795e710e0cee6a2e6f0ec31c9d63fc26,e3b0c44298fc1c149afbf4c8996fb92427ae41e4649b934ca495991b7852b855
c1v1-measured-k8s26980-b04-L-bad-a2,c1v1-k8s26980-b04,measured,A,k8s26980,L,4,V_bad,2,242,20,5e748ce371a5c614894999e9606bd1fc87b0171681d43cc82e9c5a9a736f5027,2026-09-25T13:44:37.941876Z,2026-09-25T13:44:38.376489Z,0.434584,1.059532,0,False,True,True,200000,100000,PASS,,mechanical,e75cbd4d4a22b7bffd629c9d7c8abd88795e710e0cee6a2e6f0ec31c9d63fc26,e3b0c44298fc1c149afbf4c8996fb92427ae41e4649b934ca495991b7852b855
c1v1-measured-k8s26980-b04-L-bad-a3,c1v1-k8s26980-b04,measured,A,k8s26980,L,4,V_bad,3,243,21,257def17d1806c02f31b20eb983e94e675876e899020b93262638a164ada0ec6,2026-09-25T13:44:40.941365Z,2026-09-25T13:44:41.387014Z,0.445622,1.007612,0,False,True,True,200000,100000,PASS,,mechanical,e75cbd4d4a22b7bffd629c9d7c8abd88795e710e0cee6a2e6f0ec31c9d63fc26,e3b0c44298fc1c149afbf4c8996fb92427ae41e4649b934ca495991b7852b855
c1v1-measured-k8s26980-b04-L-ok-a1,c1v1-k8s26980-b04,measured,A,k8s26980,L,4,V_ok,1,250,22,27948fe5c112209d60c0db9a068e30df769fa6d9f067c6812faf2b40824784d9,2026-09-25T13:45:02.372354Z,2026-09-25T13:45:02.765338Z,0.392934,1.013973,0,False,True,True,200000,100000,PASS,,mechanical,e75cbd4d4a22b7bffd629c9d7c8abd88795e710e0cee6a2e6f0ec31c9d63fc26,e3b0c44298fc1c149afbf4c8996fb92427ae41e4649b934ca495991b7852b855
c1v1-measured-k8s26980-b04-L-ok-a2,c1v1-k8s26980-b04,measured,A,k8s26980,L,4,V_ok,2,251,23,ecfe6ccd76cfbb525f09a568452f295fedcf3ca0a8287c7e9c405aa06f8ad451,2026-09-25T13:45:05.397001Z,2026-09-25T13:45:05.817935Z,0.420902,1.030844,0,False,True,True,200000,100000,PASS,,mechanical,e75cbd4d4a22b7bffd629c9d7c8abd88795e710e0cee6a2e6f0ec31c9d63fc26,e3b0c44298fc1c149afbf4c8996fb92427ae41e4649b934ca495991b7852b855
c1v1-measured-k8s26980-b04-L-ok-a3,c1v1-k8s26980-b04,measured,A,k8s26980,L,4,V_ok,3,252,24,614d924ba872934974e9c8cf571b3cfe303264721aaf32a44e0202212474ba4a,2026-09-25T13:45:08.439313Z,2026-09-25T13:45:08.869039Z,0.429691,1.048315,0,False,True,True,200000,100000,PASS,,mechanical,e75cbd4d4a22b7bffd629c9d7c8abd88795e710e0cee6a2e6f0ec31c9d63fc26,e3b0c44298fc1c149afbf4c8996fb92427ae41e4649b934ca495991b7852b855
c1v1-measured-k8s26980-b05-L-bad-a1,c1v1-k8s26980-b05,measured,A,k8s26980,L,5,V_bad,1,325,25,b9210c11b1bd39a29798334c535a156375905ca13d2eddfbffef24d80547e22b,2026-09-25T13:55:00.507315Z,2026-09-25T13:55:00.997026Z,0.489679,1.032078,0,False,True,True,200000,100000,PASS,,mechanical,e75cbd4d4a22b7bffd629c9d7c8abd88795e710e0cee6a2e6f0ec31c9d63fc26,e3b0c44298fc1c149afbf4c8996fb92427ae41e4649b934ca495991b7852b855
c1v1-measured-k8s26980-b05-L-bad-a2,c1v1-k8s26980-b05,measured,A,k8s26980,L,5,V_bad,2,326,26,a74e3249ff28d0e8f17f18803c48c6b122ecb88164b3a5ad7bf5002f36549dcd,2026-09-25T13:55:03.551324Z,2026-09-25T13:55:03.964388Z,0.413033,1.018576,0,False,True,True,200000,100000,PASS,,mechanical,e75cbd4d4a22b7bffd629c9d7c8abd88795e710e0cee6a2e6f0ec31c9d63fc26,e3b0c44298fc1c149afbf4c8996fb92427ae41e4649b934ca495991b7852b855
c1v1-measured-k8s26980-b05-L-bad-a3,c1v1-k8s26980-b05,measured,A,k8s26980,L,5,V_bad,3,327,27,ba4c3d1fb29c438c084329051c9ff5bae0ad4cc92153239d88bc43323f3ef21b,2026-09-25T13:55:06.591093Z,2026-09-25T13:55:06.962526Z,0.371401,0.98882,0,False,True,True,200000,100000,PASS,,mechanical,e75cbd4d4a22b7bffd629c9d7c8abd88795e710e0cee6a2e6f0ec31c9d63fc26,e3b0c44298fc1c149afbf4c8996fb92427ae41e4649b934ca495991b7852b855
c1v1-measured-k8s26980-b05-L-ok-a1,c1v1-k8s26980-b05,measured,A,k8s26980,L,5,V_ok,1,328,28,fa7b4226b9613e8eea34061e2ce86fa06adf29acc6bd830bd325abcc28c5d963,2026-09-25T13:55:09.590467Z,2026-09-25T13:55:10.065307Z,0.474809,1.078592,0,False,True,True,200000,100000,PASS,,mechanical,e75cbd4d4a22b7bffd629c9d7c8abd88795e710e0cee6a2e6f0ec31c9d63fc26,e3b0c44298fc1c149afbf4c8996fb92427ae41e4649b934ca495991b7852b855
c1v1-measured-k8s26980-b05-L-ok-a2,c1v1-k8s26980-b05,measured,A,k8s26980,L,5,V_ok,2,329,29,47417e9de3390bfd9dc3df9fc8f1cd2ade2e7c26748901d0496a8f094498655c,2026-09-25T13:55:12.687566Z,2026-09-25T13:55:13.099672Z,0.412075,1.021444,0,False,True,True,200000,100000,PASS,,mechanical,e75cbd4d4a22b7bffd629c9d7c8abd88795e710e0cee6a2e6f0ec31c9d63fc26,e3b0c44298fc1c149afbf4c8996fb92427ae41e4649b934ca495991b7852b855
c1v1-measured-k8s26980-b05-L-ok-a3,c1v1-k8s26980-b05,measured,A,k8s26980,L,5,V_ok,3,330,30,d91539d2647776953b29d513a3556dd3ccb45f4faf3c9d8ee2768f2a282cf986,2026-09-25T13:55:15.723359Z,2026-09-25T13:55:16.144781Z,0.421391,1.022754,0,False,True,True,200000,100000,PASS,,mechanical,e75cbd4d4a22b7bffd629c9d7c8abd88795e710e0cee6a2e6f0ec31c9d63fc26,e3b0c44298fc1c149afbf4c8996fb92427ae41e4649b934ca495991b7852b855
c1v1-measured-k8s26980-b06-L-ok-a1,c1v1-k8s26980-b06,measured,B,k8s26980,L,6,V_ok,1,391,31,86befb36d967492d966e8e0cc2e0eb64e171bee733f71d4aa3609da36c14f851,2026-09-25T14:13:38.988089Z,2026-09-25T14:13:39.434636Z,0.446516,1.092971,0,False,True,True,200000,100000,PASS,,mechanical,e75cbd4d4a22b7bffd629c9d7c8abd88795e710e0cee6a2e6f0ec31c9d63fc26,e3b0c44298fc1c149afbf4c8996fb92427ae41e4649b934ca495991b7852b855
c1v1-measured-k8s26980-b06-L-ok-a2,c1v1-k8s26980-b06,measured,B,k8s26980,L,6,V_ok,2,392,32,f4d5eb075111db221f910c621c3f04ab04a48173585995e7e5f1d3919dbf5f05,2026-09-25T14:13:42.087432Z,2026-09-25T14:13:42.519022Z,0.431562,1.045866,0,False,True,True,200000,100000,PASS,,mechanical,e75cbd4d4a22b7bffd629c9d7c8abd88795e710e0cee6a2e6f0ec31c9d63fc26,e3b0c44298fc1c149afbf4c8996fb92427ae41e4649b934ca495991b7852b855
c1v1-measured-k8s26980-b06-L-ok-a3,c1v1-k8s26980-b06,measured,B,k8s26980,L,6,V_ok,3,393,33,254d4f17dda135eb46a61dfab5fbfd80d353f4218293a02f062a2023bddc4b07,2026-09-25T14:13:45.153440Z,2026-09-25T14:13:45.575384Z,0.421917,1.040914,0,False,True,True,200000,100000,PASS,,mechanical,e75cbd4d4a22b7bffd629c9d7c8abd88795e710e0cee6a2e6f0ec31c9d63fc26,e3b0c44298fc1c149afbf4c8996fb92427ae41e4649b934ca495991b7852b855
c1v1-measured-k8s26980-b06-L-bad-a1,c1v1-k8s26980-b06,measured,B,k8s26980,L,6,V_bad,1,394,34,8ffd14734667df659d348be19fcd86a982df88d7b1f3f614b6718f0db30f1272,2026-09-25T14:13:48.212363Z,2026-09-25T14:13:48.650172Z,0.437781,1.064532,0,False,True,True,200000,100000,PASS,,mechanical,e75cbd4d4a22b7bffd629c9d7c8abd88795e710e0cee6a2e6f0ec31c9d63fc26,e3b0c44298fc1c149afbf4c8996fb92427ae41e4649b934ca495991b7852b855
c1v1-measured-k8s26980-b06-L-bad-a2,c1v1-k8s26980-b06,measured,B,k8s26980,L,6,V_bad,2,395,35,af0922cce6c10f34c176f5f8b1f61865d1743d3a21ee45f1ff765e120e8b0909,2026-09-25T14:13:51.290221Z,2026-09-25T14:13:51.730772Z,0.440523,1.053875,0,False,True,True,200000,100000,PASS,,mechanical,e75cbd4d4a22b7bffd629c9d7c8abd88795e710e0cee6a2e6f0ec31c9d63fc26,e3b0c44298fc1c149afbf4c8996fb92427ae41e4649b934ca495991b7852b855
c1v1-measured-k8s26980-b06-L-bad-a3,c1v1-k8s26980-b06,measured,B,k8s26980,L,6,V_bad,3,396,36,c2fd98db4cc249269c873ed7d6f4be35910b78543d24b4bd1d2d51dcebce8bcf,2026-09-25T14:13:54.288801Z,2026-09-25T14:13:54.701899Z,0.413071,0.953685,0,False,True,True,200000,100000,PASS,,mechanical,e75cbd4d4a22b7bffd629c9d7c8abd88795e710e0cee6a2e6f0ec31c9d63fc26,e3b0c44298fc1c149afbf4c8996fb92427ae41e4649b934ca495991b7852b855
c1v1-measured-k8s26980-b07-L-ok-a1,c1v1-k8s26980-b07,measured,B,k8s26980,L,7,V_ok,1,481,37,4a92d94eb9f376719a7d3de10df5bc55cd5e613a161a431cb185119cfd3bb1fc,2026-09-25T14:24:34.709324Z,2026-09-25T14:24:35.217280Z,0.507929,1.13165,0,False,True,True,200000,100000,PASS,,mechanical,e75cbd4d4a22b7bffd629c9d7c8abd88795e710e0cee6a2e6f0ec31c9d63fc26,e3b0c44298fc1c149afbf4c8996fb92427ae41e4649b934ca495991b7852b855
c1v1-measured-k8s26980-b07-L-ok-a2,c1v1-k8s26980-b07,measured,B,k8s26980,L,7,V_ok,2,482,38,7165bd5677eb362e0c74f3fc2ed310c636dc114dd931c7faec93984346e1d5fb,2026-09-25T14:24:37.878879Z,2026-09-25T14:24:38.301660Z,0.422746,1.053552,0,False,True,True,200000,100000,PASS,,mechanical,e75cbd4d4a22b7bffd629c9d7c8abd88795e710e0cee6a2e6f0ec31c9d63fc26,e3b0c44298fc1c149afbf4c8996fb92427ae41e4649b934ca495991b7852b855
c1v1-measured-k8s26980-b07-L-ok-a3,c1v1-k8s26980-b07,measured,B,k8s26980,L,7,V_ok,3,483,39,071591a81eafaf294d7a15dae57830383322ed3075a3e3eb1a1a11fb20e557a3,2026-09-25T14:24:40.942757Z,2026-09-25T14:24:41.395578Z,0.452791,1.08271,0,False,True,True,200000,100000,PASS,,mechanical,e75cbd4d4a22b7bffd629c9d7c8abd88795e710e0cee6a2e6f0ec31c9d63fc26,e3b0c44298fc1c149afbf4c8996fb92427ae41e4649b934ca495991b7852b855
c1v1-measured-k8s26980-b07-L-bad-a1,c1v1-k8s26980-b07,measured,B,k8s26980,L,7,V_bad,1,484,40,a07426da38489818d2f7ccab5dfd9f7b4377b7399bcea59aa4db7acf9c42386c,2026-09-25T14:24:44.031238Z,2026-09-25T14:24:44.529852Z,0.498574,1.048744,0,False,True,True,200000,100000,PASS,,mechanical,e75cbd4d4a22b7bffd629c9d7c8abd88795e710e0cee6a2e6f0ec31c9d63fc26,e3b0c44298fc1c149afbf4c8996fb92427ae41e4649b934ca495991b7852b855
c1v1-measured-k8s26980-b07-L-bad-a2,c1v1-k8s26980-b07,measured,B,k8s26980,L,7,V_bad,2,485,41,c107e94a95b4b592b56fc2e151f9acd7106b17fba0fb3145e5c9d381b614ec35,2026-09-25T14:24:47.097853Z,2026-09-25T14:24:47.541493Z,0.443611,1.058629,0,False,True,True,200000,100000,PASS,,mechanical,e75cbd4d4a22b7bffd629c9d7c8abd88795e710e0cee6a2e6f0ec31c9d63fc26,e3b0c44298fc1c149afbf4c8996fb92427ae41e4649b934ca495991b7852b855
c1v1-measured-k8s26980-b07-L-bad-a3,c1v1-k8s26980-b07,measured,B,k8s26980,L,7,V_bad,3,486,42,6771c3e61864c734378124def35f009a941be917ca77eefee77e428e832192b3,2026-09-25T14:24:50.180719Z,2026-09-25T14:24:50.626823Z,0.446077,1.054962,0,False,True,True,200000,100000,PASS,,mechanical,e75cbd4d4a22b7bffd629c9d7c8abd88795e710e0cee6a2e6f0ec31c9d63fc26,e3b0c44298fc1c149afbf4c8996fb92427ae41e4649b934ca495991b7852b855
c1v1-measured-k8s26980-b08-L-bad-a1,c1v1-k8s26980-b08,measured,B,k8s26980,L,8,V_bad,1,517,43,a0946a8a9d5c6dfa914a60d8650e27e72eefe6c6398aa530f0551e56a7f9ac08,2026-09-25T14:32:11.366905Z,2026-09-25T14:32:11.785338Z,0.418406,1.024963,0,False,True,True,200000,100000,PASS,,mechanical,e75cbd4d4a22b7bffd629c9d7c8abd88795e710e0cee6a2e6f0ec31c9d63fc26,e3b0c44298fc1c149afbf4c8996fb92427ae41e4649b934ca495991b7852b855
c1v1-measured-k8s26980-b08-L-bad-a2,c1v1-k8s26980-b08,measured,B,k8s26980,L,8,V_bad,2,518,44,57c7854b5abb6029fda8e45e367f33f32d683a6f35a8e4c18496dfc42c2e3ddf,2026-09-25T14:32:14.421011Z,2026-09-25T14:32:14.855577Z,0.434539,1.04806,0,False,True,True,200000,100000,PASS,,mechanical,e75cbd4d4a22b7bffd629c9d7c8abd88795e710e0cee6a2e6f0ec31c9d63fc26,e3b0c44298fc1c149afbf4c8996fb92427ae41e4649b934ca495991b7852b855
c1v1-measured-k8s26980-b08-L-bad-a3,c1v1-k8s26980-b08,measured,B,k8s26980,L,8,V_bad,3,519,45,ee0deace934679218d20efabd98ebb6ee0377edf1cf5caf4a738c5e32f67c3f6,2026-09-25T14:32:17.485925Z,2026-09-25T14:32:17.845782Z,0.359826,0.969938,0,False,True,True,200000,100000,PASS,,mechanical,e75cbd4d4a22b7bffd629c9d7c8abd88795e710e0cee6a2e6f0ec31c9d63fc26,e3b0c44298fc1c149afbf4c8996fb92427ae41e4649b934ca495991b7852b855
c1v1-measured-k8s26980-b08-L-ok-a1,c1v1-k8s26980-b08,measured,B,k8s26980,L,8,V_ok,1,523,46,65ec06841aadaccb5cd9b917635f182dff2638ba106aead6b7ce9bd563a0b531,2026-09-25T14:32:29.652259Z,2026-09-25T14:32:30.100266Z,0.44798,1.07108,0,False,True,True,200000,100000,PASS,,mechanical,e75cbd4d4a22b7bffd629c9d7c8abd88795e710e0cee6a2e6f0ec31c9d63fc26,e3b0c44298fc1c149afbf4c8996fb92427ae41e4649b934ca495991b7852b855
c1v1-measured-k8s26980-b08-L-ok-a2,c1v1-k8s26980-b08,measured,B,k8s26980,L,8,V_ok,2,524,47,286c145067446bf28d5ba985ef311439b84905e66536144ce3f5b8f23d62acb5,2026-09-25T14:32:32.744920Z,2026-09-25T14:32:33.195935Z,0.450987,1.061444,0,False,True,True,200000,100000,PASS,,mechanical,e75cbd4d4a22b7bffd629c9d7c8abd88795e710e0cee6a2e6f0ec31c9d63fc26,e3b0c44298fc1c149afbf4c8996fb92427ae41e4649b934ca495991b7852b855
c1v1-measured-k8s26980-b08-L-ok-a3,c1v1-k8s26980-b08,measured,B,k8s26980,L,8,V_ok,3,525,48,96a712cce510ee90fdbe66dc58b42b239e6c3994b64b70fee357dee89513f07f,2026-09-25T14:32:35.819637Z,2026-09-25T14:32:36.247163Z,0.427492,1.036169,0,False,True,True,200000,100000,PASS,,mechanical,e75cbd4d4a22b7bffd629c9d7c8abd88795e710e0cee6a2e6f0ec31c9d63fc26,e3b0c44298fc1c149afbf4c8996fb92427ae41e4649b934ca495991b7852b855
c1v1-measured-k8s26980-b09-L-bad-a1,c1v1-k8s26980-b09,measured,B,k8s26980,L,9,V_bad,1,577,49,34f1b8609df6cc363f728709c1aa74098422d28a2c9696f6fcd4e350a0305e70,2026-09-25T14:39:04.586639Z,2026-09-25T14:39:05.090236Z,0.503569,1.047938,0,False,True,True,200000,100000,PASS,,mechanical,e75cbd4d4a22b7bffd629c9d7c8abd88795e710e0cee6a2e6f0ec31c9d63fc26,e3b0c44298fc1c149afbf4c8996fb92427ae41e4649b934ca495991b7852b855
c1v1-measured-k8s26980-b09-L-bad-a2,c1v1-k8s26980-b09,measured,B,k8s26980,L,9,V_bad,2,578,50,7faf4c1f4e2ac64da222e9a2540e9b3fd2a7b32462d21cfbe414106bd8c09958,2026-09-25T14:39:07.654426Z,2026-09-25T14:39:08.102995Z,0.448537,1.069384,0,False,True,True,200000,100000,PASS,,mechanical,e75cbd4d4a22b7bffd629c9d7c8abd88795e710e0cee6a2e6f0ec31c9d63fc26,e3b0c44298fc1c149afbf4c8996fb92427ae41e4649b934ca495991b7852b855
c1v1-measured-k8s26980-b09-L-bad-a3,c1v1-k8s26980-b09,measured,B,k8s26980,L,9,V_bad,3,579,51,3bcb33c26c8540c49cce15004d4e13a0431c0a4571c4b6727d75e6e03bc735d3,2026-09-25T14:39:10.740585Z,2026-09-25T14:39:11.187449Z,0.446833,0.98251,0,False,True,True,200000,100000,PASS,,mechanical,e75cbd4d4a22b7bffd629c9d7c8abd88795e710e0cee6a2e6f0ec31c9d63fc26,e3b0c44298fc1c149afbf4c8996fb92427ae41e4649b934ca495991b7852b855
c1v1-measured-k8s26980-b09-L-ok-a1,c1v1-k8s26980-b09,measured,B,k8s26980,L,9,V_ok,1,580,52,3931c7ff9ab4596539f521ae966ecee9a0eb382c4078a2972a30eedf1fa7c6bb,2026-09-25T14:39:13.736639Z,2026-09-25T14:39:14.232931Z,0.49626,1.105962,0,False,True,True,200000,100000,PASS,,mechanical,e75cbd4d4a22b7bffd629c9d7c8abd88795e710e0cee6a2e6f0ec31c9d63fc26,e3b0c44298fc1c149afbf4c8996fb92427ae41e4649b934ca495991b7852b855
c1v1-measured-k8s26980-b09-L-ok-a2,c1v1-k8s26980-b09,measured,B,k8s26980,L,9,V_ok,2,581,53,85b8a76dd2245277005c15f8ed77252106a8bd4b840725028b6d3e6d867f332e,2026-09-25T14:39:16.865448Z,2026-09-25T14:39:17.277102Z,0.411621,1.018226,0,False,True,True,200000,100000,PASS,,mechanical,e75cbd4d4a22b7bffd629c9d7c8abd88795e710e0cee6a2e6f0ec31c9d63fc26,e3b0c44298fc1c149afbf4c8996fb92427ae41e4649b934ca495991b7852b855
c1v1-measured-k8s26980-b09-L-ok-a3,c1v1-k8s26980-b09,measured,B,k8s26980,L,9,V_ok,3,582,54,0d8f3cd4ee93767d506bfdcc4d9a9c85c5c7c9243b96fc18694d6440898f88ae,2026-09-25T14:39:19.904074Z,2026-09-25T14:39:20.330544Z,0.426437,1.03105,0,False,True,True,200000,100000,PASS,,mechanical,e75cbd4d4a22b7bffd629c9d7c8abd88795e710e0cee6a2e6f0ec31c9d63fc26,e3b0c44298fc1c149afbf4c8996fb92427ae41e4649b934ca495991b7852b855
c1v1-measured-k8s26980-b10-L-ok-a1,c1v1-k8s26980-b10,measured,B,k8s26980,L,10,V_ok,1,697,55,41b0c2aa94b4f20ad505e34cd3aa0a8cbada929b7d6de104d86d29c812ca2180,2026-09-25T14:59:07.196755Z,2026-09-25T14:59:07.771768Z,0.574986,1.198403,0,False,True,True,200000,100000,PASS,,mechanical,e75cbd4d4a22b7bffd629c9d7c8abd88795e710e0cee6a2e6f0ec31c9d63fc26,e3b0c44298fc1c149afbf4c8996fb92427ae41e4649b934ca495991b7852b855
c1v1-measured-k8s26980-b10-L-ok-a2,c1v1-k8s26980-b10,measured,B,k8s26980,L,10,V_ok,2,698,56,b32999fba34838e4e5f1f1c25a6e1f63e77052de08dd24059a4687f6ac69f9db,2026-09-25T14:59:10.407733Z,2026-09-25T14:59:10.825958Z,0.418197,1.018393,0,False,True,True,200000,100000,PASS,,mechanical,e75cbd4d4a22b7bffd629c9d7c8abd88795e710e0cee6a2e6f0ec31c9d63fc26,e3b0c44298fc1c149afbf4c8996fb92427ae41e4649b934ca495991b7852b855
c1v1-measured-k8s26980-b10-L-ok-a3,c1v1-k8s26980-b10,measured,B,k8s26980,L,10,V_ok,3,699,57,d66841ba4dd8230d1d9c986212b70cf11c092935b42eaace89bddd8a8e430208,2026-09-25T14:59:13.443808Z,2026-09-25T14:59:13.855190Z,0.411348,1.013731,0,False,True,True,200000,100000,PASS,,mechanical,e75cbd4d4a22b7bffd629c9d7c8abd88795e710e0cee6a2e6f0ec31c9d63fc26,e3b0c44298fc1c149afbf4c8996fb92427ae41e4649b934ca495991b7852b855
c1v1-measured-k8s26980-b10-L-bad-a1,c1v1-k8s26980-b10,measured,B,k8s26980,L,10,V_bad,1,703,58,f9efc3a8a08f74f67f49b946f5e09c5e1095c8b574c11cd8e1c8adb0335e99c2,2026-09-25T14:59:25.744043Z,2026-09-25T14:59:26.169328Z,0.425253,1.033621,0,False,True,True,200000,100000,PASS,,mechanical,e75cbd4d4a22b7bffd629c9d7c8abd88795e710e0cee6a2e6f0ec31c9d63fc26,e3b0c44298fc1c149afbf4c8996fb92427ae41e4649b934ca495991b7852b855
c1v1-measured-k8s26980-b10-L-bad-a2,c1v1-k8s26980-b10,measured,B,k8s26980,L,10,V_bad,2,704,59,eb43957369cfdd28e0cc03012c1969dfe34776b2b1dcf233b8785d999358d3bc,2026-09-25T14:59:28.795529Z,2026-09-25T14:59:29.236088Z,0.440532,1.063913,0,False,True,True,200000,100000,PASS,,mechanical,e75cbd4d4a22b7bffd629c9d7c8abd88795e710e0cee6a2e6f0ec31c9d63fc26,e3b0c44298fc1c149afbf4c8996fb92427ae41e4649b934ca495991b7852b855
c1v1-measured-k8s26980-b10-L-bad-a3,c1v1-k8s26980-b10,measured,B,k8s26980,L,10,V_bad,3,705,60,fc9a7203813deea77ad306c64a19af80d82f42001cbf79a5451df3acd66f626f,2026-09-25T14:59:31.830918Z,2026-09-25T14:59:32.281835Z,0.450882,1.013971,0,False,True,True,200000,100000,PASS,,mechanical,e75cbd4d4a22b7bffd629c9d7c8abd88795e710e0cee6a2e6f0ec31c9d63fc26,e3b0c44298fc1c149afbf4c8996fb92427ae41e4649b934ca495991b7852b855
c1v1-measured-k8s26980-b01-R-ok-a1,c1v1-k8s26980-b01,measured,A,k8s26980,R,1,V_ok,1,61,1,5955a4d14fc11bfa49093991b7946574ae09aabd95fce15b487f809865b9d33a,2026-09-25T13:17:09.254865Z,2026-09-25T13:17:09.781650Z,0.526758,1.15545,0,False,True,True,0,0,PASS,,mechanical,e75cbd4d4a22b7bffd629c9d7c8abd88795e710e0cee6a2e6f0ec31c9d63fc26,e3b0c44298fc1c149afbf4c8996fb92427ae41e4649b934ca495991b7852b855
c1v1-measured-k8s26980-b01-R-ok-a2,c1v1-k8s26980-b01,measured,A,k8s26980,R,1,V_ok,2,62,2,57c1a291afbf5c387feed3ff9ae6a752cfd944c02d855bd228313d8acd37615e,2026-09-25T13:17:12.423432Z,2026-09-25T13:17:12.838857Z,0.415397,1.036164,0,False,True,True,0,0,PASS,,mechanical,e75cbd4d4a22b7bffd629c9d7c8abd88795e710e0cee6a2e6f0ec31c9d63fc26,e3b0c44298fc1c149afbf4c8996fb92427ae41e4649b934ca495991b7852b855
c1v1-measured-k8s26980-b01-R-ok-a3,c1v1-k8s26980-b01,measured,A,k8s26980,R,1,V_ok,3,63,3,651c33e19c8ad87a5dfb1d069c7d145ead64317557591b8f85da17374bb16433,2026-09-25T13:17:15.472070Z,2026-09-25T13:17:15.820961Z,0.348859,0.961354,0,False,True,True,0,0,PASS,,mechanical,e75cbd4d4a22b7bffd629c9d7c8abd88795e710e0cee6a2e6f0ec31c9d63fc26,e3b0c44298fc1c149afbf4c8996fb92427ae41e4649b934ca495991b7852b855
c1v1-measured-k8s26980-b01-R-bad-a1,c1v1-k8s26980-b01,measured,A,k8s26980,R,1,V_bad,1,64,4,8973586be61923d3838b3b2ab26733ab2f00ce38ae609e304b3fa60966063f4e,2026-09-25T13:17:18.454642Z,2026-09-25T13:17:18.947664Z,0.492994,1.120902,0,False,True,True,0,0,PASS,,mechanical,e75cbd4d4a22b7bffd629c9d7c8abd88795e710e0cee6a2e6f0ec31c9d63fc26,e3b0c44298fc1c149afbf4c8996fb92427ae41e4649b934ca495991b7852b855
c1v1-measured-k8s26980-b01-R-bad-a2,c1v1-k8s26980-b01,measured,A,k8s26980,R,1,V_bad,2,65,5,9f5cd2144013d13f2868dcb04df8c9c5c0064a845fa57cb90d9659af691c251e,2026-09-25T13:17:21.575065Z,2026-09-25T13:17:22.017426Z,0.442333,1.057803,0,False,True,True,0,0,PASS,,mechanical,e75cbd4d4a22b7bffd629c9d7c8abd88795e710e0cee6a2e6f0ec31c9d63fc26,e3b0c44298fc1c149afbf4c8996fb92427ae41e4649b934ca495991b7852b855
c1v1-measured-k8s26980-b01-R-bad-a3,c1v1-k8s26980-b01,measured,A,k8s26980,R,1,V_bad,3,66,6,c3a865d19f843e00ff17d1abd4d9f2c2472c23ee0fb9f73534ff7a388be8f1fe,2026-09-25T13:17:24.655334Z,2026-09-25T13:17:25.083496Z,0.42813,1.053968,0,False,True,True,0,0,PASS,,mechanical,e75cbd4d4a22b7bffd629c9d7c8abd88795e710e0cee6a2e6f0ec31c9d63fc26,e3b0c44298fc1c149afbf4c8996fb92427ae41e4649b934ca495991b7852b855
c1v1-measured-k8s26980-b02-R-ok-a1,c1v1-k8s26980-b02,measured,A,k8s26980,R,2,V_ok,1,73,7,91652fe6da53c74b7a92a1c3b240318ea02ac1ff759303d1847f9db6ebd3b37a,2026-09-25T13:17:47.828668Z,2026-09-25T13:17:48.290802Z,0.462106,1.089676,0,False,True,True,0,0,PASS,,mechanical,e75cbd4d4a22b7bffd629c9d7c8abd88795e710e0cee6a2e6f0ec31c9d63fc26,e3b0c44298fc1c149afbf4c8996fb92427ae41e4649b934ca495991b7852b855
c1v1-measured-k8s26980-b02-R-ok-a2,c1v1-k8s26980-b02,measured,A,k8s26980,R,2,V_ok,2,74,8,90cccd6ada8982f29109efd7438578df51cfbda141ac223da4fd7569b5f092f9,2026-09-25T13:17:50.929888Z,2026-09-25T13:17:51.380539Z,0.450623,0.994874,0,False,True,True,0,0,PASS,,mechanical,e75cbd4d4a22b7bffd629c9d7c8abd88795e710e0cee6a2e6f0ec31c9d63fc26,e3b0c44298fc1c149afbf4c8996fb92427ae41e4649b934ca495991b7852b855
c1v1-measured-k8s26980-b02-R-ok-a3,c1v1-k8s26980-b02,measured,A,k8s26980,R,2,V_ok,3,75,9,6e99126538eadcb46b533bd88a8188e16be701bc48929d7771e69685486cc158,2026-09-25T13:17:53.939500Z,2026-09-25T13:17:54.359263Z,0.419731,1.040917,0,False,True,True,0,0,PASS,,mechanical,e75cbd4d4a22b7bffd629c9d7c8abd88795e710e0cee6a2e6f0ec31c9d63fc26,e3b0c44298fc1c149afbf4c8996fb92427ae41e4649b934ca495991b7852b855
c1v1-measured-k8s26980-b02-R-bad-a1,c1v1-k8s26980-b02,measured,A,k8s26980,R,2,V_bad,1,82,10,9b37768d5acb44dad83933dca9c37badefc25eea263d72878f3ccc7ed28eedc3,2026-09-25T13:18:15.264150Z,2026-09-25T13:18:15.676540Z,0.412362,1.03746,0,False,True,True,0,0,PASS,,mechanical,e75cbd4d4a22b7bffd629c9d7c8abd88795e710e0cee6a2e6f0ec31c9d63fc26,e3b0c44298fc1c149afbf4c8996fb92427ae41e4649b934ca495991b7852b855
c1v1-measured-k8s26980-b02-R-bad-a2,c1v1-k8s26980-b02,measured,A,k8s26980,R,2,V_bad,2,83,11,bcb7f16bcf76ead02c9b1f626ce6112f6cb484a8e79f027e19eaece92b6495b5,2026-09-25T13:18:18.319183Z,2026-09-25T13:18:18.710008Z,0.390795,1.018197,0,False,True,True,0,0,PASS,,mechanical,e75cbd4d4a22b7bffd629c9d7c8abd88795e710e0cee6a2e6f0ec31c9d63fc26,e3b0c44298fc1c149afbf4c8996fb92427ae41e4649b934ca495991b7852b855
c1v1-measured-k8s26980-b02-R-bad-a3,c1v1-k8s26980-b02,measured,A,k8s26980,R,2,V_bad,3,84,12,defd389c5a64a275f5dccf47f8919df54a452aa858fae59e38f581910a6ec882,2026-09-25T13:18:21.355508Z,2026-09-25T13:18:21.757017Z,0.40148,1.027448,0,False,True,True,0,0,PASS,,mechanical,e75cbd4d4a22b7bffd629c9d7c8abd88795e710e0cee6a2e6f0ec31c9d63fc26,e3b0c44298fc1c149afbf4c8996fb92427ae41e4649b934ca495991b7852b855
c1v1-measured-k8s26980-b03-R-ok-a1,c1v1-k8s26980-b03,measured,A,k8s26980,R,3,V_ok,1,205,13,f881f763c504b6a423bf128f82469c30525964359126e53c05d642fde32a1279,2026-09-25T13:39:18.898232Z,2026-09-25T13:39:19.403979Z,0.505719,1.129832,0,False,True,True,0,0,PASS,,mechanical,e75cbd4d4a22b7bffd629c9d7c8abd88795e710e0cee6a2e6f0ec31c9d63fc26,e3b0c44298fc1c149afbf4c8996fb92427ae41e4649b934ca495991b7852b855
c1v1-measured-k8s26980-b03-R-ok-a2,c1v1-k8s26980-b03,measured,A,k8s26980,R,3,V_ok,2,206,14,c3cf37329a352e3bee640fe3e74bab0d05db590355081baa9ab857f3cc8258cd,2026-09-25T13:39:22.036884Z,2026-09-25T13:39:22.386704Z,0.349789,0.967058,0,False,True,True,0,0,PASS,,mechanical,e75cbd4d4a22b7bffd629c9d7c8abd88795e710e0cee6a2e6f0ec31c9d63fc26,e3b0c44298fc1c149afbf4c8996fb92427ae41e4649b934ca495991b7852b855
c1v1-measured-k8s26980-b03-R-ok-a3,c1v1-k8s26980-b03,measured,A,k8s26980,R,3,V_ok,3,207,15,4d87f5053e8896615dd94f33cadefc9c7ebbecd758dd0e2e23449034a7f99b30,2026-09-25T13:39:25.023854Z,2026-09-25T13:39:25.428987Z,0.405104,1.028279,0,False,True,True,0,0,PASS,,mechanical,e75cbd4d4a22b7bffd629c9d7c8abd88795e710e0cee6a2e6f0ec31c9d63fc26,e3b0c44298fc1c149afbf4c8996fb92427ae41e4649b934ca495991b7852b855
c1v1-measured-k8s26980-b03-R-bad-a1,c1v1-k8s26980-b03,measured,A,k8s26980,R,3,V_bad,1,208,16,c2a66fa709490761b914ba042cf9cc6c0a3f26ba5ad8a24b2a2dcbdd73a9df7b,2026-09-25T13:39:28.069187Z,2026-09-25T13:39:28.546984Z,0.47777,1.117051,0,False,True,True,0,0,PASS,,mechanical,e75cbd4d4a22b7bffd629c9d7c8abd88795e710e0cee6a2e6f0ec31c9d63fc26,e3b0c44298fc1c149afbf4c8996fb92427ae41e4649b934ca495991b7852b855
c1v1-measured-k8s26980-b03-R-bad-a2,c1v1-k8s26980-b03,measured,A,k8s26980,R,3,V_bad,2,209,17,4e6597daa65677bba630c9d29b36e926b971185ba6d23b67f9fcb81e4eba86b7,2026-09-25T13:39:31.206321Z,2026-09-25T13:39:31.629517Z,0.423149,1.049364,0,False,True,True,0,0,PASS,,mechanical,e75cbd4d4a22b7bffd629c9d7c8abd88795e710e0cee6a2e6f0ec31c9d63fc26,e3b0c44298fc1c149afbf4c8996fb92427ae41e4649b934ca495991b7852b855
c1v1-measured-k8s26980-b03-R-bad-a3,c1v1-k8s26980-b03,measured,A,k8s26980,R,3,V_bad,3,210,18,d8506a3470b1bfbc049509a46b2b5cdcba16ef7d2c3424347a7be6633b31c73d,2026-09-25T13:39:34.266583Z,2026-09-25T13:39:34.679138Z,0.412525,1.032516,0,False,True,True,0,0,PASS,,mechanical,e75cbd4d4a22b7bffd629c9d7c8abd88795e710e0cee6a2e6f0ec31c9d63fc26,e3b0c44298fc1c149afbf4c8996fb92427ae41e4649b934ca495991b7852b855
c1v1-measured-k8s26980-b04-R-ok-a1,c1v1-k8s26980-b04,measured,A,k8s26980,R,4,V_ok,1,244,19,6cc9ea885375bdfb912b2c0c48b1471adc7424cfdde12c27bde41ad8a9abe8bc,2026-09-25T13:44:44.018071Z,2026-09-25T13:44:44.443975Z,0.425876,1.05125,0,False,True,True,0,0,PASS,,mechanical,e75cbd4d4a22b7bffd629c9d7c8abd88795e710e0cee6a2e6f0ec31c9d63fc26,e3b0c44298fc1c149afbf4c8996fb92427ae41e4649b934ca495991b7852b855
c1v1-measured-k8s26980-b04-R-ok-a2,c1v1-k8s26980-b04,measured,A,k8s26980,R,4,V_ok,2,245,20,fca306c7d89f707ec0a2804000b56f8599335c57b4bfdd94aa7f8bff18a02c0c,2026-09-25T13:44:47.087731Z,2026-09-25T13:44:47.502362Z,0.414603,1.039678,0,False,True,True,0,0,PASS,,mechanical,e75cbd4d4a22b7bffd629c9d7c8abd88795e710e0cee6a2e6f0ec31c9d63fc26,e3b0c44298fc1c149afbf4c8996fb92427ae41e4649b934ca495991b7852b855
c1v1-measured-k8s26980-b04-R-ok-a3,c1v1-k8s26980-b04,measured,A,k8s26980,R,4,V_ok,3,246,21,3a2c4c64ebb576ced0dd76242e72bd329fd25495c52d1e416031a3f8f45362eb,2026-09-25T13:44:50.144127Z,2026-09-25T13:44:50.536492Z,0.392334,1.00061,0,False,True,True,0,0,PASS,,mechanical,e75cbd4d4a22b7bffd629c9d7c8abd88795e710e0cee6a2e6f0ec31c9d63fc26,e3b0c44298fc1c149afbf4c8996fb92427ae41e4649b934ca495991b7852b855
c1v1-measured-k8s26980-b04-R-bad-a1,c1v1-k8s26980-b04,measured,A,k8s26980,R,4,V_bad,1,247,22,17a99f3b5773fe9882164f19a8f4fdc93318c96000981bd576cf413ca148a485,2026-09-25T13:44:53.171274Z,2026-09-25T13:44:53.629036Z,0.45773,1.115911,0,False,True,True,0,0,PASS,,mechanical,e75cbd4d4a22b7bffd629c9d7c8abd88795e710e0cee6a2e6f0ec31c9d63fc26,e3b0c44298fc1c149afbf4c8996fb92427ae41e4649b934ca495991b7852b855
c1v1-measured-k8s26980-b04-R-bad-a2,c1v1-k8s26980-b04,measured,A,k8s26980,R,4,V_bad,2,248,23,3798a010d719824a23cdd4fe66809bb948c7ee958b8a174d72b12f44a2ef4bb9,2026-09-25T13:44:56.299645Z,2026-09-25T13:44:56.713457Z,0.413782,1.040773,0,False,True,True,0,0,PASS,,mechanical,e75cbd4d4a22b7bffd629c9d7c8abd88795e710e0cee6a2e6f0ec31c9d63fc26,e3b0c44298fc1c149afbf4c8996fb92427ae41e4649b934ca495991b7852b855
c1v1-measured-k8s26980-b04-R-bad-a3,c1v1-k8s26980-b04,measured,A,k8s26980,R,4,V_bad,3,249,24,a97e6fa95171d053bca4ee2fb99c46e3ddc862441ef804dd66ceab6be9b8e930,2026-09-25T13:44:59.337951Z,2026-09-25T13:44:59.737399Z,0.399419,1.006998,0,False,True,True,0,0,PASS,,mechanical,e75cbd4d4a22b7bffd629c9d7c8abd88795e710e0cee6a2e6f0ec31c9d63fc26,e3b0c44298fc1c149afbf4c8996fb92427ae41e4649b934ca495991b7852b855
c1v1-measured-k8s26980-b05-R-bad-a1,c1v1-k8s26980-b05,measured,A,k8s26980,R,5,V_bad,1,331,25,cee635e66e0b5bc8ec23e0750324328aa91be1593b98e22e086b12e6f553170d,2026-09-25T13:55:18.758138Z,2026-09-25T13:55:19.172724Z,0.414552,1.01811,0,False,True,True,0,0,PASS,,mechanical,e75cbd4d4a22b7bffd629c9d7c8abd88795e710e0cee6a2e6f0ec31c9d63fc26,e3b0c44298fc1c149afbf4c8996fb92427ae41e4649b934ca495991b7852b855
c1v1-measured-k8s26980-b05-R-bad-a2,c1v1-k8s26980-b05,measured,A,k8s26980,R,5,V_bad,2,332,26,ccf125110eb95621bbe91c4d48c56793eba2194da8e0db4638833ace3a268910,2026-09-25T13:55:21.792328Z,2026-09-25T13:55:22.174486Z,0.382123,1.002345,0,False,True,True,0,0,PASS,,mechanical,e75cbd4d4a22b7bffd629c9d7c8abd88795e710e0cee6a2e6f0ec31c9d63fc26,e3b0c44298fc1c149afbf4c8996fb92427ae41e4649b934ca495991b7852b855
c1v1-measured-k8s26980-b05-R-bad-a3,c1v1-k8s26980-b05,measured,A,k8s26980,R,5,V_bad,3,333,27,8b6e9993ef66b950b278a1f42b377dcd7502c7fbb61350b9e46915906b902a06,2026-09-25T13:55:24.820794Z,2026-09-25T13:55:25.245339Z,0.424518,1.036573,0,False,True,True,0,0,PASS,,mechanical,e75cbd4d4a22b7bffd629c9d7c8abd88795e710e0cee6a2e6f0ec31c9d63fc26,e3b0c44298fc1c149afbf4c8996fb92427ae41e4649b934ca495991b7852b855
c1v1-measured-k8s26980-b05-R-ok-a1,c1v1-k8s26980-b05,measured,A,k8s26980,R,5,V_ok,1,334,28,fe69aa6a2afde7cd84f6e835df5b37f90fd5271dc9c5b17162c258f12db1bc36,2026-09-25T13:55:27.864226Z,2026-09-25T13:55:28.420934Z,0.556676,1.161831,0,False,True,True,0,0,PASS,,mechanical,e75cbd4d4a22b7bffd629c9d7c8abd88795e710e0cee6a2e6f0ec31c9d63fc26,e3b0c44298fc1c149afbf4c8996fb92427ae41e4649b934ca495991b7852b855
c1v1-measured-k8s26980-b05-R-ok-a2,c1v1-k8s26980-b05,measured,A,k8s26980,R,5,V_ok,2,335,29,e2c8bd0a2c88fb69f32437602cd6c54590c1557ed9a4ed8ecd1f77b93034fc3c,2026-09-25T13:55:30.976160Z,2026-09-25T13:55:31.396089Z,0.4199,0.960862,0,False,True,True,0,0,PASS,,mechanical,e75cbd4d4a22b7bffd629c9d7c8abd88795e710e0cee6a2e6f0ec31c9d63fc26,e3b0c44298fc1c149afbf4c8996fb92427ae41e4649b934ca495991b7852b855
c1v1-measured-k8s26980-b05-R-ok-a3,c1v1-k8s26980-b05,measured,A,k8s26980,R,5,V_ok,3,336,30,e5eb79d689078639ba7393ba4673e013cf8218ea26fa96cfdb40db122c85363c,2026-09-25T13:55:34.016123Z,2026-09-25T13:55:34.417536Z,0.401384,1.007997,0,False,True,True,0,0,PASS,,mechanical,e75cbd4d4a22b7bffd629c9d7c8abd88795e710e0cee6a2e6f0ec31c9d63fc26,e3b0c44298fc1c149afbf4c8996fb92427ae41e4649b934ca495991b7852b855
c1v1-measured-k8s26980-b06-R-bad-a1,c1v1-k8s26980-b06,measured,B,k8s26980,R,6,V_bad,1,385,31,e676c48fda56cf6aa4da978c6fc3549290be0286bc081bda26e9b2df36742eca,2026-09-25T14:13:20.522049Z,2026-09-25T14:13:21.020565Z,0.49849,1.125964,0,False,True,True,0,0,PASS,,mechanical,e75cbd4d4a22b7bffd629c9d7c8abd88795e710e0cee6a2e6f0ec31c9d63fc26,e3b0c44298fc1c149afbf4c8996fb92427ae41e4649b934ca495991b7852b855
c1v1-measured-k8s26980-b06-R-bad-a2,c1v1-k8s26980-b06,measured,B,k8s26980,R,6,V_bad,2,386,32,acfa8ab8f1e3f233f28dca3b4a892911957004053716d6959b3a4fe9239c7a7b,2026-09-25T14:13:23.657557Z,2026-09-25T14:13:24.063420Z,0.405836,1.015583,0,False,True,True,0,0,PASS,,mechanical,e75cbd4d4a22b7bffd629c9d7c8abd88795e710e0cee6a2e6f0ec31c9d63fc26,e3b0c44298fc1c149afbf4c8996fb92427ae41e4649b934ca495991b7852b855
c1v1-measured-k8s26980-b06-R-bad-a3,c1v1-k8s26980-b06,measured,B,k8s26980,R,6,V_bad,3,387,33,4c1bdcf2cecda0f085fca52a2e7b88575986a6c5cef91f3cfb84c406882eef65,2026-09-25T14:13:26.685965Z,2026-09-25T14:13:27.085347Z,0.399353,1.011219,0,False,True,True,0,0,PASS,,mechanical,e75cbd4d4a22b7bffd629c9d7c8abd88795e710e0cee6a2e6f0ec31c9d63fc26,e3b0c44298fc1c149afbf4c8996fb92427ae41e4649b934ca495991b7852b855
c1v1-measured-k8s26980-b06-R-ok-a1,c1v1-k8s26980-b06,measured,B,k8s26980,R,6,V_ok,1,388,34,c0d2c001e663a9dcf95d2cf5a8bfe70da0892de98e366f943829ae1e3e89891b,2026-09-25T14:13:29.717249Z,2026-09-25T14:13:30.243240Z,0.525964,1.145789,0,False,True,True,0,0,PASS,,mechanical,e75cbd4d4a22b7bffd629c9d7c8abd88795e710e0cee6a2e6f0ec31c9d63fc26,e3b0c44298fc1c149afbf4c8996fb92427ae41e4649b934ca495991b7852b855
c1v1-measured-k8s26980-b06-R-ok-a2,c1v1-k8s26980-b06,measured,B,k8s26980,R,6,V_ok,2,389,35,0180cdda1502bd7c9b0c56baf105101060800af683b43be77c5467e6e10db57b,2026-09-25T14:13:32.880244Z,2026-09-25T14:13:33.297342Z,0.41707,1.031118,0,False,True,True,0,0,PASS,,mechanical,e75cbd4d4a22b7bffd629c9d7c8abd88795e710e0cee6a2e6f0ec31c9d63fc26,e3b0c44298fc1c149afbf4c8996fb92427ae41e4649b934ca495991b7852b855
c1v1-measured-k8s26980-b06-R-ok-a3,c1v1-k8s26980-b06,measured,B,k8s26980,R,6,V_ok,3,390,36,b9de10733bca193abc862e3b50ad0150ddfcaa30930e830c1db5ed604a05ab4b,2026-09-25T14:13:35.926007Z,2026-09-25T14:13:36.348464Z,0.422429,1.041282,0,False,True,True,0,0,PASS,,mechanical,e75cbd4d4a22b7bffd629c9d7c8abd88795e710e0cee6a2e6f0ec31c9d63fc26,e3b0c44298fc1c149afbf4c8996fb92427ae41e4649b934ca495991b7852b855
c1v1-measured-k8s26980-b07-R-bad-a1,c1v1-k8s26980-b07,measured,B,k8s26980,R,7,V_bad,1,487,37,a1b7717e9ddbc5aa304a289dbd4f2576752e33bee2d7380c39d1e7a1c8010641,2026-09-25T14:24:53.177402Z,2026-09-25T14:24:53.604340Z,0.42691,0.96377,0,False,True,True,0,0,PASS,,mechanical,e75cbd4d4a22b7bffd629c9d7c8abd88795e710e0cee6a2e6f0ec31c9d63fc26,e3b0c44298fc1c149afbf4c8996fb92427ae41e4649b934ca495991b7852b855
c1v1-measured-k8s26980-b07-R-bad-a2,c1v1-k8s26980-b07,measured,B,k8s26980,R,7,V_bad,2,488,38,94c1e55fc9f7851c2049149fee0dc8a209d9f023100e1a6ae02c2fcdabf52a41,2026-09-25T14:24:56.232276Z,2026-09-25T14:24:56.671705Z,0.439398,1.052327,0,False,True,True,0,0,PASS,,mechanical,e75cbd4d4a22b7bffd629c9d7c8abd88795e710e0cee6a2e6f0ec31c9d63fc26,e3b0c44298fc1c149afbf4c8996fb92427ae41e4649b934ca495991b7852b855
c1v1-measured-k8s26980-b07-R-bad-a3,c1v1-k8s26980-b07,measured,B,k8s26980,R,7,V_bad,3,489,39,8ef81247652769f5e4addeb6915f76eebcc31a9886e37a014cb45475a5d5d65e,2026-09-25T14:24:59.296007Z,2026-09-25T14:24:59.715935Z,0.419902,1.020944,0,False,True,True,0,0,PASS,,mechanical,e75cbd4d4a22b7bffd629c9d7c8abd88795e710e0cee6a2e6f0ec31c9d63fc26,e3b0c44298fc1c149afbf4c8996fb92427ae41e4649b934ca495991b7852b855
c1v1-measured-k8s26980-b07-R-ok-a1,c1v1-k8s26980-b07,measured,B,k8s26980,R,7,V_ok,1,490,40,938abbe725a9d919c82f71e161ccff6f4db5e12b0cf83a511c822cead797438d,2026-09-25T14:25:02.346303Z,2026-09-25T14:25:02.773939Z,0.427592,1.048803,0,False,True,True,0,0,PASS,,mechanical,e75cbd4d4a22b7bffd629c9d7c8abd88795e710e0cee6a2e6f0ec31c9d63fc26,e3b0c44298fc1c149afbf4c8996fb92427ae41e4649b934ca495991b7852b855
c1v1-measured-k8s26980-b07-R-ok-a2,c1v1-k8s26980-b07,measured,B,k8s26980,R,7,V_ok,2,491,41,a8605ddfba678c91c795b25deeb9f9188701a2068b79021580f9e3e52bc4e947,2026-09-25T14:25:05.401630Z,2026-09-25T14:25:05.839458Z,0.437799,1.047791,0,False,True,True,0,0,PASS,,mechanical,e75cbd4d4a22b7bffd629c9d7c8abd88795e710e0cee6a2e6f0ec31c9d63fc26,e3b0c44298fc1c149afbf4c8996fb92427ae41e4649b934ca495991b7852b855
c1v1-measured-k8s26980-b07-R-ok-a3,c1v1-k8s26980-b07,measured,B,k8s26980,R,7,V_ok,3,492,42,9a0c8067722a5d592e7f7fe494836513c1ae1955bb9f61801103d0f34504e47a,2026-09-25T14:25:08.464831Z,2026-09-25T14:25:08.855876Z,0.391016,1.002114,0,False,True,True,0,0,PASS,,mechanical,e75cbd4d4a22b7bffd629c9d7c8abd88795e710e0cee6a2e6f0ec31c9d63fc26,e3b0c44298fc1c149afbf4c8996fb92427ae41e4649b934ca495991b7852b855
c1v1-measured-k8s26980-b08-R-ok-a1,c1v1-k8s26980-b08,measured,B,k8s26980,R,8,V_ok,1,520,43,26ccb69f3dcf665cd800427d33382b11306add78f7d2f6bc34934cd8259b853b,2026-09-25T14:32:20.459782Z,2026-09-25T14:32:20.890732Z,0.430918,1.037446,0,False,True,True,0,0,PASS,,mechanical,e75cbd4d4a22b7bffd629c9d7c8abd88795e710e0cee6a2e6f0ec31c9d63fc26,e3b0c44298fc1c149afbf4c8996fb92427ae41e4649b934ca495991b7852b855
c1v1-measured-k8s26980-b08-R-ok-a2,c1v1-k8s26980-b08,measured,B,k8s26980,R,8,V_ok,2,521,44,7cd124a5f0aeeb8a17b39b3f633fc506a27c276734b9ae69f91c602a90e38ed7,2026-09-25T14:32:23.517554Z,2026-09-25T14:32:23.926623Z,0.409042,1.013258,0,False,True,True,0,0,PASS,,mechanical,e75cbd4d4a22b7bffd629c9d7c8abd88795e710e0cee6a2e6f0ec31c9d63fc26,e3b0c44298fc1c149afbf4c8996fb92427ae41e4649b934ca495991b7852b855
c1v1-measured-k8s26980-b08-R-ok-a3,c1v1-k8s26980-b08,measured,B,k8s26980,R,8,V_ok,3,522,45,09250c23aebe61cd25b47fdcb6ef129664b58de9a1734cc7371c9a84317c222f,2026-09-25T14:32:26.564794Z,2026-09-25T14:32:27.015836Z,0.451012,1.087168,0,False,True,True,0,0,PASS,,mechanical,e75cbd4d4a22b7bffd629c9d7c8abd88795e710e0cee6a2e6f0ec31c9d63fc26,e3b0c44298fc1c149afbf4c8996fb92427ae41e4649b934ca495991b7852b855
c1v1-measured-k8s26980-b08-R-bad-a1,c1v1-k8s26980-b08,measured,B,k8s26980,R,8,V_bad,1,526,46,24abdd8bbbb57a15d6edbd08fcb02f28f6053ba480a4fef90da7e4810e81de77,2026-09-25T14:32:38.879091Z,2026-09-25T14:32:39.296607Z,0.417489,1.024703,0,False,True,True,0,0,PASS,,mechanical,e75cbd4d4a22b7bffd629c9d7c8abd88795e710e0cee6a2e6f0ec31c9d63fc26,e3b0c44298fc1c149afbf4c8996fb92427ae41e4649b934ca495991b7852b855
c1v1-measured-k8s26980-b08-R-bad-a2,c1v1-k8s26980-b08,measured,B,k8s26980,R,8,V_bad,2,527,47,cdf39719862d7d205b6c7bd07dc91f94c88946727bd1c13a8c147472fc3e0933,2026-09-25T14:32:41.916156Z,2026-09-25T14:32:42.362804Z,0.446619,1.057764,0,False,True,True,0,0,PASS,,mechanical,e75cbd4d4a22b7bffd629c9d7c8abd88795e710e0cee6a2e6f0ec31c9d63fc26,e3b0c44298fc1c149afbf4c8996fb92427ae41e4649b934ca495991b7852b855
c1v1-measured-k8s26980-b08-R-bad-a3,c1v1-k8s26980-b08,measured,B,k8s26980,R,8,V_bad,3,528,48,ee7f20b0e8d23a17b59615e5258a6540cc6b8069784b252dbc194fdd0ec8b45a,2026-09-25T14:32:44.990201Z,2026-09-25T14:32:45.438071Z,0.447842,1.057091,0,False,True,True,0,0,PASS,,mechanical,e75cbd4d4a22b7bffd629c9d7c8abd88795e710e0cee6a2e6f0ec31c9d63fc26,e3b0c44298fc1c149afbf4c8996fb92427ae41e4649b934ca495991b7852b855
c1v1-measured-k8s26980-b09-R-ok-a1,c1v1-k8s26980-b09,measured,B,k8s26980,R,9,V_ok,1,583,49,3695762c0c787c42f0112befd60c72b10855a5b2ba71d85b4e050798650cefaf,2026-09-25T14:39:22.952072Z,2026-09-25T14:39:23.396287Z,0.444184,1.049526,0,False,True,True,0,0,PASS,,mechanical,e75cbd4d4a22b7bffd629c9d7c8abd88795e710e0cee6a2e6f0ec31c9d63fc26,e3b0c44298fc1c149afbf4c8996fb92427ae41e4649b934ca495991b7852b855
c1v1-measured-k8s26980-b09-R-ok-a2,c1v1-k8s26980-b09,measured,B,k8s26980,R,9,V_ok,2,584,50,dc9cfdbfcad25cbd9404d54054ffefe6f0f95c829eb6d5cdacb7191041f0c628,2026-09-25T14:39:26.017521Z,2026-09-25T14:39:26.473082Z,0.455528,1.064038,0,False,True,True,0,0,PASS,,mechanical,e75cbd4d4a22b7bffd629c9d7c8abd88795e710e0cee6a2e6f0ec31c9d63fc26,e3b0c44298fc1c149afbf4c8996fb92427ae41e4649b934ca495991b7852b855
c1v1-measured-k8s26980-b09-R-ok-a3,c1v1-k8s26980-b09,measured,B,k8s26980,R,9,V_ok,3,585,51,6641505046a9667b9b29e44eed4bdc15b3d5812031ab24d211e02fd37a6733e8,2026-09-25T14:39:29.098894Z,2026-09-25T14:39:29.528112Z,0.429185,1.032572,0,False,True,True,0,0,PASS,,mechanical,e75cbd4d4a22b7bffd629c9d7c8abd88795e710e0cee6a2e6f0ec31c9d63fc26,e3b0c44298fc1c149afbf4c8996fb92427ae41e4649b934ca495991b7852b855
c1v1-measured-k8s26980-b09-R-bad-a1,c1v1-k8s26980-b09,measured,B,k8s26980,R,9,V_bad,1,586,52,b0dc2d195e4455d285ce32395438d934c72f2461f1c506825c503bc0c4e79141,2026-09-25T14:39:32.150888Z,2026-09-25T14:39:32.624201Z,0.47328,1.013628,0,False,True,True,0,0,PASS,,mechanical,e75cbd4d4a22b7bffd629c9d7c8abd88795e710e0cee6a2e6f0ec31c9d63fc26,e3b0c44298fc1c149afbf4c8996fb92427ae41e4649b934ca495991b7852b855
c1v1-measured-k8s26980-b09-R-bad-a2,c1v1-k8s26980-b09,measured,B,k8s26980,R,9,V_bad,2,587,53,7004d33425225136606203f1c82a40e3ca8d81503fe8f0d53052dcbe48861f3c,2026-09-25T14:39:35.184735Z,2026-09-25T14:39:35.622744Z,0.437975,1.058655,0,False,True,True,0,0,PASS,,mechanical,e75cbd4d4a22b7bffd629c9d7c8abd88795e710e0cee6a2e6f0ec31c9d63fc26,e3b0c44298fc1c149afbf4c8996fb92427ae41e4649b934ca495991b7852b855
c1v1-measured-k8s26980-b09-R-bad-a3,c1v1-k8s26980-b09,measured,B,k8s26980,R,9,V_bad,3,588,54,f46831c15efbf904541a90166d8380f1b2f4c369b1235b38b209dd61057517aa,2026-09-25T14:39:38.254099Z,2026-09-25T14:39:38.671548Z,0.417423,1.024481,0,False,True,True,0,0,PASS,,mechanical,e75cbd4d4a22b7bffd629c9d7c8abd88795e710e0cee6a2e6f0ec31c9d63fc26,e3b0c44298fc1c149afbf4c8996fb92427ae41e4649b934ca495991b7852b855
c1v1-measured-k8s26980-b10-R-bad-a1,c1v1-k8s26980-b10,measured,B,k8s26980,R,10,V_bad,1,700,55,91c3e7482da951f3fbb0362ef430127182ea93b064f08bac956f36f14645a073,2026-09-25T14:59:16.480214Z,2026-09-25T14:59:17.000601Z,0.520358,1.146783,0,False,True,True,0,0,PASS,,mechanical,e75cbd4d4a22b7bffd629c9d7c8abd88795e710e0cee6a2e6f0ec31c9d63fc26,e3b0c44298fc1c149afbf4c8996fb92427ae41e4649b934ca495991b7852b855
c1v1-measured-k8s26980-b10-R-bad-a2,c1v1-k8s26980-b10,measured,B,k8s26980,R,10,V_bad,2,701,56,db6d6f8e8ca55e80f11c7065bd38c19cf44335bad2cb34b8f596057c08e782fc,2026-09-25T14:59:19.637363Z,2026-09-25T14:59:20.096131Z,0.458739,1.073728,0,False,True,True,0,0,PASS,,mechanical,e75cbd4d4a22b7bffd629c9d7c8abd88795e710e0cee6a2e6f0ec31c9d63fc26,e3b0c44298fc1c149afbf4c8996fb92427ae41e4649b934ca495991b7852b855
c1v1-measured-k8s26980-b10-R-bad-a3,c1v1-k8s26980-b10,measured,B,k8s26980,R,10,V_bad,3,702,57,e89fb274af640631de6c607b1ef193476834093d188324b6b60bc2f0b0adb0f2,2026-09-25T14:59:22.730668Z,2026-09-25T14:59:23.189681Z,0.458985,1.000169,0,False,True,True,0,0,PASS,,mechanical,e75cbd4d4a22b7bffd629c9d7c8abd88795e710e0cee6a2e6f0ec31c9d63fc26,e3b0c44298fc1c149afbf4c8996fb92427ae41e4649b934ca495991b7852b855
c1v1-measured-k8s26980-b10-R-ok-a1,c1v1-k8s26980-b10,measured,B,k8s26980,R,10,V_ok,1,706,58,3b727c9712b395b2dee06210c0282e0d302a6071057cd5e87c21ef2aeb1affcf,2026-09-25T14:59:34.913494Z,2026-09-25T14:59:35.369224Z,0.455704,1.068622,0,False,True,True,0,0,PASS,,mechanical,e75cbd4d4a22b7bffd629c9d7c8abd88795e710e0cee6a2e6f0ec31c9d63fc26,e3b0c44298fc1c149afbf4c8996fb92427ae41e4649b934ca495991b7852b855
c1v1-measured-k8s26980-b10-R-ok-a2,c1v1-k8s26980-b10,measured,B,k8s26980,R,10,V_ok,2,707,59,3cda4f5f2ee989a8ef033938687e864d7f9c38a5a2f9d1a64bb573d479985e9a,2026-09-25T14:59:38.015507Z,2026-09-25T14:59:38.453287Z,0.43774,1.06723,0,False,True,True,0,0,PASS,,mechanical,e75cbd4d4a22b7bffd629c9d7c8abd88795e710e0cee6a2e6f0ec31c9d63fc26,e3b0c44298fc1c149afbf4c8996fb92427ae41e4649b934ca495991b7852b855
c1v1-measured-k8s26980-b10-R-ok-a3,c1v1-k8s26980-b10,measured,B,k8s26980,R,10,V_ok,3,708,60,422609ebe0b3d20f867aac6383993cbe14ee8e997e82ad89f6d8ebce99a73cff,2026-09-25T14:59:41.084879Z,2026-09-25T14:59:41.541770Z,0.456864,1.063697,0,False,True,True,0,0,PASS,,mechanical,e75cbd4d4a22b7bffd629c9d7c8abd88795e710e0cee6a2e6f0ec31c9d63fc26,e3b0c44298fc1c149afbf4c8996fb92427ae41e4649b934ca495991b7852b855
