subject,block,batch,matched_block_id,profile,variant,policy,final_status,warning,decision_rule,attempts_consumed,consumed_attempt_ids,research_only_attempt_ids,prefix_categories,S,E,M,N,prefix_elapsed_s,prefix_capacity_vcpu_h,indeterminate_reason
etcd5509,1,A,c1v1-etcd5509-b01,R,V_bad,P1,ACCEPT,,first attempt only,1,c1v1-measured-etcd5509-b01-R-bad-a1,c1v1-measured-etcd5509-b01-R-bad-a2 c1v1-measured-etcd5509-b01-R-bad-a3,PASS,0,0,0,,0.554,0.014264,
etcd5509,1,A,c1v1-etcd5509-b01,R,V_ok,P1,ACCEPT,,first attempt only,1,c1v1-measured-etcd5509-b01-R-ok-a1,c1v1-measured-etcd5509-b01-R-ok-a2 c1v1-measured-etcd5509-b01-R-ok-a3,PASS,,,,0,0.557,0.014158,
etcd5509,1,A,c1v1-etcd5509-b01,R,V_bad,P3,ACCEPT,,"accept on first zero, block after 3 nonzero",1,c1v1-measured-etcd5509-b01-R-bad-a1,c1v1-measured-etcd5509-b01-R-bad-a2 c1v1-measured-etcd5509-b01-R-bad-a3,PASS,0,0,0,,0.554,0.014264,
etcd5509,1,A,c1v1-etcd5509-b01,R,V_ok,P3,ACCEPT,,"accept on first zero, block after 3 nonzero",1,c1v1-measured-etcd5509-b01-R-ok-a1,c1v1-measured-etcd5509-b01-R-ok-a2 c1v1-measured-etcd5509-b01-R-ok-a3,PASS,,,,0,0.557,0.014158,
etcd5509,1,A,c1v1-etcd5509-b01,R,V_bad,P3-retain,ACCEPT,,P3 decision; flag accept after failure,1,c1v1-measured-etcd5509-b01-R-bad-a1,c1v1-measured-etcd5509-b01-R-bad-a2 c1v1-measured-etcd5509-b01-R-bad-a3,PASS,0,0,0,,0.554,0.014264,
etcd5509,1,A,c1v1-etcd5509-b01,R,V_ok,P3-retain,ACCEPT,,P3 decision; flag accept after failure,1,c1v1-measured-etcd5509-b01-R-ok-a1,c1v1-measured-etcd5509-b01-R-ok-a2 c1v1-measured-etcd5509-b01-R-ok-a3,PASS,,,,0,0.557,0.014158,
etcd5509,1,A,c1v1-etcd5509-b01,L,V_bad,P1,BLOCK,,first attempt only,1,c1v1-measured-etcd5509-b01-L-bad-a1,c1v1-measured-etcd5509-b01-L-bad-a2 c1v1-measured-etcd5509-b01-L-bad-a3,FOCAL_DEFECT_WITNESS,1,1,0,,42.189,0.024814,
etcd5509,1,A,c1v1-etcd5509-b01,L,V_ok,P1,ACCEPT,,first attempt only,1,c1v1-measured-etcd5509-b01-L-ok-a1,c1v1-measured-etcd5509-b01-L-ok-a2 c1v1-measured-etcd5509-b01-L-ok-a3,PASS,,,,0,0.508,0.001732,
etcd5509,1,A,c1v1-etcd5509-b01,L,V_bad,P3,ACCEPT,,"accept on first zero, block after 3 nonzero",3,c1v1-measured-etcd5509-b01-L-bad-a1 c1v1-measured-etcd5509-b01-L-bad-a2 c1v1-measured-etcd5509-b01-L-bad-a3,,FOCAL_DEFECT_WITNESS | FOCAL_DEFECT_WITNESS | PASS,0,1,1,,84.736,0.051334,
etcd5509,1,A,c1v1-etcd5509-b01,L,V_ok,P3,ACCEPT,,"accept on first zero, block after 3 nonzero",1,c1v1-measured-etcd5509-b01-L-ok-a1,c1v1-measured-etcd5509-b01-L-ok-a2 c1v1-measured-etcd5509-b01-L-ok-a3,PASS,,,,0,0.508,0.001732,
etcd5509,1,A,c1v1-etcd5509-b01,L,V_bad,P3-retain,ACCEPT,ACCEPT_WITH_PRIOR_FAILURE,P3 decision; flag accept after failure,3,c1v1-measured-etcd5509-b01-L-bad-a1 c1v1-measured-etcd5509-b01-L-bad-a2 c1v1-measured-etcd5509-b01-L-bad-a3,,FOCAL_DEFECT_WITNESS | FOCAL_DEFECT_WITNESS | PASS,0,1,1,,84.736,0.051334,
etcd5509,1,A,c1v1-etcd5509-b01,L,V_ok,P3-retain,ACCEPT,,P3 decision; flag accept after failure,1,c1v1-measured-etcd5509-b01-L-ok-a1,c1v1-measured-etcd5509-b01-L-ok-a2 c1v1-measured-etcd5509-b01-L-ok-a3,PASS,,,,0,0.508,0.001732,
etcd5509,2,A,c1v1-etcd5509-b02,R,V_bad,P1,ACCEPT,,first attempt only,1,c1v1-measured-etcd5509-b02-R-bad-a1,c1v1-measured-etcd5509-b02-R-bad-a2 c1v1-measured-etcd5509-b02-R-bad-a3,PASS,0,0,0,,0.499,0.013819,
etcd5509,2,A,c1v1-etcd5509-b02,R,V_ok,P1,ACCEPT,,first attempt only,1,c1v1-measured-etcd5509-b02-R-ok-a1,c1v1-measured-etcd5509-b02-R-ok-a2 c1v1-measured-etcd5509-b02-R-ok-a3,PASS,,,,0,0.478,0.013874,
etcd5509,2,A,c1v1-etcd5509-b02,R,V_bad,P3,ACCEPT,,"accept on first zero, block after 3 nonzero",1,c1v1-measured-etcd5509-b02-R-bad-a1,c1v1-measured-etcd5509-b02-R-bad-a2 c1v1-measured-etcd5509-b02-R-bad-a3,PASS,0,0,0,,0.499,0.013819,
etcd5509,2,A,c1v1-etcd5509-b02,R,V_ok,P3,ACCEPT,,"accept on first zero, block after 3 nonzero",1,c1v1-measured-etcd5509-b02-R-ok-a1,c1v1-measured-etcd5509-b02-R-ok-a2 c1v1-measured-etcd5509-b02-R-ok-a3,PASS,,,,0,0.478,0.013874,
etcd5509,2,A,c1v1-etcd5509-b02,R,V_bad,P3-retain,ACCEPT,,P3 decision; flag accept after failure,1,c1v1-measured-etcd5509-b02-R-bad-a1,c1v1-measured-etcd5509-b02-R-bad-a2 c1v1-measured-etcd5509-b02-R-bad-a3,PASS,0,0,0,,0.499,0.013819,
etcd5509,2,A,c1v1-etcd5509-b02,R,V_ok,P3-retain,ACCEPT,,P3 decision; flag accept after failure,1,c1v1-measured-etcd5509-b02-R-ok-a1,c1v1-measured-etcd5509-b02-R-ok-a2 c1v1-measured-etcd5509-b02-R-ok-a3,PASS,,,,0,0.478,0.013874,
etcd5509,2,A,c1v1-etcd5509-b02,L,V_bad,P1,BLOCK,,first attempt only,1,c1v1-measured-etcd5509-b02-L-bad-a1,c1v1-measured-etcd5509-b02-L-bad-a2 c1v1-measured-etcd5509-b02-L-bad-a3,FOCAL_DEFECT_WITNESS,1,1,0,,42.101,0.02477,
etcd5509,2,A,c1v1-etcd5509-b02,L,V_ok,P1,ACCEPT,,first attempt only,1,c1v1-measured-etcd5509-b02-L-ok-a1,c1v1-measured-etcd5509-b02-L-ok-a2 c1v1-measured-etcd5509-b02-L-ok-a3,PASS,,,,0,0.482,0.00168,
etcd5509,2,A,c1v1-etcd5509-b02,L,V_bad,P3,BLOCK,,"accept on first zero, block after 3 nonzero",3,c1v1-measured-etcd5509-b02-L-bad-a1 c1v1-measured-etcd5509-b02-L-bad-a2 c1v1-measured-etcd5509-b02-L-bad-a3,,FOCAL_DEFECT_WITNESS | FOCAL_DEFECT_WITNESS | FOCAL_DEFECT_WITNESS,1,1,0,,126.387,0.074345,
etcd5509,2,A,c1v1-etcd5509-b02,L,V_ok,P3,ACCEPT,,"accept on first zero, block after 3 nonzero",1,c1v1-measured-etcd5509-b02-L-ok-a1,c1v1-measured-etcd5509-b02-L-ok-a2 c1v1-measured-etcd5509-b02-L-ok-a3,PASS,,,,0,0.482,0.00168,
etcd5509,2,A,c1v1-etcd5509-b02,L,V_bad,P3-retain,BLOCK,,P3 decision; flag accept after failure,3,c1v1-measured-etcd5509-b02-L-bad-a1 c1v1-measured-etcd5509-b02-L-bad-a2 c1v1-measured-etcd5509-b02-L-bad-a3,,FOCAL_DEFECT_WITNESS | FOCAL_DEFECT_WITNESS | FOCAL_DEFECT_WITNESS,1,1,0,,126.387,0.074345,
etcd5509,2,A,c1v1-etcd5509-b02,L,V_ok,P3-retain,ACCEPT,,P3 decision; flag accept after failure,1,c1v1-measured-etcd5509-b02-L-ok-a1,c1v1-measured-etcd5509-b02-L-ok-a2 c1v1-measured-etcd5509-b02-L-ok-a3,PASS,,,,0,0.482,0.00168,
etcd5509,3,A,c1v1-etcd5509-b03,R,V_bad,P1,BLOCK,,first attempt only,1,c1v1-measured-etcd5509-b03-R-bad-a1,c1v1-measured-etcd5509-b03-R-bad-a2 c1v1-measured-etcd5509-b03-R-bad-a3,FOCAL_DEFECT_WITNESS,1,1,0,,42.128,0.198368,
etcd5509,3,A,c1v1-etcd5509-b03,R,V_ok,P1,ACCEPT,,first attempt only,1,c1v1-measured-etcd5509-b03-R-ok-a1,c1v1-measured-etcd5509-b03-R-ok-a2 c1v1-measured-etcd5509-b03-R-ok-a3,PASS,,,,0,0.494,0.013822,
etcd5509,3,A,c1v1-etcd5509-b03,R,V_bad,P3,BLOCK,,"accept on first zero, block after 3 nonzero",3,c1v1-measured-etcd5509-b03-R-bad-a1 c1v1-measured-etcd5509-b03-R-bad-a2 c1v1-measured-etcd5509-b03-R-bad-a3,,FOCAL_DEFECT_WITNESS | FOCAL_DEFECT_WITNESS | FOCAL_DEFECT_WITNESS,1,1,0,,126.417,0.595662,
etcd5509,3,A,c1v1-etcd5509-b03,R,V_ok,P3,ACCEPT,,"accept on first zero, block after 3 nonzero",1,c1v1-measured-etcd5509-b03-R-ok-a1,c1v1-measured-etcd5509-b03-R-ok-a2 c1v1-measured-etcd5509-b03-R-ok-a3,PASS,,,,0,0.494,0.013822,
etcd5509,3,A,c1v1-etcd5509-b03,R,V_bad,P3-retain,BLOCK,,P3 decision; flag accept after failure,3,c1v1-measured-etcd5509-b03-R-bad-a1 c1v1-measured-etcd5509-b03-R-bad-a2 c1v1-measured-etcd5509-b03-R-bad-a3,,FOCAL_DEFECT_WITNESS | FOCAL_DEFECT_WITNESS | FOCAL_DEFECT_WITNESS,1,1,0,,126.417,0.595662,
etcd5509,3,A,c1v1-etcd5509-b03,R,V_ok,P3-retain,ACCEPT,,P3 decision; flag accept after failure,1,c1v1-measured-etcd5509-b03-R-ok-a1,c1v1-measured-etcd5509-b03-R-ok-a2 c1v1-measured-etcd5509-b03-R-ok-a3,PASS,,,,0,0.494,0.013822,
etcd5509,3,A,c1v1-etcd5509-b03,L,V_bad,P1,BLOCK,,first attempt only,1,c1v1-measured-etcd5509-b03-L-bad-a1,c1v1-measured-etcd5509-b03-L-bad-a2 c1v1-measured-etcd5509-b03-L-bad-a3,FOCAL_DEFECT_WITNESS,1,1,0,,42.058,0.024742,
etcd5509,3,A,c1v1-etcd5509-b03,L,V_ok,P1,ACCEPT,,first attempt only,1,c1v1-measured-etcd5509-b03-L-ok-a1,c1v1-measured-etcd5509-b03-L-ok-a2 c1v1-measured-etcd5509-b03-L-ok-a3,PASS,,,,0,0.467,0.001712,
etcd5509,3,A,c1v1-etcd5509-b03,L,V_bad,P3,BLOCK,,"accept on first zero, block after 3 nonzero",3,c1v1-measured-etcd5509-b03-L-bad-a1 c1v1-measured-etcd5509-b03-L-bad-a2 c1v1-measured-etcd5509-b03-L-bad-a3,,FOCAL_DEFECT_WITNESS | FOCAL_DEFECT_WITNESS | FOCAL_DEFECT_WITNESS,1,1,0,,126.186,0.074232,
etcd5509,3,A,c1v1-etcd5509-b03,L,V_ok,P3,ACCEPT,,"accept on first zero, block after 3 nonzero",1,c1v1-measured-etcd5509-b03-L-ok-a1,c1v1-measured-etcd5509-b03-L-ok-a2 c1v1-measured-etcd5509-b03-L-ok-a3,PASS,,,,0,0.467,0.001712,
etcd5509,3,A,c1v1-etcd5509-b03,L,V_bad,P3-retain,BLOCK,,P3 decision; flag accept after failure,3,c1v1-measured-etcd5509-b03-L-bad-a1 c1v1-measured-etcd5509-b03-L-bad-a2 c1v1-measured-etcd5509-b03-L-bad-a3,,FOCAL_DEFECT_WITNESS | FOCAL_DEFECT_WITNESS | FOCAL_DEFECT_WITNESS,1,1,0,,126.186,0.074232,
etcd5509,3,A,c1v1-etcd5509-b03,L,V_ok,P3-retain,ACCEPT,,P3 decision; flag accept after failure,1,c1v1-measured-etcd5509-b03-L-ok-a1,c1v1-measured-etcd5509-b03-L-ok-a2 c1v1-measured-etcd5509-b03-L-ok-a3,PASS,,,,0,0.467,0.001712,
etcd5509,4,A,c1v1-etcd5509-b04,R,V_bad,P1,BLOCK,,first attempt only,1,c1v1-measured-etcd5509-b04-R-bad-a1,c1v1-measured-etcd5509-b04-R-bad-a2 c1v1-measured-etcd5509-b04-R-bad-a3,FOCAL_DEFECT_WITNESS,1,1,0,,42.149,0.198367,
etcd5509,4,A,c1v1-etcd5509-b04,R,V_ok,P1,ACCEPT,,first attempt only,1,c1v1-measured-etcd5509-b04-R-ok-a1,c1v1-measured-etcd5509-b04-R-ok-a2 c1v1-measured-etcd5509-b04-R-ok-a3,PASS,,,,0,0.504,0.013914,
etcd5509,4,A,c1v1-etcd5509-b04,R,V_bad,P3,BLOCK,,"accept on first zero, block after 3 nonzero",3,c1v1-measured-etcd5509-b04-R-bad-a1 c1v1-measured-etcd5509-b04-R-bad-a2 c1v1-measured-etcd5509-b04-R-bad-a3,,FOCAL_DEFECT_WITNESS | FOCAL_DEFECT_WITNESS | FOCAL_DEFECT_WITNESS,1,1,0,,126.269,0.594131,
etcd5509,4,A,c1v1-etcd5509-b04,R,V_ok,P3,ACCEPT,,"accept on first zero, block after 3 nonzero",1,c1v1-measured-etcd5509-b04-R-ok-a1,c1v1-measured-etcd5509-b04-R-ok-a2 c1v1-measured-etcd5509-b04-R-ok-a3,PASS,,,,0,0.504,0.013914,
etcd5509,4,A,c1v1-etcd5509-b04,R,V_bad,P3-retain,BLOCK,,P3 decision; flag accept after failure,3,c1v1-measured-etcd5509-b04-R-bad-a1 c1v1-measured-etcd5509-b04-R-bad-a2 c1v1-measured-etcd5509-b04-R-bad-a3,,FOCAL_DEFECT_WITNESS | FOCAL_DEFECT_WITNESS | FOCAL_DEFECT_WITNESS,1,1,0,,126.269,0.594131,
etcd5509,4,A,c1v1-etcd5509-b04,R,V_ok,P3-retain,ACCEPT,,P3 decision; flag accept after failure,1,c1v1-measured-etcd5509-b04-R-ok-a1,c1v1-measured-etcd5509-b04-R-ok-a2 c1v1-measured-etcd5509-b04-R-ok-a3,PASS,,,,0,0.504,0.013914,
etcd5509,4,A,c1v1-etcd5509-b04,L,V_bad,P1,BLOCK,,first attempt only,1,c1v1-measured-etcd5509-b04-L-bad-a1,c1v1-measured-etcd5509-b04-L-bad-a2 c1v1-measured-etcd5509-b04-L-bad-a3,FOCAL_DEFECT_WITNESS,1,1,0,,42.06,0.024703,
etcd5509,4,A,c1v1-etcd5509-b04,L,V_ok,P1,ACCEPT,,first attempt only,1,c1v1-measured-etcd5509-b04-L-ok-a1,c1v1-measured-etcd5509-b04-L-ok-a2 c1v1-measured-etcd5509-b04-L-ok-a3,PASS,,,,0,0.542,0.001758,
etcd5509,4,A,c1v1-etcd5509-b04,L,V_bad,P3,ACCEPT,,"accept on first zero, block after 3 nonzero",3,c1v1-measured-etcd5509-b04-L-bad-a1 c1v1-measured-etcd5509-b04-L-bad-a2 c1v1-measured-etcd5509-b04-L-bad-a3,,FOCAL_DEFECT_WITNESS | FOCAL_DEFECT_WITNESS | PASS,0,1,1,,84.433,0.051039,
etcd5509,4,A,c1v1-etcd5509-b04,L,V_ok,P3,ACCEPT,,"accept on first zero, block after 3 nonzero",1,c1v1-measured-etcd5509-b04-L-ok-a1,c1v1-measured-etcd5509-b04-L-ok-a2 c1v1-measured-etcd5509-b04-L-ok-a3,PASS,,,,0,0.542,0.001758,
etcd5509,4,A,c1v1-etcd5509-b04,L,V_bad,P3-retain,ACCEPT,ACCEPT_WITH_PRIOR_FAILURE,P3 decision; flag accept after failure,3,c1v1-measured-etcd5509-b04-L-bad-a1 c1v1-measured-etcd5509-b04-L-bad-a2 c1v1-measured-etcd5509-b04-L-bad-a3,,FOCAL_DEFECT_WITNESS | FOCAL_DEFECT_WITNESS | PASS,0,1,1,,84.433,0.051039,
etcd5509,4,A,c1v1-etcd5509-b04,L,V_ok,P3-retain,ACCEPT,,P3 decision; flag accept after failure,1,c1v1-measured-etcd5509-b04-L-ok-a1,c1v1-measured-etcd5509-b04-L-ok-a2 c1v1-measured-etcd5509-b04-L-ok-a3,PASS,,,,0,0.542,0.001758,
etcd5509,5,A,c1v1-etcd5509-b05,R,V_bad,P1,BLOCK,,first attempt only,1,c1v1-measured-etcd5509-b05-R-bad-a1,c1v1-measured-etcd5509-b05-R-bad-a2 c1v1-measured-etcd5509-b05-R-bad-a3,FOCAL_DEFECT_WITNESS,1,1,0,,42.081,0.198033,
etcd5509,5,A,c1v1-etcd5509-b05,R,V_ok,P1,ACCEPT,,first attempt only,1,c1v1-measured-etcd5509-b05-R-ok-a1,c1v1-measured-etcd5509-b05-R-ok-a2 c1v1-measured-etcd5509-b05-R-ok-a3,PASS,,,,0,0.499,0.013873,
etcd5509,5,A,c1v1-etcd5509-b05,R,V_bad,P3,ACCEPT,,"accept on first zero, block after 3 nonzero",2,c1v1-measured-etcd5509-b05-R-bad-a1 c1v1-measured-etcd5509-b05-R-bad-a2,c1v1-measured-etcd5509-b05-R-bad-a3,FOCAL_DEFECT_WITNESS | PASS,0,1,1,,42.48,0.211431,
etcd5509,5,A,c1v1-etcd5509-b05,R,V_ok,P3,ACCEPT,,"accept on first zero, block after 3 nonzero",1,c1v1-measured-etcd5509-b05-R-ok-a1,c1v1-measured-etcd5509-b05-R-ok-a2 c1v1-measured-etcd5509-b05-R-ok-a3,PASS,,,,0,0.499,0.013873,
etcd5509,5,A,c1v1-etcd5509-b05,R,V_bad,P3-retain,ACCEPT,ACCEPT_WITH_PRIOR_FAILURE,P3 decision; flag accept after failure,2,c1v1-measured-etcd5509-b05-R-bad-a1 c1v1-measured-etcd5509-b05-R-bad-a2,c1v1-measured-etcd5509-b05-R-bad-a3,FOCAL_DEFECT_WITNESS | PASS,0,1,1,,42.48,0.211431,
etcd5509,5,A,c1v1-etcd5509-b05,R,V_ok,P3-retain,ACCEPT,,P3 decision; flag accept after failure,1,c1v1-measured-etcd5509-b05-R-ok-a1,c1v1-measured-etcd5509-b05-R-ok-a2 c1v1-measured-etcd5509-b05-R-ok-a3,PASS,,,,0,0.499,0.013873,
etcd5509,5,A,c1v1-etcd5509-b05,L,V_bad,P1,BLOCK,,first attempt only,1,c1v1-measured-etcd5509-b05-L-bad-a1,c1v1-measured-etcd5509-b05-L-bad-a2 c1v1-measured-etcd5509-b05-L-bad-a3,FOCAL_DEFECT_WITNESS,1,1,0,,42.131,0.024778,
etcd5509,5,A,c1v1-etcd5509-b05,L,V_ok,P1,ACCEPT,,first attempt only,1,c1v1-measured-etcd5509-b05-L-ok-a1,c1v1-measured-etcd5509-b05-L-ok-a2 c1v1-measured-etcd5509-b05-L-ok-a3,PASS,,,,0,0.584,0.001776,
etcd5509,5,A,c1v1-etcd5509-b05,L,V_bad,P3,BLOCK,,"accept on first zero, block after 3 nonzero",3,c1v1-measured-etcd5509-b05-L-bad-a1 c1v1-measured-etcd5509-b05-L-bad-a2 c1v1-measured-etcd5509-b05-L-bad-a3,,FOCAL_DEFECT_WITNESS | FOCAL_DEFECT_WITNESS | FOCAL_DEFECT_WITNESS,1,1,0,,126.067,0.07415,
etcd5509,5,A,c1v1-etcd5509-b05,L,V_ok,P3,ACCEPT,,"accept on first zero, block after 3 nonzero",1,c1v1-measured-etcd5509-b05-L-ok-a1,c1v1-measured-etcd5509-b05-L-ok-a2 c1v1-measured-etcd5509-b05-L-ok-a3,PASS,,,,0,0.584,0.001776,
etcd5509,5,A,c1v1-etcd5509-b05,L,V_bad,P3-retain,BLOCK,,P3 decision; flag accept after failure,3,c1v1-measured-etcd5509-b05-L-bad-a1 c1v1-measured-etcd5509-b05-L-bad-a2 c1v1-measured-etcd5509-b05-L-bad-a3,,FOCAL_DEFECT_WITNESS | FOCAL_DEFECT_WITNESS | FOCAL_DEFECT_WITNESS,1,1,0,,126.067,0.07415,
etcd5509,5,A,c1v1-etcd5509-b05,L,V_ok,P3-retain,ACCEPT,,P3 decision; flag accept after failure,1,c1v1-measured-etcd5509-b05-L-ok-a1,c1v1-measured-etcd5509-b05-L-ok-a2 c1v1-measured-etcd5509-b05-L-ok-a3,PASS,,,,0,0.584,0.001776,
etcd5509,6,B,c1v1-etcd5509-b06,R,V_bad,P1,ACCEPT,,first attempt only,1,c1v1-measured-etcd5509-b06-R-bad-a1,c1v1-measured-etcd5509-b06-R-bad-a2 c1v1-measured-etcd5509-b06-R-bad-a3,PASS,0,0,0,,0.605,0.014359,
etcd5509,6,B,c1v1-etcd5509-b06,R,V_ok,P1,ACCEPT,,first attempt only,1,c1v1-measured-etcd5509-b06-R-ok-a1,c1v1-measured-etcd5509-b06-R-ok-a2 c1v1-measured-etcd5509-b06-R-ok-a3,PASS,,,,0,0.519,0.013958,
etcd5509,6,B,c1v1-etcd5509-b06,R,V_bad,P3,ACCEPT,,"accept on first zero, block after 3 nonzero",1,c1v1-measured-etcd5509-b06-R-bad-a1,c1v1-measured-etcd5509-b06-R-bad-a2 c1v1-measured-etcd5509-b06-R-bad-a3,PASS,0,0,0,,0.605,0.014359,
etcd5509,6,B,c1v1-etcd5509-b06,R,V_ok,P3,ACCEPT,,"accept on first zero, block after 3 nonzero",1,c1v1-measured-etcd5509-b06-R-ok-a1,c1v1-measured-etcd5509-b06-R-ok-a2 c1v1-measured-etcd5509-b06-R-ok-a3,PASS,,,,0,0.519,0.013958,
etcd5509,6,B,c1v1-etcd5509-b06,R,V_bad,P3-retain,ACCEPT,,P3 decision; flag accept after failure,1,c1v1-measured-etcd5509-b06-R-bad-a1,c1v1-measured-etcd5509-b06-R-bad-a2 c1v1-measured-etcd5509-b06-R-bad-a3,PASS,0,0,0,,0.605,0.014359,
etcd5509,6,B,c1v1-etcd5509-b06,R,V_ok,P3-retain,ACCEPT,,P3 decision; flag accept after failure,1,c1v1-measured-etcd5509-b06-R-ok-a1,c1v1-measured-etcd5509-b06-R-ok-a2 c1v1-measured-etcd5509-b06-R-ok-a3,PASS,,,,0,0.519,0.013958,
etcd5509,6,B,c1v1-etcd5509-b06,L,V_bad,P1,BLOCK,,first attempt only,1,c1v1-measured-etcd5509-b06-L-bad-a1,c1v1-measured-etcd5509-b06-L-bad-a2 c1v1-measured-etcd5509-b06-L-bad-a3,FOCAL_DEFECT_WITNESS,1,1,0,,44.442,0.026147,
etcd5509,6,B,c1v1-etcd5509-b06,L,V_ok,P1,ACCEPT,,first attempt only,1,c1v1-measured-etcd5509-b06-L-ok-a1,c1v1-measured-etcd5509-b06-L-ok-a2 c1v1-measured-etcd5509-b06-L-ok-a3,PASS,,,,0,0.552,0.001725,
etcd5509,6,B,c1v1-etcd5509-b06,L,V_bad,P3,BLOCK,,"accept on first zero, block after 3 nonzero",3,c1v1-measured-etcd5509-b06-L-bad-a1 c1v1-measured-etcd5509-b06-L-bad-a2 c1v1-measured-etcd5509-b06-L-bad-a3,,FOCAL_DEFECT_WITNESS | FOCAL_DEFECT_WITNESS | FOCAL_DEFECT_WITNESS,1,1,0,,133.466,0.078512,
etcd5509,6,B,c1v1-etcd5509-b06,L,V_ok,P3,ACCEPT,,"accept on first zero, block after 3 nonzero",1,c1v1-measured-etcd5509-b06-L-ok-a1,c1v1-measured-etcd5509-b06-L-ok-a2 c1v1-measured-etcd5509-b06-L-ok-a3,PASS,,,,0,0.552,0.001725,
etcd5509,6,B,c1v1-etcd5509-b06,L,V_bad,P3-retain,BLOCK,,P3 decision; flag accept after failure,3,c1v1-measured-etcd5509-b06-L-bad-a1 c1v1-measured-etcd5509-b06-L-bad-a2 c1v1-measured-etcd5509-b06-L-bad-a3,,FOCAL_DEFECT_WITNESS | FOCAL_DEFECT_WITNESS | FOCAL_DEFECT_WITNESS,1,1,0,,133.466,0.078512,
etcd5509,6,B,c1v1-etcd5509-b06,L,V_ok,P3-retain,ACCEPT,,P3 decision; flag accept after failure,1,c1v1-measured-etcd5509-b06-L-ok-a1,c1v1-measured-etcd5509-b06-L-ok-a2 c1v1-measured-etcd5509-b06-L-ok-a3,PASS,,,,0,0.552,0.001725,
etcd5509,7,B,c1v1-etcd5509-b07,R,V_bad,P1,BLOCK,,first attempt only,1,c1v1-measured-etcd5509-b07-R-bad-a1,c1v1-measured-etcd5509-b07-R-bad-a2 c1v1-measured-etcd5509-b07-R-bad-a3,FOCAL_DEFECT_WITNESS,1,1,0,,45.285,0.212908,
etcd5509,7,B,c1v1-etcd5509-b07,R,V_ok,P1,ACCEPT,,first attempt only,1,c1v1-measured-etcd5509-b07-R-ok-a1,c1v1-measured-etcd5509-b07-R-ok-a2 c1v1-measured-etcd5509-b07-R-ok-a3,PASS,,,,0,0.575,0.013874,
etcd5509,7,B,c1v1-etcd5509-b07,R,V_bad,P3,ACCEPT,,"accept on first zero, block after 3 nonzero",2,c1v1-measured-etcd5509-b07-R-bad-a1 c1v1-measured-etcd5509-b07-R-bad-a2,c1v1-measured-etcd5509-b07-R-bad-a3,FOCAL_DEFECT_WITNESS | PASS,0,1,1,,45.794,0.226785,
etcd5509,7,B,c1v1-etcd5509-b07,R,V_ok,P3,ACCEPT,,"accept on first zero, block after 3 nonzero",1,c1v1-measured-etcd5509-b07-R-ok-a1,c1v1-measured-etcd5509-b07-R-ok-a2 c1v1-measured-etcd5509-b07-R-ok-a3,PASS,,,,0,0.575,0.013874,
etcd5509,7,B,c1v1-etcd5509-b07,R,V_bad,P3-retain,ACCEPT,ACCEPT_WITH_PRIOR_FAILURE,P3 decision; flag accept after failure,2,c1v1-measured-etcd5509-b07-R-bad-a1 c1v1-measured-etcd5509-b07-R-bad-a2,c1v1-measured-etcd5509-b07-R-bad-a3,FOCAL_DEFECT_WITNESS | PASS,0,1,1,,45.794,0.226785,
etcd5509,7,B,c1v1-etcd5509-b07,R,V_ok,P3-retain,ACCEPT,,P3 decision; flag accept after failure,1,c1v1-measured-etcd5509-b07-R-ok-a1,c1v1-measured-etcd5509-b07-R-ok-a2 c1v1-measured-etcd5509-b07-R-ok-a3,PASS,,,,0,0.575,0.013874,
etcd5509,7,B,c1v1-etcd5509-b07,L,V_bad,P1,BLOCK,,first attempt only,1,c1v1-measured-etcd5509-b07-L-bad-a1,c1v1-measured-etcd5509-b07-L-bad-a2 c1v1-measured-etcd5509-b07-L-bad-a3,FOCAL_DEFECT_WITNESS,1,1,0,,45.277,0.026607,
etcd5509,7,B,c1v1-etcd5509-b07,L,V_ok,P1,ACCEPT,,first attempt only,1,c1v1-measured-etcd5509-b07-L-ok-a1,c1v1-measured-etcd5509-b07-L-ok-a2 c1v1-measured-etcd5509-b07-L-ok-a3,PASS,,,,0,0.503,0.00174,
etcd5509,7,B,c1v1-etcd5509-b07,L,V_bad,P3,BLOCK,,"accept on first zero, block after 3 nonzero",3,c1v1-measured-etcd5509-b07-L-bad-a1 c1v1-measured-etcd5509-b07-L-bad-a2 c1v1-measured-etcd5509-b07-L-bad-a3,,FOCAL_DEFECT_WITNESS | FOCAL_DEFECT_WITNESS | FOCAL_DEFECT_WITNESS,1,1,0,,135.882,0.07986,
etcd5509,7,B,c1v1-etcd5509-b07,L,V_ok,P3,ACCEPT,,"accept on first zero, block after 3 nonzero",1,c1v1-measured-etcd5509-b07-L-ok-a1,c1v1-measured-etcd5509-b07-L-ok-a2 c1v1-measured-etcd5509-b07-L-ok-a3,PASS,,,,0,0.503,0.00174,
etcd5509,7,B,c1v1-etcd5509-b07,L,V_bad,P3-retain,BLOCK,,P3 decision; flag accept after failure,3,c1v1-measured-etcd5509-b07-L-bad-a1 c1v1-measured-etcd5509-b07-L-bad-a2 c1v1-measured-etcd5509-b07-L-bad-a3,,FOCAL_DEFECT_WITNESS | FOCAL_DEFECT_WITNESS | FOCAL_DEFECT_WITNESS,1,1,0,,135.882,0.07986,
etcd5509,7,B,c1v1-etcd5509-b07,L,V_ok,P3-retain,ACCEPT,,P3 decision; flag accept after failure,1,c1v1-measured-etcd5509-b07-L-ok-a1,c1v1-measured-etcd5509-b07-L-ok-a2 c1v1-measured-etcd5509-b07-L-ok-a3,PASS,,,,0,0.503,0.00174,
etcd5509,8,B,c1v1-etcd5509-b08,R,V_bad,P1,BLOCK,,first attempt only,1,c1v1-measured-etcd5509-b08-R-bad-a1,c1v1-measured-etcd5509-b08-R-bad-a2 c1v1-measured-etcd5509-b08-R-bad-a3,FOCAL_DEFECT_WITNESS,1,1,0,,45.533,0.214178,
etcd5509,8,B,c1v1-etcd5509-b08,R,V_ok,P1,ACCEPT,,first attempt only,1,c1v1-measured-etcd5509-b08-R-ok-a1,c1v1-measured-etcd5509-b08-R-ok-a2 c1v1-measured-etcd5509-b08-R-ok-a3,PASS,,,,0,0.499,0.013859,
etcd5509,8,B,c1v1-etcd5509-b08,R,V_bad,P3,BLOCK,,"accept on first zero, block after 3 nonzero",3,c1v1-measured-etcd5509-b08-R-bad-a1 c1v1-measured-etcd5509-b08-R-bad-a2 c1v1-measured-etcd5509-b08-R-bad-a3,,FOCAL_DEFECT_WITNESS | FOCAL_DEFECT_WITNESS | FOCAL_DEFECT_WITNESS,1,1,0,,136.346,0.6413,
etcd5509,8,B,c1v1-etcd5509-b08,R,V_ok,P3,ACCEPT,,"accept on first zero, block after 3 nonzero",1,c1v1-measured-etcd5509-b08-R-ok-a1,c1v1-measured-etcd5509-b08-R-ok-a2 c1v1-measured-etcd5509-b08-R-ok-a3,PASS,,,,0,0.499,0.013859,
etcd5509,8,B,c1v1-etcd5509-b08,R,V_bad,P3-retain,BLOCK,,P3 decision; flag accept after failure,3,c1v1-measured-etcd5509-b08-R-bad-a1 c1v1-measured-etcd5509-b08-R-bad-a2 c1v1-measured-etcd5509-b08-R-bad-a3,,FOCAL_DEFECT_WITNESS | FOCAL_DEFECT_WITNESS | FOCAL_DEFECT_WITNESS,1,1,0,,136.346,0.6413,
etcd5509,8,B,c1v1-etcd5509-b08,R,V_ok,P3-retain,ACCEPT,,P3 decision; flag accept after failure,1,c1v1-measured-etcd5509-b08-R-ok-a1,c1v1-measured-etcd5509-b08-R-ok-a2 c1v1-measured-etcd5509-b08-R-ok-a3,PASS,,,,0,0.499,0.013859,
etcd5509,8,B,c1v1-etcd5509-b08,L,V_bad,P1,BLOCK,,first attempt only,1,c1v1-measured-etcd5509-b08-L-bad-a1,c1v1-measured-etcd5509-b08-L-bad-a2 c1v1-measured-etcd5509-b08-L-bad-a3,FOCAL_DEFECT_WITNESS,1,1,0,,45.361,0.026652,
etcd5509,8,B,c1v1-etcd5509-b08,L,V_ok,P1,ACCEPT,,first attempt only,1,c1v1-measured-etcd5509-b08-L-ok-a1,c1v1-measured-etcd5509-b08-L-ok-a2 c1v1-measured-etcd5509-b08-L-ok-a3,PASS,,,,0,0.591,0.001793,
etcd5509,8,B,c1v1-etcd5509-b08,L,V_bad,P3,ACCEPT,,"accept on first zero, block after 3 nonzero",2,c1v1-measured-etcd5509-b08-L-bad-a1 c1v1-measured-etcd5509-b08-L-bad-a2,c1v1-measured-etcd5509-b08-L-bad-a3,FOCAL_DEFECT_WITNESS | PASS,0,1,1,,45.884,0.02842,
etcd5509,8,B,c1v1-etcd5509-b08,L,V_ok,P3,ACCEPT,,"accept on first zero, block after 3 nonzero",1,c1v1-measured-etcd5509-b08-L-ok-a1,c1v1-measured-etcd5509-b08-L-ok-a2 c1v1-measured-etcd5509-b08-L-ok-a3,PASS,,,,0,0.591,0.001793,
etcd5509,8,B,c1v1-etcd5509-b08,L,V_bad,P3-retain,ACCEPT,ACCEPT_WITH_PRIOR_FAILURE,P3 decision; flag accept after failure,2,c1v1-measured-etcd5509-b08-L-bad-a1 c1v1-measured-etcd5509-b08-L-bad-a2,c1v1-measured-etcd5509-b08-L-bad-a3,FOCAL_DEFECT_WITNESS | PASS,0,1,1,,45.884,0.02842,
etcd5509,8,B,c1v1-etcd5509-b08,L,V_ok,P3-retain,ACCEPT,,P3 decision; flag accept after failure,1,c1v1-measured-etcd5509-b08-L-ok-a1,c1v1-measured-etcd5509-b08-L-ok-a2 c1v1-measured-etcd5509-b08-L-ok-a3,PASS,,,,0,0.591,0.001793,
etcd5509,9,B,c1v1-etcd5509-b09,R,V_bad,P1,BLOCK,,first attempt only,1,c1v1-measured-etcd5509-b09-R-bad-a1,c1v1-measured-etcd5509-b09-R-bad-a2 c1v1-measured-etcd5509-b09-R-bad-a3,FOCAL_DEFECT_WITNESS,1,1,0,,45.421,0.213595,
etcd5509,9,B,c1v1-etcd5509-b09,R,V_ok,P1,ACCEPT,,first attempt only,1,c1v1-measured-etcd5509-b09-R-ok-a1,c1v1-measured-etcd5509-b09-R-ok-a2 c1v1-measured-etcd5509-b09-R-ok-a3,PASS,,,,0,0.512,0.01392,
etcd5509,9,B,c1v1-etcd5509-b09,R,V_bad,P3,BLOCK,,"accept on first zero, block after 3 nonzero",3,c1v1-measured-etcd5509-b09-R-bad-a1 c1v1-measured-etcd5509-b09-R-bad-a2 c1v1-measured-etcd5509-b09-R-bad-a3,,FOCAL_DEFECT_WITNESS | FOCAL_DEFECT_WITNESS | FOCAL_DEFECT_WITNESS,1,1,0,,136.264,0.640269,
etcd5509,9,B,c1v1-etcd5509-b09,R,V_ok,P3,ACCEPT,,"accept on first zero, block after 3 nonzero",1,c1v1-measured-etcd5509-b09-R-ok-a1,c1v1-measured-etcd5509-b09-R-ok-a2 c1v1-measured-etcd5509-b09-R-ok-a3,PASS,,,,0,0.512,0.01392,
etcd5509,9,B,c1v1-etcd5509-b09,R,V_bad,P3-retain,BLOCK,,P3 decision; flag accept after failure,3,c1v1-measured-etcd5509-b09-R-bad-a1 c1v1-measured-etcd5509-b09-R-bad-a2 c1v1-measured-etcd5509-b09-R-bad-a3,,FOCAL_DEFECT_WITNESS | FOCAL_DEFECT_WITNESS | FOCAL_DEFECT_WITNESS,1,1,0,,136.264,0.640269,
etcd5509,9,B,c1v1-etcd5509-b09,R,V_ok,P3-retain,ACCEPT,,P3 decision; flag accept after failure,1,c1v1-measured-etcd5509-b09-R-ok-a1,c1v1-measured-etcd5509-b09-R-ok-a2 c1v1-measured-etcd5509-b09-R-ok-a3,PASS,,,,0,0.512,0.01392,
etcd5509,9,B,c1v1-etcd5509-b09,L,V_bad,P1,BLOCK,,first attempt only,1,c1v1-measured-etcd5509-b09-L-bad-a1,c1v1-measured-etcd5509-b09-L-bad-a2 c1v1-measured-etcd5509-b09-L-bad-a3,FOCAL_DEFECT_WITNESS,1,1,0,,45.426,0.026683,
etcd5509,9,B,c1v1-etcd5509-b09,L,V_ok,P1,ACCEPT,,first attempt only,1,c1v1-measured-etcd5509-b09-L-ok-a1,c1v1-measured-etcd5509-b09-L-ok-a2 c1v1-measured-etcd5509-b09-L-ok-a3,PASS,,,,0,0.439,0.001694,
etcd5509,9,B,c1v1-etcd5509-b09,L,V_bad,P3,BLOCK,,"accept on first zero, block after 3 nonzero",3,c1v1-measured-etcd5509-b09-L-bad-a1 c1v1-measured-etcd5509-b09-L-bad-a2 c1v1-measured-etcd5509-b09-L-bad-a3,,FOCAL_DEFECT_WITNESS | FOCAL_DEFECT_WITNESS | FOCAL_DEFECT_WITNESS,1,1,0,,136.18,0.080004,
etcd5509,9,B,c1v1-etcd5509-b09,L,V_ok,P3,ACCEPT,,"accept on first zero, block after 3 nonzero",1,c1v1-measured-etcd5509-b09-L-ok-a1,c1v1-measured-etcd5509-b09-L-ok-a2 c1v1-measured-etcd5509-b09-L-ok-a3,PASS,,,,0,0.439,0.001694,
etcd5509,9,B,c1v1-etcd5509-b09,L,V_bad,P3-retain,BLOCK,,P3 decision; flag accept after failure,3,c1v1-measured-etcd5509-b09-L-bad-a1 c1v1-measured-etcd5509-b09-L-bad-a2 c1v1-measured-etcd5509-b09-L-bad-a3,,FOCAL_DEFECT_WITNESS | FOCAL_DEFECT_WITNESS | FOCAL_DEFECT_WITNESS,1,1,0,,136.18,0.080004,
etcd5509,9,B,c1v1-etcd5509-b09,L,V_ok,P3-retain,ACCEPT,,P3 decision; flag accept after failure,1,c1v1-measured-etcd5509-b09-L-ok-a1,c1v1-measured-etcd5509-b09-L-ok-a2 c1v1-measured-etcd5509-b09-L-ok-a3,PASS,,,,0,0.439,0.001694,
etcd5509,10,B,c1v1-etcd5509-b10,R,V_bad,P1,BLOCK,,first attempt only,1,c1v1-measured-etcd5509-b10-R-bad-a1,c1v1-measured-etcd5509-b10-R-bad-a2 c1v1-measured-etcd5509-b10-R-bad-a3,FOCAL_DEFECT_WITNESS,1,1,0,,45.431,0.213519,
etcd5509,10,B,c1v1-etcd5509-b10,R,V_ok,P1,ACCEPT,,first attempt only,1,c1v1-measured-etcd5509-b10-R-ok-a1,c1v1-measured-etcd5509-b10-R-ok-a2 c1v1-measured-etcd5509-b10-R-ok-a3,PASS,,,,0,0.531,0.01393,
etcd5509,10,B,c1v1-etcd5509-b10,R,V_bad,P3,BLOCK,,"accept on first zero, block after 3 nonzero",3,c1v1-measured-etcd5509-b10-R-bad-a1 c1v1-measured-etcd5509-b10-R-bad-a2 c1v1-measured-etcd5509-b10-R-bad-a3,,FOCAL_DEFECT_WITNESS | FOCAL_DEFECT_WITNESS | FOCAL_DEFECT_WITNESS,1,1,0,,136.271,0.640152,
etcd5509,10,B,c1v1-etcd5509-b10,R,V_ok,P3,ACCEPT,,"accept on first zero, block after 3 nonzero",1,c1v1-measured-etcd5509-b10-R-ok-a1,c1v1-measured-etcd5509-b10-R-ok-a2 c1v1-measured-etcd5509-b10-R-ok-a3,PASS,,,,0,0.531,0.01393,
etcd5509,10,B,c1v1-etcd5509-b10,R,V_bad,P3-retain,BLOCK,,P3 decision; flag accept after failure,3,c1v1-measured-etcd5509-b10-R-bad-a1 c1v1-measured-etcd5509-b10-R-bad-a2 c1v1-measured-etcd5509-b10-R-bad-a3,,FOCAL_DEFECT_WITNESS | FOCAL_DEFECT_WITNESS | FOCAL_DEFECT_WITNESS,1,1,0,,136.271,0.640152,
etcd5509,10,B,c1v1-etcd5509-b10,R,V_ok,P3-retain,ACCEPT,,P3 decision; flag accept after failure,1,c1v1-measured-etcd5509-b10-R-ok-a1,c1v1-measured-etcd5509-b10-R-ok-a2 c1v1-measured-etcd5509-b10-R-ok-a3,PASS,,,,0,0.531,0.01393,
etcd5509,10,B,c1v1-etcd5509-b10,L,V_bad,P1,BLOCK,,first attempt only,1,c1v1-measured-etcd5509-b10-L-bad-a1,c1v1-measured-etcd5509-b10-L-bad-a2 c1v1-measured-etcd5509-b10-L-bad-a3,FOCAL_DEFECT_WITNESS,1,1,0,,45.5,0.026742,
etcd5509,10,B,c1v1-etcd5509-b10,L,V_ok,P1,ACCEPT,,first attempt only,1,c1v1-measured-etcd5509-b10-L-ok-a1,c1v1-measured-etcd5509-b10-L-ok-a2 c1v1-measured-etcd5509-b10-L-ok-a3,PASS,,,,0,0.584,0.001779,
etcd5509,10,B,c1v1-etcd5509-b10,L,V_bad,P3,BLOCK,,"accept on first zero, block after 3 nonzero",3,c1v1-measured-etcd5509-b10-L-bad-a1 c1v1-measured-etcd5509-b10-L-bad-a2 c1v1-measured-etcd5509-b10-L-bad-a3,,FOCAL_DEFECT_WITNESS | FOCAL_DEFECT_WITNESS | FOCAL_DEFECT_WITNESS,1,1,0,,136.37,0.080128,
etcd5509,10,B,c1v1-etcd5509-b10,L,V_ok,P3,ACCEPT,,"accept on first zero, block after 3 nonzero",1,c1v1-measured-etcd5509-b10-L-ok-a1,c1v1-measured-etcd5509-b10-L-ok-a2 c1v1-measured-etcd5509-b10-L-ok-a3,PASS,,,,0,0.584,0.001779,
etcd5509,10,B,c1v1-etcd5509-b10,L,V_bad,P3-retain,BLOCK,,P3 decision; flag accept after failure,3,c1v1-measured-etcd5509-b10-L-bad-a1 c1v1-measured-etcd5509-b10-L-bad-a2 c1v1-measured-etcd5509-b10-L-bad-a3,,FOCAL_DEFECT_WITNESS | FOCAL_DEFECT_WITNESS | FOCAL_DEFECT_WITNESS,1,1,0,,136.37,0.080128,
etcd5509,10,B,c1v1-etcd5509-b10,L,V_ok,P3-retain,ACCEPT,,P3 decision; flag accept after failure,1,c1v1-measured-etcd5509-b10-L-ok-a1,c1v1-measured-etcd5509-b10-L-ok-a2 c1v1-measured-etcd5509-b10-L-ok-a3,PASS,,,,0,0.584,0.001779,
etcd7492,1,A,c1v1-etcd7492-b01,R,V_bad,P1,BLOCK,,first attempt only,1,c1v1-measured-etcd7492-b01-R-bad-a1,c1v1-measured-etcd7492-b01-R-bad-a2 c1v1-measured-etcd7492-b01-R-bad-a3,FOCAL_DEFECT_WITNESS,1,1,0,,46.808,0.219674,
etcd7492,1,A,c1v1-etcd7492-b01,R,V_ok,P1,ACCEPT,,first attempt only,1,c1v1-measured-etcd7492-b01-R-ok-a1,c1v1-measured-etcd7492-b01-R-ok-a2 c1v1-measured-etcd7492-b01-R-ok-a3,PASS,,,,0,0.468,0.013732,
etcd7492,1,A,c1v1-etcd7492-b01,R,V_bad,P3,ACCEPT,,"accept on first zero, block after 3 nonzero",3,c1v1-measured-etcd7492-b01-R-bad-a1 c1v1-measured-etcd7492-b01-R-bad-a2 c1v1-measured-etcd7492-b01-R-bad-a3,,FOCAL_DEFECT_WITNESS | FOCAL_DEFECT_WITNESS | PASS,0,1,1,,94.084,0.453432,
etcd7492,1,A,c1v1-etcd7492-b01,R,V_ok,P3,ACCEPT,,"accept on first zero, block after 3 nonzero",1,c1v1-measured-etcd7492-b01-R-ok-a1,c1v1-measured-etcd7492-b01-R-ok-a2 c1v1-measured-etcd7492-b01-R-ok-a3,PASS,,,,0,0.468,0.013732,
etcd7492,1,A,c1v1-etcd7492-b01,R,V_bad,P3-retain,ACCEPT,ACCEPT_WITH_PRIOR_FAILURE,P3 decision; flag accept after failure,3,c1v1-measured-etcd7492-b01-R-bad-a1 c1v1-measured-etcd7492-b01-R-bad-a2 c1v1-measured-etcd7492-b01-R-bad-a3,,FOCAL_DEFECT_WITNESS | FOCAL_DEFECT_WITNESS | PASS,0,1,1,,94.084,0.453432,
etcd7492,1,A,c1v1-etcd7492-b01,R,V_ok,P3-retain,ACCEPT,,P3 decision; flag accept after failure,1,c1v1-measured-etcd7492-b01-R-ok-a1,c1v1-measured-etcd7492-b01-R-ok-a2 c1v1-measured-etcd7492-b01-R-ok-a3,PASS,,,,0,0.468,0.013732,
etcd7492,1,A,c1v1-etcd7492-b01,L,V_bad,P1,ACCEPT,,first attempt only,1,c1v1-measured-etcd7492-b01-L-bad-a1,c1v1-measured-etcd7492-b01-L-bad-a2 c1v1-measured-etcd7492-b01-L-bad-a3,PASS,0,0,0,,0.472,0.001748,
etcd7492,1,A,c1v1-etcd7492-b01,L,V_ok,P1,ACCEPT,,first attempt only,1,c1v1-measured-etcd7492-b01-L-ok-a1,c1v1-measured-etcd7492-b01-L-ok-a2 c1v1-measured-etcd7492-b01-L-ok-a3,PASS,,,,0,0.54,0.001766,
etcd7492,1,A,c1v1-etcd7492-b01,L,V_bad,P3,ACCEPT,,"accept on first zero, block after 3 nonzero",1,c1v1-measured-etcd7492-b01-L-bad-a1,c1v1-measured-etcd7492-b01-L-bad-a2 c1v1-measured-etcd7492-b01-L-bad-a3,PASS,0,0,0,,0.472,0.001748,
etcd7492,1,A,c1v1-etcd7492-b01,L,V_ok,P3,ACCEPT,,"accept on first zero, block after 3 nonzero",1,c1v1-measured-etcd7492-b01-L-ok-a1,c1v1-measured-etcd7492-b01-L-ok-a2 c1v1-measured-etcd7492-b01-L-ok-a3,PASS,,,,0,0.54,0.001766,
etcd7492,1,A,c1v1-etcd7492-b01,L,V_bad,P3-retain,ACCEPT,,P3 decision; flag accept after failure,1,c1v1-measured-etcd7492-b01-L-bad-a1,c1v1-measured-etcd7492-b01-L-bad-a2 c1v1-measured-etcd7492-b01-L-bad-a3,PASS,0,0,0,,0.472,0.001748,
etcd7492,1,A,c1v1-etcd7492-b01,L,V_ok,P3-retain,ACCEPT,,P3 decision; flag accept after failure,1,c1v1-measured-etcd7492-b01-L-ok-a1,c1v1-measured-etcd7492-b01-L-ok-a2 c1v1-measured-etcd7492-b01-L-ok-a3,PASS,,,,0,0.54,0.001766,
etcd7492,2,A,c1v1-etcd7492-b02,R,V_bad,P1,BLOCK,,first attempt only,1,c1v1-measured-etcd7492-b02-R-bad-a1,c1v1-measured-etcd7492-b02-R-bad-a2 c1v1-measured-etcd7492-b02-R-bad-a3,FOCAL_DEFECT_WITNESS,1,1,0,,46.717,0.219197,
etcd7492,2,A,c1v1-etcd7492-b02,R,V_ok,P1,ACCEPT,,first attempt only,1,c1v1-measured-etcd7492-b02-R-ok-a1,c1v1-measured-etcd7492-b02-R-ok-a2 c1v1-measured-etcd7492-b02-R-ok-a3,PASS,,,,0,0.521,0.014045,
etcd7492,2,A,c1v1-etcd7492-b02,R,V_bad,P3,ACCEPT,,"accept on first zero, block after 3 nonzero",2,c1v1-measured-etcd7492-b02-R-bad-a1 c1v1-measured-etcd7492-b02-R-bad-a2,c1v1-measured-etcd7492-b02-R-bad-a3,FOCAL_DEFECT_WITNESS | PASS,0,1,1,,47.176,0.232845,
etcd7492,2,A,c1v1-etcd7492-b02,R,V_ok,P3,ACCEPT,,"accept on first zero, block after 3 nonzero",1,c1v1-measured-etcd7492-b02-R-ok-a1,c1v1-measured-etcd7492-b02-R-ok-a2 c1v1-measured-etcd7492-b02-R-ok-a3,PASS,,,,0,0.521,0.014045,
etcd7492,2,A,c1v1-etcd7492-b02,R,V_bad,P3-retain,ACCEPT,ACCEPT_WITH_PRIOR_FAILURE,P3 decision; flag accept after failure,2,c1v1-measured-etcd7492-b02-R-bad-a1 c1v1-measured-etcd7492-b02-R-bad-a2,c1v1-measured-etcd7492-b02-R-bad-a3,FOCAL_DEFECT_WITNESS | PASS,0,1,1,,47.176,0.232845,
etcd7492,2,A,c1v1-etcd7492-b02,R,V_ok,P3-retain,ACCEPT,,P3 decision; flag accept after failure,1,c1v1-measured-etcd7492-b02-R-ok-a1,c1v1-measured-etcd7492-b02-R-ok-a2 c1v1-measured-etcd7492-b02-R-ok-a3,PASS,,,,0,0.521,0.014045,
etcd7492,2,A,c1v1-etcd7492-b02,L,V_bad,P1,ACCEPT,,first attempt only,1,c1v1-measured-etcd7492-b02-L-bad-a1,c1v1-measured-etcd7492-b02-L-bad-a2 c1v1-measured-etcd7492-b02-L-bad-a3,PASS,0,0,0,,0.49,0.001726,
etcd7492,2,A,c1v1-etcd7492-b02,L,V_ok,P1,ACCEPT,,first attempt only,1,c1v1-measured-etcd7492-b02-L-ok-a1,c1v1-measured-etcd7492-b02-L-ok-a2 c1v1-measured-etcd7492-b02-L-ok-a3,PASS,,,,0,0.428,0.001689,
etcd7492,2,A,c1v1-etcd7492-b02,L,V_bad,P3,ACCEPT,,"accept on first zero, block after 3 nonzero",1,c1v1-measured-etcd7492-b02-L-bad-a1,c1v1-measured-etcd7492-b02-L-bad-a2 c1v1-measured-etcd7492-b02-L-bad-a3,PASS,0,0,0,,0.49,0.001726,
etcd7492,2,A,c1v1-etcd7492-b02,L,V_ok,P3,ACCEPT,,"accept on first zero, block after 3 nonzero",1,c1v1-measured-etcd7492-b02-L-ok-a1,c1v1-measured-etcd7492-b02-L-ok-a2 c1v1-measured-etcd7492-b02-L-ok-a3,PASS,,,,0,0.428,0.001689,
etcd7492,2,A,c1v1-etcd7492-b02,L,V_bad,P3-retain,ACCEPT,,P3 decision; flag accept after failure,1,c1v1-measured-etcd7492-b02-L-bad-a1,c1v1-measured-etcd7492-b02-L-bad-a2 c1v1-measured-etcd7492-b02-L-bad-a3,PASS,0,0,0,,0.49,0.001726,
etcd7492,2,A,c1v1-etcd7492-b02,L,V_ok,P3-retain,ACCEPT,,P3 decision; flag accept after failure,1,c1v1-measured-etcd7492-b02-L-ok-a1,c1v1-measured-etcd7492-b02-L-ok-a2 c1v1-measured-etcd7492-b02-L-ok-a3,PASS,,,,0,0.428,0.001689,
etcd7492,3,A,c1v1-etcd7492-b03,R,V_bad,P1,BLOCK,,first attempt only,1,c1v1-measured-etcd7492-b03-R-bad-a1,c1v1-measured-etcd7492-b03-R-bad-a2 c1v1-measured-etcd7492-b03-R-bad-a3,FOCAL_DEFECT_WITNESS,1,1,0,,46.672,0.219061,
etcd7492,3,A,c1v1-etcd7492-b03,R,V_ok,P1,ACCEPT,,first attempt only,1,c1v1-measured-etcd7492-b03-R-ok-a1,c1v1-measured-etcd7492-b03-R-ok-a2 c1v1-measured-etcd7492-b03-R-ok-a3,PASS,,,,0,0.485,0.013808,
etcd7492,3,A,c1v1-etcd7492-b03,R,V_bad,P3,ACCEPT,,"accept on first zero, block after 3 nonzero",2,c1v1-measured-etcd7492-b03-R-bad-a1 c1v1-measured-etcd7492-b03-R-bad-a2,c1v1-measured-etcd7492-b03-R-bad-a3,FOCAL_DEFECT_WITNESS | PASS,0,1,1,,47.132,0.232789,
etcd7492,3,A,c1v1-etcd7492-b03,R,V_ok,P3,ACCEPT,,"accept on first zero, block after 3 nonzero",1,c1v1-measured-etcd7492-b03-R-ok-a1,c1v1-measured-etcd7492-b03-R-ok-a2 c1v1-measured-etcd7492-b03-R-ok-a3,PASS,,,,0,0.485,0.013808,
etcd7492,3,A,c1v1-etcd7492-b03,R,V_bad,P3-retain,ACCEPT,ACCEPT_WITH_PRIOR_FAILURE,P3 decision; flag accept after failure,2,c1v1-measured-etcd7492-b03-R-bad-a1 c1v1-measured-etcd7492-b03-R-bad-a2,c1v1-measured-etcd7492-b03-R-bad-a3,FOCAL_DEFECT_WITNESS | PASS,0,1,1,,47.132,0.232789,
etcd7492,3,A,c1v1-etcd7492-b03,R,V_ok,P3-retain,ACCEPT,,P3 decision; flag accept after failure,1,c1v1-measured-etcd7492-b03-R-ok-a1,c1v1-measured-etcd7492-b03-R-ok-a2 c1v1-measured-etcd7492-b03-R-ok-a3,PASS,,,,0,0.485,0.013808,
etcd7492,3,A,c1v1-etcd7492-b03,L,V_bad,P1,ACCEPT,,first attempt only,1,c1v1-measured-etcd7492-b03-L-bad-a1,c1v1-measured-etcd7492-b03-L-bad-a2 c1v1-measured-etcd7492-b03-L-bad-a3,PASS,0,0,0,,0.489,0.001721,
etcd7492,3,A,c1v1-etcd7492-b03,L,V_ok,P1,ACCEPT,,first attempt only,1,c1v1-measured-etcd7492-b03-L-ok-a1,c1v1-measured-etcd7492-b03-L-ok-a2 c1v1-measured-etcd7492-b03-L-ok-a3,PASS,,,,0,0.466,0.001712,
etcd7492,3,A,c1v1-etcd7492-b03,L,V_bad,P3,ACCEPT,,"accept on first zero, block after 3 nonzero",1,c1v1-measured-etcd7492-b03-L-bad-a1,c1v1-measured-etcd7492-b03-L-bad-a2 c1v1-measured-etcd7492-b03-L-bad-a3,PASS,0,0,0,,0.489,0.001721,
etcd7492,3,A,c1v1-etcd7492-b03,L,V_ok,P3,ACCEPT,,"accept on first zero, block after 3 nonzero",1,c1v1-measured-etcd7492-b03-L-ok-a1,c1v1-measured-etcd7492-b03-L-ok-a2 c1v1-measured-etcd7492-b03-L-ok-a3,PASS,,,,0,0.466,0.001712,
etcd7492,3,A,c1v1-etcd7492-b03,L,V_bad,P3-retain,ACCEPT,,P3 decision; flag accept after failure,1,c1v1-measured-etcd7492-b03-L-bad-a1,c1v1-measured-etcd7492-b03-L-bad-a2 c1v1-measured-etcd7492-b03-L-bad-a3,PASS,0,0,0,,0.489,0.001721,
etcd7492,3,A,c1v1-etcd7492-b03,L,V_ok,P3-retain,ACCEPT,,P3 decision; flag accept after failure,1,c1v1-measured-etcd7492-b03-L-ok-a1,c1v1-measured-etcd7492-b03-L-ok-a2 c1v1-measured-etcd7492-b03-L-ok-a3,PASS,,,,0,0.466,0.001712,
etcd7492,4,A,c1v1-etcd7492-b04,R,V_bad,P1,BLOCK,,first attempt only,1,c1v1-measured-etcd7492-b04-R-bad-a1,c1v1-measured-etcd7492-b04-R-bad-a2 c1v1-measured-etcd7492-b04-R-bad-a3,FOCAL_DEFECT_WITNESS,1,1,0,,46.749,0.219444,
etcd7492,4,A,c1v1-etcd7492-b04,R,V_ok,P1,ACCEPT,,first attempt only,1,c1v1-measured-etcd7492-b04-R-ok-a1,c1v1-measured-etcd7492-b04-R-ok-a2 c1v1-measured-etcd7492-b04-R-ok-a3,PASS,,,,0,0.465,0.013725,
etcd7492,4,A,c1v1-etcd7492-b04,R,V_bad,P3,ACCEPT,,"accept on first zero, block after 3 nonzero",3,c1v1-measured-etcd7492-b04-R-bad-a1 c1v1-measured-etcd7492-b04-R-bad-a2 c1v1-measured-etcd7492-b04-R-bad-a3,,FOCAL_DEFECT_WITNESS | FOCAL_DEFECT_WITNESS | PASS,0,1,1,,93.925,0.452259,
etcd7492,4,A,c1v1-etcd7492-b04,R,V_ok,P3,ACCEPT,,"accept on first zero, block after 3 nonzero",1,c1v1-measured-etcd7492-b04-R-ok-a1,c1v1-measured-etcd7492-b04-R-ok-a2 c1v1-measured-etcd7492-b04-R-ok-a3,PASS,,,,0,0.465,0.013725,
etcd7492,4,A,c1v1-etcd7492-b04,R,V_bad,P3-retain,ACCEPT,ACCEPT_WITH_PRIOR_FAILURE,P3 decision; flag accept after failure,3,c1v1-measured-etcd7492-b04-R-bad-a1 c1v1-measured-etcd7492-b04-R-bad-a2 c1v1-measured-etcd7492-b04-R-bad-a3,,FOCAL_DEFECT_WITNESS | FOCAL_DEFECT_WITNESS | PASS,0,1,1,,93.925,0.452259,
etcd7492,4,A,c1v1-etcd7492-b04,R,V_ok,P3-retain,ACCEPT,,P3 decision; flag accept after failure,1,c1v1-measured-etcd7492-b04-R-ok-a1,c1v1-measured-etcd7492-b04-R-ok-a2 c1v1-measured-etcd7492-b04-R-ok-a3,PASS,,,,0,0.465,0.013725,
etcd7492,4,A,c1v1-etcd7492-b04,L,V_bad,P1,ACCEPT,,first attempt only,1,c1v1-measured-etcd7492-b04-L-bad-a1,c1v1-measured-etcd7492-b04-L-bad-a2 c1v1-measured-etcd7492-b04-L-bad-a3,PASS,0,0,0,,0.494,0.00174,
etcd7492,4,A,c1v1-etcd7492-b04,L,V_ok,P1,ACCEPT,,first attempt only,1,c1v1-measured-etcd7492-b04-L-ok-a1,c1v1-measured-etcd7492-b04-L-ok-a2 c1v1-measured-etcd7492-b04-L-ok-a3,PASS,,,,0,0.524,0.00174,
etcd7492,4,A,c1v1-etcd7492-b04,L,V_bad,P3,ACCEPT,,"accept on first zero, block after 3 nonzero",1,c1v1-measured-etcd7492-b04-L-bad-a1,c1v1-measured-etcd7492-b04-L-bad-a2 c1v1-measured-etcd7492-b04-L-bad-a3,PASS,0,0,0,,0.494,0.00174,
etcd7492,4,A,c1v1-etcd7492-b04,L,V_ok,P3,ACCEPT,,"accept on first zero, block after 3 nonzero",1,c1v1-measured-etcd7492-b04-L-ok-a1,c1v1-measured-etcd7492-b04-L-ok-a2 c1v1-measured-etcd7492-b04-L-ok-a3,PASS,,,,0,0.524,0.00174,
etcd7492,4,A,c1v1-etcd7492-b04,L,V_bad,P3-retain,ACCEPT,,P3 decision; flag accept after failure,1,c1v1-measured-etcd7492-b04-L-bad-a1,c1v1-measured-etcd7492-b04-L-bad-a2 c1v1-measured-etcd7492-b04-L-bad-a3,PASS,0,0,0,,0.494,0.00174,
etcd7492,4,A,c1v1-etcd7492-b04,L,V_ok,P3-retain,ACCEPT,,P3 decision; flag accept after failure,1,c1v1-measured-etcd7492-b04-L-ok-a1,c1v1-measured-etcd7492-b04-L-ok-a2 c1v1-measured-etcd7492-b04-L-ok-a3,PASS,,,,0,0.524,0.00174,
etcd7492,5,A,c1v1-etcd7492-b05,R,V_bad,P1,ACCEPT,,first attempt only,1,c1v1-measured-etcd7492-b05-R-bad-a1,c1v1-measured-etcd7492-b05-R-bad-a2 c1v1-measured-etcd7492-b05-R-bad-a3,PASS,0,0,0,,0.476,0.013747,
etcd7492,5,A,c1v1-etcd7492-b05,R,V_ok,P1,ACCEPT,,first attempt only,1,c1v1-measured-etcd7492-b05-R-ok-a1,c1v1-measured-etcd7492-b05-R-ok-a2 c1v1-measured-etcd7492-b05-R-ok-a3,PASS,,,,0,0.522,0.013901,
etcd7492,5,A,c1v1-etcd7492-b05,R,V_bad,P3,ACCEPT,,"accept on first zero, block after 3 nonzero",1,c1v1-measured-etcd7492-b05-R-bad-a1,c1v1-measured-etcd7492-b05-R-bad-a2 c1v1-measured-etcd7492-b05-R-bad-a3,PASS,0,0,0,,0.476,0.013747,
etcd7492,5,A,c1v1-etcd7492-b05,R,V_ok,P3,ACCEPT,,"accept on first zero, block after 3 nonzero",1,c1v1-measured-etcd7492-b05-R-ok-a1,c1v1-measured-etcd7492-b05-R-ok-a2 c1v1-measured-etcd7492-b05-R-ok-a3,PASS,,,,0,0.522,0.013901,
etcd7492,5,A,c1v1-etcd7492-b05,R,V_bad,P3-retain,ACCEPT,,P3 decision; flag accept after failure,1,c1v1-measured-etcd7492-b05-R-bad-a1,c1v1-measured-etcd7492-b05-R-bad-a2 c1v1-measured-etcd7492-b05-R-bad-a3,PASS,0,0,0,,0.476,0.013747,
etcd7492,5,A,c1v1-etcd7492-b05,R,V_ok,P3-retain,ACCEPT,,P3 decision; flag accept after failure,1,c1v1-measured-etcd7492-b05-R-ok-a1,c1v1-measured-etcd7492-b05-R-ok-a2 c1v1-measured-etcd7492-b05-R-ok-a3,PASS,,,,0,0.522,0.013901,
etcd7492,5,A,c1v1-etcd7492-b05,L,V_bad,P1,ACCEPT,,first attempt only,1,c1v1-measured-etcd7492-b05-L-bad-a1,c1v1-measured-etcd7492-b05-L-bad-a2 c1v1-measured-etcd7492-b05-L-bad-a3,PASS,0,0,0,,0.52,0.001741,
etcd7492,5,A,c1v1-etcd7492-b05,L,V_ok,P1,ACCEPT,,first attempt only,1,c1v1-measured-etcd7492-b05-L-ok-a1,c1v1-measured-etcd7492-b05-L-ok-a2 c1v1-measured-etcd7492-b05-L-ok-a3,PASS,,,,0,0.46,0.00171,
etcd7492,5,A,c1v1-etcd7492-b05,L,V_bad,P3,ACCEPT,,"accept on first zero, block after 3 nonzero",1,c1v1-measured-etcd7492-b05-L-bad-a1,c1v1-measured-etcd7492-b05-L-bad-a2 c1v1-measured-etcd7492-b05-L-bad-a3,PASS,0,0,0,,0.52,0.001741,
etcd7492,5,A,c1v1-etcd7492-b05,L,V_ok,P3,ACCEPT,,"accept on first zero, block after 3 nonzero",1,c1v1-measured-etcd7492-b05-L-ok-a1,c1v1-measured-etcd7492-b05-L-ok-a2 c1v1-measured-etcd7492-b05-L-ok-a3,PASS,,,,0,0.46,0.00171,
etcd7492,5,A,c1v1-etcd7492-b05,L,V_bad,P3-retain,ACCEPT,,P3 decision; flag accept after failure,1,c1v1-measured-etcd7492-b05-L-bad-a1,c1v1-measured-etcd7492-b05-L-bad-a2 c1v1-measured-etcd7492-b05-L-bad-a3,PASS,0,0,0,,0.52,0.001741,
etcd7492,5,A,c1v1-etcd7492-b05,L,V_ok,P3-retain,ACCEPT,,P3 decision; flag accept after failure,1,c1v1-measured-etcd7492-b05-L-ok-a1,c1v1-measured-etcd7492-b05-L-ok-a2 c1v1-measured-etcd7492-b05-L-ok-a3,PASS,,,,0,0.46,0.00171,
etcd7492,6,B,c1v1-etcd7492-b06,R,V_bad,P1,ACCEPT,,first attempt only,1,c1v1-measured-etcd7492-b06-R-bad-a1,c1v1-measured-etcd7492-b06-R-bad-a2 c1v1-measured-etcd7492-b06-R-bad-a3,PASS,0,0,0,,0.458,0.013636,
etcd7492,6,B,c1v1-etcd7492-b06,R,V_ok,P1,ACCEPT,,first attempt only,1,c1v1-measured-etcd7492-b06-R-ok-a1,c1v1-measured-etcd7492-b06-R-ok-a2 c1v1-measured-etcd7492-b06-R-ok-a3,PASS,,,,0,0.5,0.013833,
etcd7492,6,B,c1v1-etcd7492-b06,R,V_bad,P3,ACCEPT,,"accept on first zero, block after 3 nonzero",1,c1v1-measured-etcd7492-b06-R-bad-a1,c1v1-measured-etcd7492-b06-R-bad-a2 c1v1-measured-etcd7492-b06-R-bad-a3,PASS,0,0,0,,0.458,0.013636,
etcd7492,6,B,c1v1-etcd7492-b06,R,V_ok,P3,ACCEPT,,"accept on first zero, block after 3 nonzero",1,c1v1-measured-etcd7492-b06-R-ok-a1,c1v1-measured-etcd7492-b06-R-ok-a2 c1v1-measured-etcd7492-b06-R-ok-a3,PASS,,,,0,0.5,0.013833,
etcd7492,6,B,c1v1-etcd7492-b06,R,V_bad,P3-retain,ACCEPT,,P3 decision; flag accept after failure,1,c1v1-measured-etcd7492-b06-R-bad-a1,c1v1-measured-etcd7492-b06-R-bad-a2 c1v1-measured-etcd7492-b06-R-bad-a3,PASS,0,0,0,,0.458,0.013636,
etcd7492,6,B,c1v1-etcd7492-b06,R,V_ok,P3-retain,ACCEPT,,P3 decision; flag accept after failure,1,c1v1-measured-etcd7492-b06-R-ok-a1,c1v1-measured-etcd7492-b06-R-ok-a2 c1v1-measured-etcd7492-b06-R-ok-a3,PASS,,,,0,0.5,0.013833,
etcd7492,6,B,c1v1-etcd7492-b06,L,V_bad,P1,ACCEPT,,first attempt only,1,c1v1-measured-etcd7492-b06-L-bad-a1,c1v1-measured-etcd7492-b06-L-bad-a2 c1v1-measured-etcd7492-b06-L-bad-a3,PASS,0,0,0,,0.547,0.001758,
etcd7492,6,B,c1v1-etcd7492-b06,L,V_ok,P1,ACCEPT,,first attempt only,1,c1v1-measured-etcd7492-b06-L-ok-a1,c1v1-measured-etcd7492-b06-L-ok-a2 c1v1-measured-etcd7492-b06-L-ok-a3,PASS,,,,0,0.472,0.001672,
etcd7492,6,B,c1v1-etcd7492-b06,L,V_bad,P3,ACCEPT,,"accept on first zero, block after 3 nonzero",1,c1v1-measured-etcd7492-b06-L-bad-a1,c1v1-measured-etcd7492-b06-L-bad-a2 c1v1-measured-etcd7492-b06-L-bad-a3,PASS,0,0,0,,0.547,0.001758,
etcd7492,6,B,c1v1-etcd7492-b06,L,V_ok,P3,ACCEPT,,"accept on first zero, block after 3 nonzero",1,c1v1-measured-etcd7492-b06-L-ok-a1,c1v1-measured-etcd7492-b06-L-ok-a2 c1v1-measured-etcd7492-b06-L-ok-a3,PASS,,,,0,0.472,0.001672,
etcd7492,6,B,c1v1-etcd7492-b06,L,V_bad,P3-retain,ACCEPT,,P3 decision; flag accept after failure,1,c1v1-measured-etcd7492-b06-L-bad-a1,c1v1-measured-etcd7492-b06-L-bad-a2 c1v1-measured-etcd7492-b06-L-bad-a3,PASS,0,0,0,,0.547,0.001758,
etcd7492,6,B,c1v1-etcd7492-b06,L,V_ok,P3-retain,ACCEPT,,P3 decision; flag accept after failure,1,c1v1-measured-etcd7492-b06-L-ok-a1,c1v1-measured-etcd7492-b06-L-ok-a2 c1v1-measured-etcd7492-b06-L-ok-a3,PASS,,,,0,0.472,0.001672,
etcd7492,7,B,c1v1-etcd7492-b07,R,V_bad,P1,ACCEPT,,first attempt only,1,c1v1-measured-etcd7492-b07-R-bad-a1,c1v1-measured-etcd7492-b07-R-bad-a2 c1v1-measured-etcd7492-b07-R-bad-a3,PASS,0,0,0,,0.484,0.013961,
etcd7492,7,B,c1v1-etcd7492-b07,R,V_ok,P1,ACCEPT,,first attempt only,1,c1v1-measured-etcd7492-b07-R-ok-a1,c1v1-measured-etcd7492-b07-R-ok-a2 c1v1-measured-etcd7492-b07-R-ok-a3,PASS,,,,0,0.482,0.013783,
etcd7492,7,B,c1v1-etcd7492-b07,R,V_bad,P3,ACCEPT,,"accept on first zero, block after 3 nonzero",1,c1v1-measured-etcd7492-b07-R-bad-a1,c1v1-measured-etcd7492-b07-R-bad-a2 c1v1-measured-etcd7492-b07-R-bad-a3,PASS,0,0,0,,0.484,0.013961,
etcd7492,7,B,c1v1-etcd7492-b07,R,V_ok,P3,ACCEPT,,"accept on first zero, block after 3 nonzero",1,c1v1-measured-etcd7492-b07-R-ok-a1,c1v1-measured-etcd7492-b07-R-ok-a2 c1v1-measured-etcd7492-b07-R-ok-a3,PASS,,,,0,0.482,0.013783,
etcd7492,7,B,c1v1-etcd7492-b07,R,V_bad,P3-retain,ACCEPT,,P3 decision; flag accept after failure,1,c1v1-measured-etcd7492-b07-R-bad-a1,c1v1-measured-etcd7492-b07-R-bad-a2 c1v1-measured-etcd7492-b07-R-bad-a3,PASS,0,0,0,,0.484,0.013961,
etcd7492,7,B,c1v1-etcd7492-b07,R,V_ok,P3-retain,ACCEPT,,P3 decision; flag accept after failure,1,c1v1-measured-etcd7492-b07-R-ok-a1,c1v1-measured-etcd7492-b07-R-ok-a2 c1v1-measured-etcd7492-b07-R-ok-a3,PASS,,,,0,0.482,0.013783,
etcd7492,7,B,c1v1-etcd7492-b07,L,V_bad,P1,ACCEPT,,first attempt only,1,c1v1-measured-etcd7492-b07-L-bad-a1,c1v1-measured-etcd7492-b07-L-bad-a2 c1v1-measured-etcd7492-b07-L-bad-a3,PASS,0,0,0,,0.533,0.001761,
etcd7492,7,B,c1v1-etcd7492-b07,L,V_ok,P1,ACCEPT,,first attempt only,1,c1v1-measured-etcd7492-b07-L-ok-a1,c1v1-measured-etcd7492-b07-L-ok-a2 c1v1-measured-etcd7492-b07-L-ok-a3,PASS,,,,0,0.537,0.001757,
etcd7492,7,B,c1v1-etcd7492-b07,L,V_bad,P3,ACCEPT,,"accept on first zero, block after 3 nonzero",1,c1v1-measured-etcd7492-b07-L-bad-a1,c1v1-measured-etcd7492-b07-L-bad-a2 c1v1-measured-etcd7492-b07-L-bad-a3,PASS,0,0,0,,0.533,0.001761,
etcd7492,7,B,c1v1-etcd7492-b07,L,V_ok,P3,ACCEPT,,"accept on first zero, block after 3 nonzero",1,c1v1-measured-etcd7492-b07-L-ok-a1,c1v1-measured-etcd7492-b07-L-ok-a2 c1v1-measured-etcd7492-b07-L-ok-a3,PASS,,,,0,0.537,0.001757,
etcd7492,7,B,c1v1-etcd7492-b07,L,V_bad,P3-retain,ACCEPT,,P3 decision; flag accept after failure,1,c1v1-measured-etcd7492-b07-L-bad-a1,c1v1-measured-etcd7492-b07-L-bad-a2 c1v1-measured-etcd7492-b07-L-bad-a3,PASS,0,0,0,,0.533,0.001761,
etcd7492,7,B,c1v1-etcd7492-b07,L,V_ok,P3-retain,ACCEPT,,P3 decision; flag accept after failure,1,c1v1-measured-etcd7492-b07-L-ok-a1,c1v1-measured-etcd7492-b07-L-ok-a2 c1v1-measured-etcd7492-b07-L-ok-a3,PASS,,,,0,0.537,0.001757,
etcd7492,8,B,c1v1-etcd7492-b08,R,V_bad,P1,ACCEPT,,first attempt only,1,c1v1-measured-etcd7492-b08-R-bad-a1,c1v1-measured-etcd7492-b08-R-bad-a2 c1v1-measured-etcd7492-b08-R-bad-a3,PASS,0,0,0,,0.491,0.013491,
etcd7492,8,B,c1v1-etcd7492-b08,R,V_ok,P1,ACCEPT,,first attempt only,1,c1v1-measured-etcd7492-b08-R-ok-a1,c1v1-measured-etcd7492-b08-R-ok-a2 c1v1-measured-etcd7492-b08-R-ok-a3,PASS,,,,0,0.501,0.013856,
etcd7492,8,B,c1v1-etcd7492-b08,R,V_bad,P3,ACCEPT,,"accept on first zero, block after 3 nonzero",1,c1v1-measured-etcd7492-b08-R-bad-a1,c1v1-measured-etcd7492-b08-R-bad-a2 c1v1-measured-etcd7492-b08-R-bad-a3,PASS,0,0,0,,0.491,0.013491,
etcd7492,8,B,c1v1-etcd7492-b08,R,V_ok,P3,ACCEPT,,"accept on first zero, block after 3 nonzero",1,c1v1-measured-etcd7492-b08-R-ok-a1,c1v1-measured-etcd7492-b08-R-ok-a2 c1v1-measured-etcd7492-b08-R-ok-a3,PASS,,,,0,0.501,0.013856,
etcd7492,8,B,c1v1-etcd7492-b08,R,V_bad,P3-retain,ACCEPT,,P3 decision; flag accept after failure,1,c1v1-measured-etcd7492-b08-R-bad-a1,c1v1-measured-etcd7492-b08-R-bad-a2 c1v1-measured-etcd7492-b08-R-bad-a3,PASS,0,0,0,,0.491,0.013491,
etcd7492,8,B,c1v1-etcd7492-b08,R,V_ok,P3-retain,ACCEPT,,P3 decision; flag accept after failure,1,c1v1-measured-etcd7492-b08-R-ok-a1,c1v1-measured-etcd7492-b08-R-ok-a2 c1v1-measured-etcd7492-b08-R-ok-a3,PASS,,,,0,0.501,0.013856,
etcd7492,8,B,c1v1-etcd7492-b08,L,V_bad,P1,ACCEPT,,first attempt only,1,c1v1-measured-etcd7492-b08-L-bad-a1,c1v1-measured-etcd7492-b08-L-bad-a2 c1v1-measured-etcd7492-b08-L-bad-a3,PASS,0,0,0,,0.535,0.001746,
etcd7492,8,B,c1v1-etcd7492-b08,L,V_ok,P1,ACCEPT,,first attempt only,1,c1v1-measured-etcd7492-b08-L-ok-a1,c1v1-measured-etcd7492-b08-L-ok-a2 c1v1-measured-etcd7492-b08-L-ok-a3,PASS,,,,0,0.501,0.001734,
etcd7492,8,B,c1v1-etcd7492-b08,L,V_bad,P3,ACCEPT,,"accept on first zero, block after 3 nonzero",1,c1v1-measured-etcd7492-b08-L-bad-a1,c1v1-measured-etcd7492-b08-L-bad-a2 c1v1-measured-etcd7492-b08-L-bad-a3,PASS,0,0,0,,0.535,0.001746,
etcd7492,8,B,c1v1-etcd7492-b08,L,V_ok,P3,ACCEPT,,"accept on first zero, block after 3 nonzero",1,c1v1-measured-etcd7492-b08-L-ok-a1,c1v1-measured-etcd7492-b08-L-ok-a2 c1v1-measured-etcd7492-b08-L-ok-a3,PASS,,,,0,0.501,0.001734,
etcd7492,8,B,c1v1-etcd7492-b08,L,V_bad,P3-retain,ACCEPT,,P3 decision; flag accept after failure,1,c1v1-measured-etcd7492-b08-L-bad-a1,c1v1-measured-etcd7492-b08-L-bad-a2 c1v1-measured-etcd7492-b08-L-bad-a3,PASS,0,0,0,,0.535,0.001746,
etcd7492,8,B,c1v1-etcd7492-b08,L,V_ok,P3-retain,ACCEPT,,P3 decision; flag accept after failure,1,c1v1-measured-etcd7492-b08-L-ok-a1,c1v1-measured-etcd7492-b08-L-ok-a2 c1v1-measured-etcd7492-b08-L-ok-a3,PASS,,,,0,0.501,0.001734,
etcd7492,9,B,c1v1-etcd7492-b09,R,V_bad,P1,ACCEPT,,first attempt only,1,c1v1-measured-etcd7492-b09-R-bad-a1,c1v1-measured-etcd7492-b09-R-bad-a2 c1v1-measured-etcd7492-b09-R-bad-a3,PASS,0,0,0,,0.568,0.014202,
etcd7492,9,B,c1v1-etcd7492-b09,R,V_ok,P1,ACCEPT,,first attempt only,1,c1v1-measured-etcd7492-b09-R-ok-a1,c1v1-measured-etcd7492-b09-R-ok-a2 c1v1-measured-etcd7492-b09-R-ok-a3,PASS,,,,0,0.506,0.01394,
etcd7492,9,B,c1v1-etcd7492-b09,R,V_bad,P3,ACCEPT,,"accept on first zero, block after 3 nonzero",1,c1v1-measured-etcd7492-b09-R-bad-a1,c1v1-measured-etcd7492-b09-R-bad-a2 c1v1-measured-etcd7492-b09-R-bad-a3,PASS,0,0,0,,0.568,0.014202,
etcd7492,9,B,c1v1-etcd7492-b09,R,V_ok,P3,ACCEPT,,"accept on first zero, block after 3 nonzero",1,c1v1-measured-etcd7492-b09-R-ok-a1,c1v1-measured-etcd7492-b09-R-ok-a2 c1v1-measured-etcd7492-b09-R-ok-a3,PASS,,,,0,0.506,0.01394,
etcd7492,9,B,c1v1-etcd7492-b09,R,V_bad,P3-retain,ACCEPT,,P3 decision; flag accept after failure,1,c1v1-measured-etcd7492-b09-R-bad-a1,c1v1-measured-etcd7492-b09-R-bad-a2 c1v1-measured-etcd7492-b09-R-bad-a3,PASS,0,0,0,,0.568,0.014202,
etcd7492,9,B,c1v1-etcd7492-b09,R,V_ok,P3-retain,ACCEPT,,P3 decision; flag accept after failure,1,c1v1-measured-etcd7492-b09-R-ok-a1,c1v1-measured-etcd7492-b09-R-ok-a2 c1v1-measured-etcd7492-b09-R-ok-a3,PASS,,,,0,0.506,0.01394,
etcd7492,9,B,c1v1-etcd7492-b09,L,V_bad,P1,ACCEPT,,first attempt only,1,c1v1-measured-etcd7492-b09-L-bad-a1,c1v1-measured-etcd7492-b09-L-bad-a2 c1v1-measured-etcd7492-b09-L-bad-a3,PASS,0,0,0,,0.496,0.001735,
etcd7492,9,B,c1v1-etcd7492-b09,L,V_ok,P1,ACCEPT,,first attempt only,1,c1v1-measured-etcd7492-b09-L-ok-a1,c1v1-measured-etcd7492-b09-L-ok-a2 c1v1-measured-etcd7492-b09-L-ok-a3,PASS,,,,0,0.535,0.001718,
etcd7492,9,B,c1v1-etcd7492-b09,L,V_bad,P3,ACCEPT,,"accept on first zero, block after 3 nonzero",1,c1v1-measured-etcd7492-b09-L-bad-a1,c1v1-measured-etcd7492-b09-L-bad-a2 c1v1-measured-etcd7492-b09-L-bad-a3,PASS,0,0,0,,0.496,0.001735,
etcd7492,9,B,c1v1-etcd7492-b09,L,V_ok,P3,ACCEPT,,"accept on first zero, block after 3 nonzero",1,c1v1-measured-etcd7492-b09-L-ok-a1,c1v1-measured-etcd7492-b09-L-ok-a2 c1v1-measured-etcd7492-b09-L-ok-a3,PASS,,,,0,0.535,0.001718,
etcd7492,9,B,c1v1-etcd7492-b09,L,V_bad,P3-retain,ACCEPT,,P3 decision; flag accept after failure,1,c1v1-measured-etcd7492-b09-L-bad-a1,c1v1-measured-etcd7492-b09-L-bad-a2 c1v1-measured-etcd7492-b09-L-bad-a3,PASS,0,0,0,,0.496,0.001735,
etcd7492,9,B,c1v1-etcd7492-b09,L,V_ok,P3-retain,ACCEPT,,P3 decision; flag accept after failure,1,c1v1-measured-etcd7492-b09-L-ok-a1,c1v1-measured-etcd7492-b09-L-ok-a2 c1v1-measured-etcd7492-b09-L-ok-a3,PASS,,,,0,0.535,0.001718,
etcd7492,10,B,c1v1-etcd7492-b10,R,V_bad,P1,ACCEPT,,first attempt only,1,c1v1-measured-etcd7492-b10-R-bad-a1,c1v1-measured-etcd7492-b10-R-bad-a2 c1v1-measured-etcd7492-b10-R-bad-a3,PASS,0,0,0,,0.539,0.014135,
etcd7492,10,B,c1v1-etcd7492-b10,R,V_ok,P1,ACCEPT,,first attempt only,1,c1v1-measured-etcd7492-b10-R-ok-a1,c1v1-measured-etcd7492-b10-R-ok-a2 c1v1-measured-etcd7492-b10-R-ok-a3,PASS,,,,0,0.587,0.014332,
etcd7492,10,B,c1v1-etcd7492-b10,R,V_bad,P3,ACCEPT,,"accept on first zero, block after 3 nonzero",1,c1v1-measured-etcd7492-b10-R-bad-a1,c1v1-measured-etcd7492-b10-R-bad-a2 c1v1-measured-etcd7492-b10-R-bad-a3,PASS,0,0,0,,0.539,0.014135,
etcd7492,10,B,c1v1-etcd7492-b10,R,V_ok,P3,ACCEPT,,"accept on first zero, block after 3 nonzero",1,c1v1-measured-etcd7492-b10-R-ok-a1,c1v1-measured-etcd7492-b10-R-ok-a2 c1v1-measured-etcd7492-b10-R-ok-a3,PASS,,,,0,0.587,0.014332,
etcd7492,10,B,c1v1-etcd7492-b10,R,V_bad,P3-retain,ACCEPT,,P3 decision; flag accept after failure,1,c1v1-measured-etcd7492-b10-R-bad-a1,c1v1-measured-etcd7492-b10-R-bad-a2 c1v1-measured-etcd7492-b10-R-bad-a3,PASS,0,0,0,,0.539,0.014135,
etcd7492,10,B,c1v1-etcd7492-b10,R,V_ok,P3-retain,ACCEPT,,P3 decision; flag accept after failure,1,c1v1-measured-etcd7492-b10-R-ok-a1,c1v1-measured-etcd7492-b10-R-ok-a2 c1v1-measured-etcd7492-b10-R-ok-a3,PASS,,,,0,0.587,0.014332,
etcd7492,10,B,c1v1-etcd7492-b10,L,V_bad,P1,ACCEPT,,first attempt only,1,c1v1-measured-etcd7492-b10-L-bad-a1,c1v1-measured-etcd7492-b10-L-bad-a2 c1v1-measured-etcd7492-b10-L-bad-a3,PASS,0,0,0,,0.535,0.001751,
etcd7492,10,B,c1v1-etcd7492-b10,L,V_ok,P1,ACCEPT,,first attempt only,1,c1v1-measured-etcd7492-b10-L-ok-a1,c1v1-measured-etcd7492-b10-L-ok-a2 c1v1-measured-etcd7492-b10-L-ok-a3,PASS,,,,0,0.448,0.001698,
etcd7492,10,B,c1v1-etcd7492-b10,L,V_bad,P3,ACCEPT,,"accept on first zero, block after 3 nonzero",1,c1v1-measured-etcd7492-b10-L-bad-a1,c1v1-measured-etcd7492-b10-L-bad-a2 c1v1-measured-etcd7492-b10-L-bad-a3,PASS,0,0,0,,0.535,0.001751,
etcd7492,10,B,c1v1-etcd7492-b10,L,V_ok,P3,ACCEPT,,"accept on first zero, block after 3 nonzero",1,c1v1-measured-etcd7492-b10-L-ok-a1,c1v1-measured-etcd7492-b10-L-ok-a2 c1v1-measured-etcd7492-b10-L-ok-a3,PASS,,,,0,0.448,0.001698,
etcd7492,10,B,c1v1-etcd7492-b10,L,V_bad,P3-retain,ACCEPT,,P3 decision; flag accept after failure,1,c1v1-measured-etcd7492-b10-L-bad-a1,c1v1-measured-etcd7492-b10-L-bad-a2 c1v1-measured-etcd7492-b10-L-bad-a3,PASS,0,0,0,,0.535,0.001751,
etcd7492,10,B,c1v1-etcd7492-b10,L,V_ok,P3-retain,ACCEPT,,P3 decision; flag accept after failure,1,c1v1-measured-etcd7492-b10-L-ok-a1,c1v1-measured-etcd7492-b10-L-ok-a2 c1v1-measured-etcd7492-b10-L-ok-a3,PASS,,,,0,0.448,0.001698,
grpc1859,1,A,c1v1-grpc1859-b01,R,V_bad,P1,ACCEPT,,first attempt only,1,c1v1-measured-grpc1859-b01-R-bad-a1,c1v1-measured-grpc1859-b01-R-bad-a2 c1v1-measured-grpc1859-b01-R-bad-a3,PASS,0,0,0,,0.546,0.014124,
grpc1859,1,A,c1v1-grpc1859-b01,R,V_ok,P1,ACCEPT,,first attempt only,1,c1v1-measured-grpc1859-b01-R-ok-a1,c1v1-measured-grpc1859-b01-R-ok-a2 c1v1-measured-grpc1859-b01-R-ok-a3,PASS,,,,0,0.605,0.014398,
grpc1859,1,A,c1v1-grpc1859-b01,R,V_bad,P3,ACCEPT,,"accept on first zero, block after 3 nonzero",1,c1v1-measured-grpc1859-b01-R-bad-a1,c1v1-measured-grpc1859-b01-R-bad-a2 c1v1-measured-grpc1859-b01-R-bad-a3,PASS,0,0,0,,0.546,0.014124,
grpc1859,1,A,c1v1-grpc1859-b01,R,V_ok,P3,ACCEPT,,"accept on first zero, block after 3 nonzero",1,c1v1-measured-grpc1859-b01-R-ok-a1,c1v1-measured-grpc1859-b01-R-ok-a2 c1v1-measured-grpc1859-b01-R-ok-a3,PASS,,,,0,0.605,0.014398,
grpc1859,1,A,c1v1-grpc1859-b01,R,V_bad,P3-retain,ACCEPT,,P3 decision; flag accept after failure,1,c1v1-measured-grpc1859-b01-R-bad-a1,c1v1-measured-grpc1859-b01-R-bad-a2 c1v1-measured-grpc1859-b01-R-bad-a3,PASS,0,0,0,,0.546,0.014124,
grpc1859,1,A,c1v1-grpc1859-b01,R,V_ok,P3-retain,ACCEPT,,P3 decision; flag accept after failure,1,c1v1-measured-grpc1859-b01-R-ok-a1,c1v1-measured-grpc1859-b01-R-ok-a2 c1v1-measured-grpc1859-b01-R-ok-a3,PASS,,,,0,0.605,0.014398,
grpc1859,1,A,c1v1-grpc1859-b01,L,V_bad,P1,ACCEPT,,first attempt only,1,c1v1-measured-grpc1859-b01-L-bad-a1,c1v1-measured-grpc1859-b01-L-bad-a2 c1v1-measured-grpc1859-b01-L-bad-a3,PASS,0,0,0,,0.661,0.001825,
grpc1859,1,A,c1v1-grpc1859-b01,L,V_ok,P1,ACCEPT,,first attempt only,1,c1v1-measured-grpc1859-b01-L-ok-a1,c1v1-measured-grpc1859-b01-L-ok-a2 c1v1-measured-grpc1859-b01-L-ok-a3,PASS,,,,0,0.717,0.001823,
grpc1859,1,A,c1v1-grpc1859-b01,L,V_bad,P3,ACCEPT,,"accept on first zero, block after 3 nonzero",1,c1v1-measured-grpc1859-b01-L-bad-a1,c1v1-measured-grpc1859-b01-L-bad-a2 c1v1-measured-grpc1859-b01-L-bad-a3,PASS,0,0,0,,0.661,0.001825,
grpc1859,1,A,c1v1-grpc1859-b01,L,V_ok,P3,ACCEPT,,"accept on first zero, block after 3 nonzero",1,c1v1-measured-grpc1859-b01-L-ok-a1,c1v1-measured-grpc1859-b01-L-ok-a2 c1v1-measured-grpc1859-b01-L-ok-a3,PASS,,,,0,0.717,0.001823,
grpc1859,1,A,c1v1-grpc1859-b01,L,V_bad,P3-retain,ACCEPT,,P3 decision; flag accept after failure,1,c1v1-measured-grpc1859-b01-L-bad-a1,c1v1-measured-grpc1859-b01-L-bad-a2 c1v1-measured-grpc1859-b01-L-bad-a3,PASS,0,0,0,,0.661,0.001825,
grpc1859,1,A,c1v1-grpc1859-b01,L,V_ok,P3-retain,ACCEPT,,P3 decision; flag accept after failure,1,c1v1-measured-grpc1859-b01-L-ok-a1,c1v1-measured-grpc1859-b01-L-ok-a2 c1v1-measured-grpc1859-b01-L-ok-a3,PASS,,,,0,0.717,0.001823,
grpc1859,2,A,c1v1-grpc1859-b02,R,V_bad,P1,ACCEPT,,first attempt only,1,c1v1-measured-grpc1859-b02-R-bad-a1,c1v1-measured-grpc1859-b02-R-bad-a2 c1v1-measured-grpc1859-b02-R-bad-a3,PASS,0,0,0,,0.575,0.014171,
grpc1859,2,A,c1v1-grpc1859-b02,R,V_ok,P1,ACCEPT,,first attempt only,1,c1v1-measured-grpc1859-b02-R-ok-a1,c1v1-measured-grpc1859-b02-R-ok-a2 c1v1-measured-grpc1859-b02-R-ok-a3,PASS,,,,0,0.614,0.014361,
grpc1859,2,A,c1v1-grpc1859-b02,R,V_bad,P3,ACCEPT,,"accept on first zero, block after 3 nonzero",1,c1v1-measured-grpc1859-b02-R-bad-a1,c1v1-measured-grpc1859-b02-R-bad-a2 c1v1-measured-grpc1859-b02-R-bad-a3,PASS,0,0,0,,0.575,0.014171,
grpc1859,2,A,c1v1-grpc1859-b02,R,V_ok,P3,ACCEPT,,"accept on first zero, block after 3 nonzero",1,c1v1-measured-grpc1859-b02-R-ok-a1,c1v1-measured-grpc1859-b02-R-ok-a2 c1v1-measured-grpc1859-b02-R-ok-a3,PASS,,,,0,0.614,0.014361,
grpc1859,2,A,c1v1-grpc1859-b02,R,V_bad,P3-retain,ACCEPT,,P3 decision; flag accept after failure,1,c1v1-measured-grpc1859-b02-R-bad-a1,c1v1-measured-grpc1859-b02-R-bad-a2 c1v1-measured-grpc1859-b02-R-bad-a3,PASS,0,0,0,,0.575,0.014171,
grpc1859,2,A,c1v1-grpc1859-b02,R,V_ok,P3-retain,ACCEPT,,P3 decision; flag accept after failure,1,c1v1-measured-grpc1859-b02-R-ok-a1,c1v1-measured-grpc1859-b02-R-ok-a2 c1v1-measured-grpc1859-b02-R-ok-a3,PASS,,,,0,0.614,0.014361,
grpc1859,2,A,c1v1-grpc1859-b02,L,V_bad,P1,ACCEPT,,first attempt only,1,c1v1-measured-grpc1859-b02-L-bad-a1,c1v1-measured-grpc1859-b02-L-bad-a2 c1v1-measured-grpc1859-b02-L-bad-a3,PASS,0,0,0,,0.645,0.001818,
grpc1859,2,A,c1v1-grpc1859-b02,L,V_ok,P1,ACCEPT,,first attempt only,1,c1v1-measured-grpc1859-b02-L-ok-a1,c1v1-measured-grpc1859-b02-L-ok-a2 c1v1-measured-grpc1859-b02-L-ok-a3,PASS,,,,0,0.65,0.001818,
grpc1859,2,A,c1v1-grpc1859-b02,L,V_bad,P3,ACCEPT,,"accept on first zero, block after 3 nonzero",1,c1v1-measured-grpc1859-b02-L-bad-a1,c1v1-measured-grpc1859-b02-L-bad-a2 c1v1-measured-grpc1859-b02-L-bad-a3,PASS,0,0,0,,0.645,0.001818,
grpc1859,2,A,c1v1-grpc1859-b02,L,V_ok,P3,ACCEPT,,"accept on first zero, block after 3 nonzero",1,c1v1-measured-grpc1859-b02-L-ok-a1,c1v1-measured-grpc1859-b02-L-ok-a2 c1v1-measured-grpc1859-b02-L-ok-a3,PASS,,,,0,0.65,0.001818,
grpc1859,2,A,c1v1-grpc1859-b02,L,V_bad,P3-retain,ACCEPT,,P3 decision; flag accept after failure,1,c1v1-measured-grpc1859-b02-L-bad-a1,c1v1-measured-grpc1859-b02-L-bad-a2 c1v1-measured-grpc1859-b02-L-bad-a3,PASS,0,0,0,,0.645,0.001818,
grpc1859,2,A,c1v1-grpc1859-b02,L,V_ok,P3-retain,ACCEPT,,P3 decision; flag accept after failure,1,c1v1-measured-grpc1859-b02-L-ok-a1,c1v1-measured-grpc1859-b02-L-ok-a2 c1v1-measured-grpc1859-b02-L-ok-a3,PASS,,,,0,0.65,0.001818,
grpc1859,3,A,c1v1-grpc1859-b03,R,V_bad,P1,ACCEPT,,first attempt only,1,c1v1-measured-grpc1859-b03-R-bad-a1,c1v1-measured-grpc1859-b03-R-bad-a2 c1v1-measured-grpc1859-b03-R-bad-a3,PASS,0,0,0,,0.581,0.014279,
grpc1859,3,A,c1v1-grpc1859-b03,R,V_ok,P1,ACCEPT,,first attempt only,1,c1v1-measured-grpc1859-b03-R-ok-a1,c1v1-measured-grpc1859-b03-R-ok-a2 c1v1-measured-grpc1859-b03-R-ok-a3,PASS,,,,0,0.544,0.014067,
grpc1859,3,A,c1v1-grpc1859-b03,R,V_bad,P3,ACCEPT,,"accept on first zero, block after 3 nonzero",1,c1v1-measured-grpc1859-b03-R-bad-a1,c1v1-measured-grpc1859-b03-R-bad-a2 c1v1-measured-grpc1859-b03-R-bad-a3,PASS,0,0,0,,0.581,0.014279,
grpc1859,3,A,c1v1-grpc1859-b03,R,V_ok,P3,ACCEPT,,"accept on first zero, block after 3 nonzero",1,c1v1-measured-grpc1859-b03-R-ok-a1,c1v1-measured-grpc1859-b03-R-ok-a2 c1v1-measured-grpc1859-b03-R-ok-a3,PASS,,,,0,0.544,0.014067,
grpc1859,3,A,c1v1-grpc1859-b03,R,V_bad,P3-retain,ACCEPT,,P3 decision; flag accept after failure,1,c1v1-measured-grpc1859-b03-R-bad-a1,c1v1-measured-grpc1859-b03-R-bad-a2 c1v1-measured-grpc1859-b03-R-bad-a3,PASS,0,0,0,,0.581,0.014279,
grpc1859,3,A,c1v1-grpc1859-b03,R,V_ok,P3-retain,ACCEPT,,P3 decision; flag accept after failure,1,c1v1-measured-grpc1859-b03-R-ok-a1,c1v1-measured-grpc1859-b03-R-ok-a2 c1v1-measured-grpc1859-b03-R-ok-a3,PASS,,,,0,0.544,0.014067,
grpc1859,3,A,c1v1-grpc1859-b03,L,V_bad,P1,ACCEPT,,first attempt only,1,c1v1-measured-grpc1859-b03-L-bad-a1,c1v1-measured-grpc1859-b03-L-bad-a2 c1v1-measured-grpc1859-b03-L-bad-a3,PASS,0,0,0,,0.644,0.001822,
grpc1859,3,A,c1v1-grpc1859-b03,L,V_ok,P1,ACCEPT,,first attempt only,1,c1v1-measured-grpc1859-b03-L-ok-a1,c1v1-measured-grpc1859-b03-L-ok-a2 c1v1-measured-grpc1859-b03-L-ok-a3,PASS,,,,0,0.576,0.001773,
grpc1859,3,A,c1v1-grpc1859-b03,L,V_bad,P3,ACCEPT,,"accept on first zero, block after 3 nonzero",1,c1v1-measured-grpc1859-b03-L-bad-a1,c1v1-measured-grpc1859-b03-L-bad-a2 c1v1-measured-grpc1859-b03-L-bad-a3,PASS,0,0,0,,0.644,0.001822,
grpc1859,3,A,c1v1-grpc1859-b03,L,V_ok,P3,ACCEPT,,"accept on first zero, block after 3 nonzero",1,c1v1-measured-grpc1859-b03-L-ok-a1,c1v1-measured-grpc1859-b03-L-ok-a2 c1v1-measured-grpc1859-b03-L-ok-a3,PASS,,,,0,0.576,0.001773,
grpc1859,3,A,c1v1-grpc1859-b03,L,V_bad,P3-retain,ACCEPT,,P3 decision; flag accept after failure,1,c1v1-measured-grpc1859-b03-L-bad-a1,c1v1-measured-grpc1859-b03-L-bad-a2 c1v1-measured-grpc1859-b03-L-bad-a3,PASS,0,0,0,,0.644,0.001822,
grpc1859,3,A,c1v1-grpc1859-b03,L,V_ok,P3-retain,ACCEPT,,P3 decision; flag accept after failure,1,c1v1-measured-grpc1859-b03-L-ok-a1,c1v1-measured-grpc1859-b03-L-ok-a2 c1v1-measured-grpc1859-b03-L-ok-a3,PASS,,,,0,0.576,0.001773,
grpc1859,4,A,c1v1-grpc1859-b04,R,V_bad,P1,ACCEPT,,first attempt only,1,c1v1-measured-grpc1859-b04-R-bad-a1,c1v1-measured-grpc1859-b04-R-bad-a2 c1v1-measured-grpc1859-b04-R-bad-a3,PASS,0,0,0,,0.625,0.014548,
grpc1859,4,A,c1v1-grpc1859-b04,R,V_ok,P1,ACCEPT,,first attempt only,1,c1v1-measured-grpc1859-b04-R-ok-a1,c1v1-measured-grpc1859-b04-R-ok-a2 c1v1-measured-grpc1859-b04-R-ok-a3,PASS,,,,0,0.578,0.014274,
grpc1859,4,A,c1v1-grpc1859-b04,R,V_bad,P3,ACCEPT,,"accept on first zero, block after 3 nonzero",1,c1v1-measured-grpc1859-b04-R-bad-a1,c1v1-measured-grpc1859-b04-R-bad-a2 c1v1-measured-grpc1859-b04-R-bad-a3,PASS,0,0,0,,0.625,0.014548,
grpc1859,4,A,c1v1-grpc1859-b04,R,V_ok,P3,ACCEPT,,"accept on first zero, block after 3 nonzero",1,c1v1-measured-grpc1859-b04-R-ok-a1,c1v1-measured-grpc1859-b04-R-ok-a2 c1v1-measured-grpc1859-b04-R-ok-a3,PASS,,,,0,0.578,0.014274,
grpc1859,4,A,c1v1-grpc1859-b04,R,V_bad,P3-retain,ACCEPT,,P3 decision; flag accept after failure,1,c1v1-measured-grpc1859-b04-R-bad-a1,c1v1-measured-grpc1859-b04-R-bad-a2 c1v1-measured-grpc1859-b04-R-bad-a3,PASS,0,0,0,,0.625,0.014548,
grpc1859,4,A,c1v1-grpc1859-b04,R,V_ok,P3-retain,ACCEPT,,P3 decision; flag accept after failure,1,c1v1-measured-grpc1859-b04-R-ok-a1,c1v1-measured-grpc1859-b04-R-ok-a2 c1v1-measured-grpc1859-b04-R-ok-a3,PASS,,,,0,0.578,0.014274,
grpc1859,4,A,c1v1-grpc1859-b04,L,V_bad,P1,ACCEPT,,first attempt only,1,c1v1-measured-grpc1859-b04-L-bad-a1,c1v1-measured-grpc1859-b04-L-bad-a2 c1v1-measured-grpc1859-b04-L-bad-a3,PASS,0,0,0,,0.575,0.001791,
grpc1859,4,A,c1v1-grpc1859-b04,L,V_ok,P1,ACCEPT,,first attempt only,1,c1v1-measured-grpc1859-b04-L-ok-a1,c1v1-measured-grpc1859-b04-L-ok-a2 c1v1-measured-grpc1859-b04-L-ok-a3,PASS,,,,0,0.671,0.001791,
grpc1859,4,A,c1v1-grpc1859-b04,L,V_bad,P3,ACCEPT,,"accept on first zero, block after 3 nonzero",1,c1v1-measured-grpc1859-b04-L-bad-a1,c1v1-measured-grpc1859-b04-L-bad-a2 c1v1-measured-grpc1859-b04-L-bad-a3,PASS,0,0,0,,0.575,0.001791,
grpc1859,4,A,c1v1-grpc1859-b04,L,V_ok,P3,ACCEPT,,"accept on first zero, block after 3 nonzero",1,c1v1-measured-grpc1859-b04-L-ok-a1,c1v1-measured-grpc1859-b04-L-ok-a2 c1v1-measured-grpc1859-b04-L-ok-a3,PASS,,,,0,0.671,0.001791,
grpc1859,4,A,c1v1-grpc1859-b04,L,V_bad,P3-retain,ACCEPT,,P3 decision; flag accept after failure,1,c1v1-measured-grpc1859-b04-L-bad-a1,c1v1-measured-grpc1859-b04-L-bad-a2 c1v1-measured-grpc1859-b04-L-bad-a3,PASS,0,0,0,,0.575,0.001791,
grpc1859,4,A,c1v1-grpc1859-b04,L,V_ok,P3-retain,ACCEPT,,P3 decision; flag accept after failure,1,c1v1-measured-grpc1859-b04-L-ok-a1,c1v1-measured-grpc1859-b04-L-ok-a2 c1v1-measured-grpc1859-b04-L-ok-a3,PASS,,,,0,0.671,0.001791,
grpc1859,5,A,c1v1-grpc1859-b05,R,V_bad,P1,ACCEPT,,first attempt only,1,c1v1-measured-grpc1859-b05-R-bad-a1,c1v1-measured-grpc1859-b05-R-bad-a2 c1v1-measured-grpc1859-b05-R-bad-a3,PASS,0,0,0,,0.601,0.014319,
grpc1859,5,A,c1v1-grpc1859-b05,R,V_ok,P1,ACCEPT,,first attempt only,1,c1v1-measured-grpc1859-b05-R-ok-a1,c1v1-measured-grpc1859-b05-R-ok-a2 c1v1-measured-grpc1859-b05-R-ok-a3,PASS,,,,0,0.649,0.014501,
grpc1859,5,A,c1v1-grpc1859-b05,R,V_bad,P3,ACCEPT,,"accept on first zero, block after 3 nonzero",1,c1v1-measured-grpc1859-b05-R-bad-a1,c1v1-measured-grpc1859-b05-R-bad-a2 c1v1-measured-grpc1859-b05-R-bad-a3,PASS,0,0,0,,0.601,0.014319,
grpc1859,5,A,c1v1-grpc1859-b05,R,V_ok,P3,ACCEPT,,"accept on first zero, block after 3 nonzero",1,c1v1-measured-grpc1859-b05-R-ok-a1,c1v1-measured-grpc1859-b05-R-ok-a2 c1v1-measured-grpc1859-b05-R-ok-a3,PASS,,,,0,0.649,0.014501,
grpc1859,5,A,c1v1-grpc1859-b05,R,V_bad,P3-retain,ACCEPT,,P3 decision; flag accept after failure,1,c1v1-measured-grpc1859-b05-R-bad-a1,c1v1-measured-grpc1859-b05-R-bad-a2 c1v1-measured-grpc1859-b05-R-bad-a3,PASS,0,0,0,,0.601,0.014319,
grpc1859,5,A,c1v1-grpc1859-b05,R,V_ok,P3-retain,ACCEPT,,P3 decision; flag accept after failure,1,c1v1-measured-grpc1859-b05-R-ok-a1,c1v1-measured-grpc1859-b05-R-ok-a2 c1v1-measured-grpc1859-b05-R-ok-a3,PASS,,,,0,0.649,0.014501,
grpc1859,5,A,c1v1-grpc1859-b05,L,V_bad,P1,ACCEPT,,first attempt only,1,c1v1-measured-grpc1859-b05-L-bad-a1,c1v1-measured-grpc1859-b05-L-bad-a2 c1v1-measured-grpc1859-b05-L-bad-a3,PASS,0,0,0,,0.678,0.001834,
grpc1859,5,A,c1v1-grpc1859-b05,L,V_ok,P1,ACCEPT,,first attempt only,1,c1v1-measured-grpc1859-b05-L-ok-a1,c1v1-measured-grpc1859-b05-L-ok-a2 c1v1-measured-grpc1859-b05-L-ok-a3,PASS,,,,0,0.613,0.001792,
grpc1859,5,A,c1v1-grpc1859-b05,L,V_bad,P3,ACCEPT,,"accept on first zero, block after 3 nonzero",1,c1v1-measured-grpc1859-b05-L-bad-a1,c1v1-measured-grpc1859-b05-L-bad-a2 c1v1-measured-grpc1859-b05-L-bad-a3,PASS,0,0,0,,0.678,0.001834,
grpc1859,5,A,c1v1-grpc1859-b05,L,V_ok,P3,ACCEPT,,"accept on first zero, block after 3 nonzero",1,c1v1-measured-grpc1859-b05-L-ok-a1,c1v1-measured-grpc1859-b05-L-ok-a2 c1v1-measured-grpc1859-b05-L-ok-a3,PASS,,,,0,0.613,0.001792,
grpc1859,5,A,c1v1-grpc1859-b05,L,V_bad,P3-retain,ACCEPT,,P3 decision; flag accept after failure,1,c1v1-measured-grpc1859-b05-L-bad-a1,c1v1-measured-grpc1859-b05-L-bad-a2 c1v1-measured-grpc1859-b05-L-bad-a3,PASS,0,0,0,,0.678,0.001834,
grpc1859,5,A,c1v1-grpc1859-b05,L,V_ok,P3-retain,ACCEPT,,P3 decision; flag accept after failure,1,c1v1-measured-grpc1859-b05-L-ok-a1,c1v1-measured-grpc1859-b05-L-ok-a2 c1v1-measured-grpc1859-b05-L-ok-a3,PASS,,,,0,0.613,0.001792,
grpc1859,6,B,c1v1-grpc1859-b06,R,V_bad,P1,ACCEPT,,first attempt only,1,c1v1-measured-grpc1859-b06-R-bad-a1,c1v1-measured-grpc1859-b06-R-bad-a2 c1v1-measured-grpc1859-b06-R-bad-a3,PASS,0,0,0,,0.674,0.014723,
grpc1859,6,B,c1v1-grpc1859-b06,R,V_ok,P1,ACCEPT,,first attempt only,1,c1v1-measured-grpc1859-b06-R-ok-a1,c1v1-measured-grpc1859-b06-R-ok-a2 c1v1-measured-grpc1859-b06-R-ok-a3,PASS,,,,0,0.614,0.0141,
grpc1859,6,B,c1v1-grpc1859-b06,R,V_bad,P3,ACCEPT,,"accept on first zero, block after 3 nonzero",1,c1v1-measured-grpc1859-b06-R-bad-a1,c1v1-measured-grpc1859-b06-R-bad-a2 c1v1-measured-grpc1859-b06-R-bad-a3,PASS,0,0,0,,0.674,0.014723,
grpc1859,6,B,c1v1-grpc1859-b06,R,V_ok,P3,ACCEPT,,"accept on first zero, block after 3 nonzero",1,c1v1-measured-grpc1859-b06-R-ok-a1,c1v1-measured-grpc1859-b06-R-ok-a2 c1v1-measured-grpc1859-b06-R-ok-a3,PASS,,,,0,0.614,0.0141,
grpc1859,6,B,c1v1-grpc1859-b06,R,V_bad,P3-retain,ACCEPT,,P3 decision; flag accept after failure,1,c1v1-measured-grpc1859-b06-R-bad-a1,c1v1-measured-grpc1859-b06-R-bad-a2 c1v1-measured-grpc1859-b06-R-bad-a3,PASS,0,0,0,,0.674,0.014723,
grpc1859,6,B,c1v1-grpc1859-b06,R,V_ok,P3-retain,ACCEPT,,P3 decision; flag accept after failure,1,c1v1-measured-grpc1859-b06-R-ok-a1,c1v1-measured-grpc1859-b06-R-ok-a2 c1v1-measured-grpc1859-b06-R-ok-a3,PASS,,,,0,0.614,0.0141,
grpc1859,6,B,c1v1-grpc1859-b06,L,V_bad,P1,ACCEPT,,first attempt only,1,c1v1-measured-grpc1859-b06-L-bad-a1,c1v1-measured-grpc1859-b06-L-bad-a2 c1v1-measured-grpc1859-b06-L-bad-a3,PASS,0,0,0,,0.653,0.001818,
grpc1859,6,B,c1v1-grpc1859-b06,L,V_ok,P1,ACCEPT,,first attempt only,1,c1v1-measured-grpc1859-b06-L-ok-a1,c1v1-measured-grpc1859-b06-L-ok-a2 c1v1-measured-grpc1859-b06-L-ok-a3,PASS,,,,0,0.648,0.001814,
grpc1859,6,B,c1v1-grpc1859-b06,L,V_bad,P3,ACCEPT,,"accept on first zero, block after 3 nonzero",1,c1v1-measured-grpc1859-b06-L-bad-a1,c1v1-measured-grpc1859-b06-L-bad-a2 c1v1-measured-grpc1859-b06-L-bad-a3,PASS,0,0,0,,0.653,0.001818,
grpc1859,6,B,c1v1-grpc1859-b06,L,V_ok,P3,ACCEPT,,"accept on first zero, block after 3 nonzero",1,c1v1-measured-grpc1859-b06-L-ok-a1,c1v1-measured-grpc1859-b06-L-ok-a2 c1v1-measured-grpc1859-b06-L-ok-a3,PASS,,,,0,0.648,0.001814,
grpc1859,6,B,c1v1-grpc1859-b06,L,V_bad,P3-retain,ACCEPT,,P3 decision; flag accept after failure,1,c1v1-measured-grpc1859-b06-L-bad-a1,c1v1-measured-grpc1859-b06-L-bad-a2 c1v1-measured-grpc1859-b06-L-bad-a3,PASS,0,0,0,,0.653,0.001818,
grpc1859,6,B,c1v1-grpc1859-b06,L,V_ok,P3-retain,ACCEPT,,P3 decision; flag accept after failure,1,c1v1-measured-grpc1859-b06-L-ok-a1,c1v1-measured-grpc1859-b06-L-ok-a2 c1v1-measured-grpc1859-b06-L-ok-a3,PASS,,,,0,0.648,0.001814,
grpc1859,7,B,c1v1-grpc1859-b07,R,V_bad,P1,ACCEPT,,first attempt only,1,c1v1-measured-grpc1859-b07-R-bad-a1,c1v1-measured-grpc1859-b07-R-bad-a2 c1v1-measured-grpc1859-b07-R-bad-a3,PASS,0,0,0,,0.624,0.014511,
grpc1859,7,B,c1v1-grpc1859-b07,R,V_ok,P1,ACCEPT,,first attempt only,1,c1v1-measured-grpc1859-b07-R-ok-a1,c1v1-measured-grpc1859-b07-R-ok-a2 c1v1-measured-grpc1859-b07-R-ok-a3,PASS,,,,0,0.587,0.014347,
grpc1859,7,B,c1v1-grpc1859-b07,R,V_bad,P3,ACCEPT,,"accept on first zero, block after 3 nonzero",1,c1v1-measured-grpc1859-b07-R-bad-a1,c1v1-measured-grpc1859-b07-R-bad-a2 c1v1-measured-grpc1859-b07-R-bad-a3,PASS,0,0,0,,0.624,0.014511,
grpc1859,7,B,c1v1-grpc1859-b07,R,V_ok,P3,ACCEPT,,"accept on first zero, block after 3 nonzero",1,c1v1-measured-grpc1859-b07-R-ok-a1,c1v1-measured-grpc1859-b07-R-ok-a2 c1v1-measured-grpc1859-b07-R-ok-a3,PASS,,,,0,0.587,0.014347,
grpc1859,7,B,c1v1-grpc1859-b07,R,V_bad,P3-retain,ACCEPT,,P3 decision; flag accept after failure,1,c1v1-measured-grpc1859-b07-R-bad-a1,c1v1-measured-grpc1859-b07-R-bad-a2 c1v1-measured-grpc1859-b07-R-bad-a3,PASS,0,0,0,,0.624,0.014511,
grpc1859,7,B,c1v1-grpc1859-b07,R,V_ok,P3-retain,ACCEPT,,P3 decision; flag accept after failure,1,c1v1-measured-grpc1859-b07-R-ok-a1,c1v1-measured-grpc1859-b07-R-ok-a2 c1v1-measured-grpc1859-b07-R-ok-a3,PASS,,,,0,0.587,0.014347,
grpc1859,7,B,c1v1-grpc1859-b07,L,V_bad,P1,ACCEPT,,first attempt only,1,c1v1-measured-grpc1859-b07-L-bad-a1,c1v1-measured-grpc1859-b07-L-bad-a2 c1v1-measured-grpc1859-b07-L-bad-a3,PASS,0,0,0,,0.578,0.001777,
grpc1859,7,B,c1v1-grpc1859-b07,L,V_ok,P1,ACCEPT,,first attempt only,1,c1v1-measured-grpc1859-b07-L-ok-a1,c1v1-measured-grpc1859-b07-L-ok-a2 c1v1-measured-grpc1859-b07-L-ok-a3,PASS,,,,0,0.752,0.001877,
grpc1859,7,B,c1v1-grpc1859-b07,L,V_bad,P3,ACCEPT,,"accept on first zero, block after 3 nonzero",1,c1v1-measured-grpc1859-b07-L-bad-a1,c1v1-measured-grpc1859-b07-L-bad-a2 c1v1-measured-grpc1859-b07-L-bad-a3,PASS,0,0,0,,0.578,0.001777,
grpc1859,7,B,c1v1-grpc1859-b07,L,V_ok,P3,ACCEPT,,"accept on first zero, block after 3 nonzero",1,c1v1-measured-grpc1859-b07-L-ok-a1,c1v1-measured-grpc1859-b07-L-ok-a2 c1v1-measured-grpc1859-b07-L-ok-a3,PASS,,,,0,0.752,0.001877,
grpc1859,7,B,c1v1-grpc1859-b07,L,V_bad,P3-retain,ACCEPT,,P3 decision; flag accept after failure,1,c1v1-measured-grpc1859-b07-L-bad-a1,c1v1-measured-grpc1859-b07-L-bad-a2 c1v1-measured-grpc1859-b07-L-bad-a3,PASS,0,0,0,,0.578,0.001777,
grpc1859,7,B,c1v1-grpc1859-b07,L,V_ok,P3-retain,ACCEPT,,P3 decision; flag accept after failure,1,c1v1-measured-grpc1859-b07-L-ok-a1,c1v1-measured-grpc1859-b07-L-ok-a2 c1v1-measured-grpc1859-b07-L-ok-a3,PASS,,,,0,0.752,0.001877,
grpc1859,8,B,c1v1-grpc1859-b08,R,V_bad,P1,BLOCK,,first attempt only,1,c1v1-measured-grpc1859-b08-R-bad-a1,c1v1-measured-grpc1859-b08-R-bad-a2 c1v1-measured-grpc1859-b08-R-bad-a3,FOCAL_DEFECT_WITNESS,1,1,0,,10.559,0.057906,
grpc1859,8,B,c1v1-grpc1859-b08,R,V_ok,P1,ACCEPT,,first attempt only,1,c1v1-measured-grpc1859-b08-R-ok-a1,c1v1-measured-grpc1859-b08-R-ok-a2 c1v1-measured-grpc1859-b08-R-ok-a3,PASS,,,,0,0.616,0.014318,
grpc1859,8,B,c1v1-grpc1859-b08,R,V_bad,P3,ACCEPT,,"accept on first zero, block after 3 nonzero",2,c1v1-measured-grpc1859-b08-R-bad-a1 c1v1-measured-grpc1859-b08-R-bad-a2,c1v1-measured-grpc1859-b08-R-bad-a3,FOCAL_DEFECT_WITNESS | PASS,0,1,1,,11.183,0.072314,
grpc1859,8,B,c1v1-grpc1859-b08,R,V_ok,P3,ACCEPT,,"accept on first zero, block after 3 nonzero",1,c1v1-measured-grpc1859-b08-R-ok-a1,c1v1-measured-grpc1859-b08-R-ok-a2 c1v1-measured-grpc1859-b08-R-ok-a3,PASS,,,,0,0.616,0.014318,
grpc1859,8,B,c1v1-grpc1859-b08,R,V_bad,P3-retain,ACCEPT,ACCEPT_WITH_PRIOR_FAILURE,P3 decision; flag accept after failure,2,c1v1-measured-grpc1859-b08-R-bad-a1 c1v1-measured-grpc1859-b08-R-bad-a2,c1v1-measured-grpc1859-b08-R-bad-a3,FOCAL_DEFECT_WITNESS | PASS,0,1,1,,11.183,0.072314,
grpc1859,8,B,c1v1-grpc1859-b08,R,V_ok,P3-retain,ACCEPT,,P3 decision; flag accept after failure,1,c1v1-measured-grpc1859-b08-R-ok-a1,c1v1-measured-grpc1859-b08-R-ok-a2 c1v1-measured-grpc1859-b08-R-ok-a3,PASS,,,,0,0.616,0.014318,
grpc1859,8,B,c1v1-grpc1859-b08,L,V_bad,P1,ACCEPT,,first attempt only,1,c1v1-measured-grpc1859-b08-L-bad-a1,c1v1-measured-grpc1859-b08-L-bad-a2 c1v1-measured-grpc1859-b08-L-bad-a3,PASS,0,0,0,,0.743,0.001873,
grpc1859,8,B,c1v1-grpc1859-b08,L,V_ok,P1,ACCEPT,,first attempt only,1,c1v1-measured-grpc1859-b08-L-ok-a1,c1v1-measured-grpc1859-b08-L-ok-a2 c1v1-measured-grpc1859-b08-L-ok-a3,PASS,,,,0,0.625,0.001806,
grpc1859,8,B,c1v1-grpc1859-b08,L,V_bad,P3,ACCEPT,,"accept on first zero, block after 3 nonzero",1,c1v1-measured-grpc1859-b08-L-bad-a1,c1v1-measured-grpc1859-b08-L-bad-a2 c1v1-measured-grpc1859-b08-L-bad-a3,PASS,0,0,0,,0.743,0.001873,
grpc1859,8,B,c1v1-grpc1859-b08,L,V_ok,P3,ACCEPT,,"accept on first zero, block after 3 nonzero",1,c1v1-measured-grpc1859-b08-L-ok-a1,c1v1-measured-grpc1859-b08-L-ok-a2 c1v1-measured-grpc1859-b08-L-ok-a3,PASS,,,,0,0.625,0.001806,
grpc1859,8,B,c1v1-grpc1859-b08,L,V_bad,P3-retain,ACCEPT,,P3 decision; flag accept after failure,1,c1v1-measured-grpc1859-b08-L-bad-a1,c1v1-measured-grpc1859-b08-L-bad-a2 c1v1-measured-grpc1859-b08-L-bad-a3,PASS,0,0,0,,0.743,0.001873,
grpc1859,8,B,c1v1-grpc1859-b08,L,V_ok,P3-retain,ACCEPT,,P3 decision; flag accept after failure,1,c1v1-measured-grpc1859-b08-L-ok-a1,c1v1-measured-grpc1859-b08-L-ok-a2 c1v1-measured-grpc1859-b08-L-ok-a3,PASS,,,,0,0.625,0.001806,
grpc1859,9,B,c1v1-grpc1859-b09,R,V_bad,P1,BLOCK,,first attempt only,1,c1v1-measured-grpc1859-b09-R-bad-a1,c1v1-measured-grpc1859-b09-R-bad-a2 c1v1-measured-grpc1859-b09-R-bad-a3,FOCAL_DEFECT_WITNESS,1,1,0,,10.524,0.05749,
grpc1859,9,B,c1v1-grpc1859-b09,R,V_ok,P1,ACCEPT,,first attempt only,1,c1v1-measured-grpc1859-b09-R-ok-a1,c1v1-measured-grpc1859-b09-R-ok-a2 c1v1-measured-grpc1859-b09-R-ok-a3,PASS,,,,0,0.581,0.014198,
grpc1859,9,B,c1v1-grpc1859-b09,R,V_bad,P3,ACCEPT,,"accept on first zero, block after 3 nonzero",2,c1v1-measured-grpc1859-b09-R-bad-a1 c1v1-measured-grpc1859-b09-R-bad-a2,c1v1-measured-grpc1859-b09-R-bad-a3,FOCAL_DEFECT_WITNESS | PASS,0,1,1,,11.192,0.072121,
grpc1859,9,B,c1v1-grpc1859-b09,R,V_ok,P3,ACCEPT,,"accept on first zero, block after 3 nonzero",1,c1v1-measured-grpc1859-b09-R-ok-a1,c1v1-measured-grpc1859-b09-R-ok-a2 c1v1-measured-grpc1859-b09-R-ok-a3,PASS,,,,0,0.581,0.014198,
grpc1859,9,B,c1v1-grpc1859-b09,R,V_bad,P3-retain,ACCEPT,ACCEPT_WITH_PRIOR_FAILURE,P3 decision; flag accept after failure,2,c1v1-measured-grpc1859-b09-R-bad-a1 c1v1-measured-grpc1859-b09-R-bad-a2,c1v1-measured-grpc1859-b09-R-bad-a3,FOCAL_DEFECT_WITNESS | PASS,0,1,1,,11.192,0.072121,
grpc1859,9,B,c1v1-grpc1859-b09,R,V_ok,P3-retain,ACCEPT,,P3 decision; flag accept after failure,1,c1v1-measured-grpc1859-b09-R-ok-a1,c1v1-measured-grpc1859-b09-R-ok-a2 c1v1-measured-grpc1859-b09-R-ok-a3,PASS,,,,0,0.581,0.014198,
grpc1859,9,B,c1v1-grpc1859-b09,L,V_bad,P1,ACCEPT,,first attempt only,1,c1v1-measured-grpc1859-b09-L-bad-a1,c1v1-measured-grpc1859-b09-L-bad-a2 c1v1-measured-grpc1859-b09-L-bad-a3,PASS,0,0,0,,0.712,0.001817,
grpc1859,9,B,c1v1-grpc1859-b09,L,V_ok,P1,ACCEPT,,first attempt only,1,c1v1-measured-grpc1859-b09-L-ok-a1,c1v1-measured-grpc1859-b09-L-ok-a2 c1v1-measured-grpc1859-b09-L-ok-a3,PASS,,,,0,0.763,0.001841,
grpc1859,9,B,c1v1-grpc1859-b09,L,V_bad,P3,ACCEPT,,"accept on first zero, block after 3 nonzero",1,c1v1-measured-grpc1859-b09-L-bad-a1,c1v1-measured-grpc1859-b09-L-bad-a2 c1v1-measured-grpc1859-b09-L-bad-a3,PASS,0,0,0,,0.712,0.001817,
grpc1859,9,B,c1v1-grpc1859-b09,L,V_ok,P3,ACCEPT,,"accept on first zero, block after 3 nonzero",1,c1v1-measured-grpc1859-b09-L-ok-a1,c1v1-measured-grpc1859-b09-L-ok-a2 c1v1-measured-grpc1859-b09-L-ok-a3,PASS,,,,0,0.763,0.001841,
grpc1859,9,B,c1v1-grpc1859-b09,L,V_bad,P3-retain,ACCEPT,,P3 decision; flag accept after failure,1,c1v1-measured-grpc1859-b09-L-bad-a1,c1v1-measured-grpc1859-b09-L-bad-a2 c1v1-measured-grpc1859-b09-L-bad-a3,PASS,0,0,0,,0.712,0.001817,
grpc1859,9,B,c1v1-grpc1859-b09,L,V_ok,P3-retain,ACCEPT,,P3 decision; flag accept after failure,1,c1v1-measured-grpc1859-b09-L-ok-a1,c1v1-measured-grpc1859-b09-L-ok-a2 c1v1-measured-grpc1859-b09-L-ok-a3,PASS,,,,0,0.763,0.001841,
grpc1859,10,B,c1v1-grpc1859-b10,R,V_bad,P1,ACCEPT,,first attempt only,1,c1v1-measured-grpc1859-b10-R-bad-a1,c1v1-measured-grpc1859-b10-R-bad-a2 c1v1-measured-grpc1859-b10-R-bad-a3,PASS,0,0,0,,0.661,0.014598,
grpc1859,10,B,c1v1-grpc1859-b10,R,V_ok,P1,ACCEPT,,first attempt only,1,c1v1-measured-grpc1859-b10-R-ok-a1,c1v1-measured-grpc1859-b10-R-ok-a2 c1v1-measured-grpc1859-b10-R-ok-a3,PASS,,,,0,0.598,0.014017,
grpc1859,10,B,c1v1-grpc1859-b10,R,V_bad,P3,ACCEPT,,"accept on first zero, block after 3 nonzero",1,c1v1-measured-grpc1859-b10-R-bad-a1,c1v1-measured-grpc1859-b10-R-bad-a2 c1v1-measured-grpc1859-b10-R-bad-a3,PASS,0,0,0,,0.661,0.014598,
grpc1859,10,B,c1v1-grpc1859-b10,R,V_ok,P3,ACCEPT,,"accept on first zero, block after 3 nonzero",1,c1v1-measured-grpc1859-b10-R-ok-a1,c1v1-measured-grpc1859-b10-R-ok-a2 c1v1-measured-grpc1859-b10-R-ok-a3,PASS,,,,0,0.598,0.014017,
grpc1859,10,B,c1v1-grpc1859-b10,R,V_bad,P3-retain,ACCEPT,,P3 decision; flag accept after failure,1,c1v1-measured-grpc1859-b10-R-bad-a1,c1v1-measured-grpc1859-b10-R-bad-a2 c1v1-measured-grpc1859-b10-R-bad-a3,PASS,0,0,0,,0.661,0.014598,
grpc1859,10,B,c1v1-grpc1859-b10,R,V_ok,P3-retain,ACCEPT,,P3 decision; flag accept after failure,1,c1v1-measured-grpc1859-b10-R-ok-a1,c1v1-measured-grpc1859-b10-R-ok-a2 c1v1-measured-grpc1859-b10-R-ok-a3,PASS,,,,0,0.598,0.014017,
grpc1859,10,B,c1v1-grpc1859-b10,L,V_bad,P1,ACCEPT,,first attempt only,1,c1v1-measured-grpc1859-b10-L-bad-a1,c1v1-measured-grpc1859-b10-L-bad-a2 c1v1-measured-grpc1859-b10-L-bad-a3,PASS,0,0,0,,0.592,0.001784,
grpc1859,10,B,c1v1-grpc1859-b10,L,V_ok,P1,ACCEPT,,first attempt only,1,c1v1-measured-grpc1859-b10-L-ok-a1,c1v1-measured-grpc1859-b10-L-ok-a2 c1v1-measured-grpc1859-b10-L-ok-a3,PASS,,,,0,0.739,0.001871,
grpc1859,10,B,c1v1-grpc1859-b10,L,V_bad,P3,ACCEPT,,"accept on first zero, block after 3 nonzero",1,c1v1-measured-grpc1859-b10-L-bad-a1,c1v1-measured-grpc1859-b10-L-bad-a2 c1v1-measured-grpc1859-b10-L-bad-a3,PASS,0,0,0,,0.592,0.001784,
grpc1859,10,B,c1v1-grpc1859-b10,L,V_ok,P3,ACCEPT,,"accept on first zero, block after 3 nonzero",1,c1v1-measured-grpc1859-b10-L-ok-a1,c1v1-measured-grpc1859-b10-L-ok-a2 c1v1-measured-grpc1859-b10-L-ok-a3,PASS,,,,0,0.739,0.001871,
grpc1859,10,B,c1v1-grpc1859-b10,L,V_bad,P3-retain,ACCEPT,,P3 decision; flag accept after failure,1,c1v1-measured-grpc1859-b10-L-bad-a1,c1v1-measured-grpc1859-b10-L-bad-a2 c1v1-measured-grpc1859-b10-L-bad-a3,PASS,0,0,0,,0.592,0.001784,
grpc1859,10,B,c1v1-grpc1859-b10,L,V_ok,P3-retain,ACCEPT,,P3 decision; flag accept after failure,1,c1v1-measured-grpc1859-b10-L-ok-a1,c1v1-measured-grpc1859-b10-L-ok-a2 c1v1-measured-grpc1859-b10-L-ok-a3,PASS,,,,0,0.739,0.001871,
grpc2391,1,A,c1v1-grpc2391-b01,R,V_bad,P1,BLOCK,,first attempt only,1,c1v1-measured-grpc2391-b01-R-bad-a1,c1v1-measured-grpc2391-b01-R-bad-a2 c1v1-measured-grpc2391-b01-R-bad-a3,FOCAL_DEFECT_WITNESS,1,1,0,,18.927,0.0958,
grpc2391,1,A,c1v1-grpc2391-b01,R,V_ok,P1,ACCEPT,,first attempt only,1,c1v1-measured-grpc2391-b01-R-ok-a1,c1v1-measured-grpc2391-b01-R-ok-a2 c1v1-measured-grpc2391-b01-R-ok-a3,PASS,,,,0,0.523,0.014003,
grpc2391,1,A,c1v1-grpc2391-b01,R,V_bad,P3,BLOCK,,"accept on first zero, block after 3 nonzero",3,c1v1-measured-grpc2391-b01-R-bad-a1 c1v1-measured-grpc2391-b01-R-bad-a2 c1v1-measured-grpc2391-b01-R-bad-a3,,FOCAL_DEFECT_WITNESS | FOCAL_DEFECT_WITNESS | FOCAL_DEFECT_WITNESS,1,1,0,,56.974,0.288259,
grpc2391,1,A,c1v1-grpc2391-b01,R,V_ok,P3,ACCEPT,,"accept on first zero, block after 3 nonzero",1,c1v1-measured-grpc2391-b01-R-ok-a1,c1v1-measured-grpc2391-b01-R-ok-a2 c1v1-measured-grpc2391-b01-R-ok-a3,PASS,,,,0,0.523,0.014003,
grpc2391,1,A,c1v1-grpc2391-b01,R,V_bad,P3-retain,BLOCK,,P3 decision; flag accept after failure,3,c1v1-measured-grpc2391-b01-R-bad-a1 c1v1-measured-grpc2391-b01-R-bad-a2 c1v1-measured-grpc2391-b01-R-bad-a3,,FOCAL_DEFECT_WITNESS | FOCAL_DEFECT_WITNESS | FOCAL_DEFECT_WITNESS,1,1,0,,56.974,0.288259,
grpc2391,1,A,c1v1-grpc2391-b01,R,V_ok,P3-retain,ACCEPT,,P3 decision; flag accept after failure,1,c1v1-measured-grpc2391-b01-R-ok-a1,c1v1-measured-grpc2391-b01-R-ok-a2 c1v1-measured-grpc2391-b01-R-ok-a3,PASS,,,,0,0.523,0.014003,
grpc2391,1,A,c1v1-grpc2391-b01,L,V_bad,P1,ACCEPT,,first attempt only,1,c1v1-measured-grpc2391-b01-L-bad-a1,c1v1-measured-grpc2391-b01-L-bad-a2 c1v1-measured-grpc2391-b01-L-bad-a3,PASS,0,0,0,,0.536,0.001757,
grpc2391,1,A,c1v1-grpc2391-b01,L,V_ok,P1,ACCEPT,,first attempt only,1,c1v1-measured-grpc2391-b01-L-ok-a1,c1v1-measured-grpc2391-b01-L-ok-a2 c1v1-measured-grpc2391-b01-L-ok-a3,PASS,,,,0,0.418,0.001688,
grpc2391,1,A,c1v1-grpc2391-b01,L,V_bad,P3,ACCEPT,,"accept on first zero, block after 3 nonzero",1,c1v1-measured-grpc2391-b01-L-bad-a1,c1v1-measured-grpc2391-b01-L-bad-a2 c1v1-measured-grpc2391-b01-L-bad-a3,PASS,0,0,0,,0.536,0.001757,
grpc2391,1,A,c1v1-grpc2391-b01,L,V_ok,P3,ACCEPT,,"accept on first zero, block after 3 nonzero",1,c1v1-measured-grpc2391-b01-L-ok-a1,c1v1-measured-grpc2391-b01-L-ok-a2 c1v1-measured-grpc2391-b01-L-ok-a3,PASS,,,,0,0.418,0.001688,
grpc2391,1,A,c1v1-grpc2391-b01,L,V_bad,P3-retain,ACCEPT,,P3 decision; flag accept after failure,1,c1v1-measured-grpc2391-b01-L-bad-a1,c1v1-measured-grpc2391-b01-L-bad-a2 c1v1-measured-grpc2391-b01-L-bad-a3,PASS,0,0,0,,0.536,0.001757,
grpc2391,1,A,c1v1-grpc2391-b01,L,V_ok,P3-retain,ACCEPT,,P3 decision; flag accept after failure,1,c1v1-measured-grpc2391-b01-L-ok-a1,c1v1-measured-grpc2391-b01-L-ok-a2 c1v1-measured-grpc2391-b01-L-ok-a3,PASS,,,,0,0.418,0.001688,
grpc2391,2,A,c1v1-grpc2391-b02,R,V_bad,P1,BLOCK,,first attempt only,1,c1v1-measured-grpc2391-b02-R-bad-a1,c1v1-measured-grpc2391-b02-R-bad-a2 c1v1-measured-grpc2391-b02-R-bad-a3,FOCAL_DEFECT_WITNESS,1,1,0,,18.947,0.09591,
grpc2391,2,A,c1v1-grpc2391-b02,R,V_ok,P1,ACCEPT,,first attempt only,1,c1v1-measured-grpc2391-b02-R-ok-a1,c1v1-measured-grpc2391-b02-R-ok-a2 c1v1-measured-grpc2391-b02-R-ok-a3,PASS,,,,0,0.4,0.013398,
grpc2391,2,A,c1v1-grpc2391-b02,R,V_bad,P3,BLOCK,,"accept on first zero, block after 3 nonzero",3,c1v1-measured-grpc2391-b02-R-bad-a1 c1v1-measured-grpc2391-b02-R-bad-a2 c1v1-measured-grpc2391-b02-R-bad-a3,,FOCAL_DEFECT_WITNESS | FOCAL_DEFECT_WITNESS | FOCAL_DEFECT_WITNESS,1,1,0,,56.896,0.287831,
grpc2391,2,A,c1v1-grpc2391-b02,R,V_ok,P3,ACCEPT,,"accept on first zero, block after 3 nonzero",1,c1v1-measured-grpc2391-b02-R-ok-a1,c1v1-measured-grpc2391-b02-R-ok-a2 c1v1-measured-grpc2391-b02-R-ok-a3,PASS,,,,0,0.4,0.013398,
grpc2391,2,A,c1v1-grpc2391-b02,R,V_bad,P3-retain,BLOCK,,P3 decision; flag accept after failure,3,c1v1-measured-grpc2391-b02-R-bad-a1 c1v1-measured-grpc2391-b02-R-bad-a2 c1v1-measured-grpc2391-b02-R-bad-a3,,FOCAL_DEFECT_WITNESS | FOCAL_DEFECT_WITNESS | FOCAL_DEFECT_WITNESS,1,1,0,,56.896,0.287831,
grpc2391,2,A,c1v1-grpc2391-b02,R,V_ok,P3-retain,ACCEPT,,P3 decision; flag accept after failure,1,c1v1-measured-grpc2391-b02-R-ok-a1,c1v1-measured-grpc2391-b02-R-ok-a2 c1v1-measured-grpc2391-b02-R-ok-a3,PASS,,,,0,0.4,0.013398,
grpc2391,2,A,c1v1-grpc2391-b02,L,V_bad,P1,BLOCK,,first attempt only,1,c1v1-measured-grpc2391-b02-L-bad-a1,c1v1-measured-grpc2391-b02-L-bad-a2 c1v1-measured-grpc2391-b02-L-bad-a3,FOCAL_DEFECT_WITNESS,1,1,0,,18.958,0.011986,
grpc2391,2,A,c1v1-grpc2391-b02,L,V_ok,P1,ACCEPT,,first attempt only,1,c1v1-measured-grpc2391-b02-L-ok-a1,c1v1-measured-grpc2391-b02-L-ok-a2 c1v1-measured-grpc2391-b02-L-ok-a3,PASS,,,,0,0.412,0.001677,
grpc2391,2,A,c1v1-grpc2391-b02,L,V_bad,P3,ACCEPT,,"accept on first zero, block after 3 nonzero",3,c1v1-measured-grpc2391-b02-L-bad-a1 c1v1-measured-grpc2391-b02-L-bad-a2 c1v1-measured-grpc2391-b02-L-bad-a3,,FOCAL_DEFECT_WITNESS | FOCAL_DEFECT_WITNESS | PASS,0,1,1,,38.378,0.025667,
grpc2391,2,A,c1v1-grpc2391-b02,L,V_ok,P3,ACCEPT,,"accept on first zero, block after 3 nonzero",1,c1v1-measured-grpc2391-b02-L-ok-a1,c1v1-measured-grpc2391-b02-L-ok-a2 c1v1-measured-grpc2391-b02-L-ok-a3,PASS,,,,0,0.412,0.001677,
grpc2391,2,A,c1v1-grpc2391-b02,L,V_bad,P3-retain,ACCEPT,ACCEPT_WITH_PRIOR_FAILURE,P3 decision; flag accept after failure,3,c1v1-measured-grpc2391-b02-L-bad-a1 c1v1-measured-grpc2391-b02-L-bad-a2 c1v1-measured-grpc2391-b02-L-bad-a3,,FOCAL_DEFECT_WITNESS | FOCAL_DEFECT_WITNESS | PASS,0,1,1,,38.378,0.025667,
grpc2391,2,A,c1v1-grpc2391-b02,L,V_ok,P3-retain,ACCEPT,,P3 decision; flag accept after failure,1,c1v1-measured-grpc2391-b02-L-ok-a1,c1v1-measured-grpc2391-b02-L-ok-a2 c1v1-measured-grpc2391-b02-L-ok-a3,PASS,,,,0,0.412,0.001677,
grpc2391,3,A,c1v1-grpc2391-b03,R,V_bad,P1,BLOCK,,first attempt only,1,c1v1-measured-grpc2391-b03-R-bad-a1,c1v1-measured-grpc2391-b03-R-bad-a2 c1v1-measured-grpc2391-b03-R-bad-a3,FOCAL_DEFECT_WITNESS,1,1,0,,18.931,0.095764,
grpc2391,3,A,c1v1-grpc2391-b03,R,V_ok,P1,ACCEPT,,first attempt only,1,c1v1-measured-grpc2391-b03-R-ok-a1,c1v1-measured-grpc2391-b03-R-ok-a2 c1v1-measured-grpc2391-b03-R-ok-a3,PASS,,,,0,0.378,0.013289,
grpc2391,3,A,c1v1-grpc2391-b03,R,V_bad,P3,BLOCK,,"accept on first zero, block after 3 nonzero",3,c1v1-measured-grpc2391-b03-R-bad-a1 c1v1-measured-grpc2391-b03-R-bad-a2 c1v1-measured-grpc2391-b03-R-bad-a3,,FOCAL_DEFECT_WITNESS | FOCAL_DEFECT_WITNESS | FOCAL_DEFECT_WITNESS,1,1,0,,56.791,0.286962,
grpc2391,3,A,c1v1-grpc2391-b03,R,V_ok,P3,ACCEPT,,"accept on first zero, block after 3 nonzero",1,c1v1-measured-grpc2391-b03-R-ok-a1,c1v1-measured-grpc2391-b03-R-ok-a2 c1v1-measured-grpc2391-b03-R-ok-a3,PASS,,,,0,0.378,0.013289,
grpc2391,3,A,c1v1-grpc2391-b03,R,V_bad,P3-retain,BLOCK,,P3 decision; flag accept after failure,3,c1v1-measured-grpc2391-b03-R-bad-a1 c1v1-measured-grpc2391-b03-R-bad-a2 c1v1-measured-grpc2391-b03-R-bad-a3,,FOCAL_DEFECT_WITNESS | FOCAL_DEFECT_WITNESS | FOCAL_DEFECT_WITNESS,1,1,0,,56.791,0.286962,
grpc2391,3,A,c1v1-grpc2391-b03,R,V_ok,P3-retain,ACCEPT,,P3 decision; flag accept after failure,1,c1v1-measured-grpc2391-b03-R-ok-a1,c1v1-measured-grpc2391-b03-R-ok-a2 c1v1-measured-grpc2391-b03-R-ok-a3,PASS,,,,0,0.378,0.013289,
grpc2391,3,A,c1v1-grpc2391-b03,L,V_bad,P1,BLOCK,,first attempt only,1,c1v1-measured-grpc2391-b03-L-bad-a1,c1v1-measured-grpc2391-b03-L-bad-a2 c1v1-measured-grpc2391-b03-L-bad-a3,FOCAL_DEFECT_WITNESS,1,1,0,,19.042,0.012032,
grpc2391,3,A,c1v1-grpc2391-b03,L,V_ok,P1,ACCEPT,,first attempt only,1,c1v1-measured-grpc2391-b03-L-ok-a1,c1v1-measured-grpc2391-b03-L-ok-a2 c1v1-measured-grpc2391-b03-L-ok-a3,PASS,,,,0,0.499,0.001728,
grpc2391,3,A,c1v1-grpc2391-b03,L,V_bad,P3,BLOCK,,"accept on first zero, block after 3 nonzero",3,c1v1-measured-grpc2391-b03-L-bad-a1 c1v1-measured-grpc2391-b03-L-bad-a2 c1v1-measured-grpc2391-b03-L-bad-a3,,FOCAL_DEFECT_WITNESS | FOCAL_DEFECT_WITNESS | FOCAL_DEFECT_WITNESS,1,1,0,,56.988,0.036011,
grpc2391,3,A,c1v1-grpc2391-b03,L,V_ok,P3,ACCEPT,,"accept on first zero, block after 3 nonzero",1,c1v1-measured-grpc2391-b03-L-ok-a1,c1v1-measured-grpc2391-b03-L-ok-a2 c1v1-measured-grpc2391-b03-L-ok-a3,PASS,,,,0,0.499,0.001728,
grpc2391,3,A,c1v1-grpc2391-b03,L,V_bad,P3-retain,BLOCK,,P3 decision; flag accept after failure,3,c1v1-measured-grpc2391-b03-L-bad-a1 c1v1-measured-grpc2391-b03-L-bad-a2 c1v1-measured-grpc2391-b03-L-bad-a3,,FOCAL_DEFECT_WITNESS | FOCAL_DEFECT_WITNESS | FOCAL_DEFECT_WITNESS,1,1,0,,56.988,0.036011,
grpc2391,3,A,c1v1-grpc2391-b03,L,V_ok,P3-retain,ACCEPT,,P3 decision; flag accept after failure,1,c1v1-measured-grpc2391-b03-L-ok-a1,c1v1-measured-grpc2391-b03-L-ok-a2 c1v1-measured-grpc2391-b03-L-ok-a3,PASS,,,,0,0.499,0.001728,
grpc2391,4,A,c1v1-grpc2391-b04,R,V_bad,P1,BLOCK,,first attempt only,1,c1v1-measured-grpc2391-b04-R-bad-a1,c1v1-measured-grpc2391-b04-R-bad-a2 c1v1-measured-grpc2391-b04-R-bad-a3,FOCAL_DEFECT_WITNESS,1,1,0,,18.928,0.095416,
grpc2391,4,A,c1v1-grpc2391-b04,R,V_ok,P1,ACCEPT,,first attempt only,1,c1v1-measured-grpc2391-b04-R-ok-a1,c1v1-measured-grpc2391-b04-R-ok-a2 c1v1-measured-grpc2391-b04-R-ok-a3,PASS,,,,0,0.416,0.013408,
grpc2391,4,A,c1v1-grpc2391-b04,R,V_bad,P3,BLOCK,,"accept on first zero, block after 3 nonzero",3,c1v1-measured-grpc2391-b04-R-bad-a1 c1v1-measured-grpc2391-b04-R-bad-a2 c1v1-measured-grpc2391-b04-R-bad-a3,,FOCAL_DEFECT_WITNESS | FOCAL_DEFECT_WITNESS | FOCAL_DEFECT_WITNESS,1,1,0,,56.635,0.285878,
grpc2391,4,A,c1v1-grpc2391-b04,R,V_ok,P3,ACCEPT,,"accept on first zero, block after 3 nonzero",1,c1v1-measured-grpc2391-b04-R-ok-a1,c1v1-measured-grpc2391-b04-R-ok-a2 c1v1-measured-grpc2391-b04-R-ok-a3,PASS,,,,0,0.416,0.013408,
grpc2391,4,A,c1v1-grpc2391-b04,R,V_bad,P3-retain,BLOCK,,P3 decision; flag accept after failure,3,c1v1-measured-grpc2391-b04-R-bad-a1 c1v1-measured-grpc2391-b04-R-bad-a2 c1v1-measured-grpc2391-b04-R-bad-a3,,FOCAL_DEFECT_WITNESS | FOCAL_DEFECT_WITNESS | FOCAL_DEFECT_WITNESS,1,1,0,,56.635,0.285878,
grpc2391,4,A,c1v1-grpc2391-b04,R,V_ok,P3-retain,ACCEPT,,P3 decision; flag accept after failure,1,c1v1-measured-grpc2391-b04-R-ok-a1,c1v1-measured-grpc2391-b04-R-ok-a2 c1v1-measured-grpc2391-b04-R-ok-a3,PASS,,,,0,0.416,0.013408,
grpc2391,4,A,c1v1-grpc2391-b04,L,V_bad,P1,BLOCK,,first attempt only,1,c1v1-measured-grpc2391-b04-L-bad-a1,c1v1-measured-grpc2391-b04-L-bad-a2 c1v1-measured-grpc2391-b04-L-bad-a3,FOCAL_DEFECT_WITNESS,1,1,0,,18.907,0.011927,
grpc2391,4,A,c1v1-grpc2391-b04,L,V_ok,P1,ACCEPT,,first attempt only,1,c1v1-measured-grpc2391-b04-L-ok-a1,c1v1-measured-grpc2391-b04-L-ok-a2 c1v1-measured-grpc2391-b04-L-ok-a3,PASS,,,,0,0.399,0.001665,
grpc2391,4,A,c1v1-grpc2391-b04,L,V_bad,P3,BLOCK,,"accept on first zero, block after 3 nonzero",3,c1v1-measured-grpc2391-b04-L-bad-a1 c1v1-measured-grpc2391-b04-L-bad-a2 c1v1-measured-grpc2391-b04-L-bad-a3,,FOCAL_DEFECT_WITNESS | FOCAL_DEFECT_WITNESS | FOCAL_DEFECT_WITNESS,1,1,0,,56.949,0.035977,
grpc2391,4,A,c1v1-grpc2391-b04,L,V_ok,P3,ACCEPT,,"accept on first zero, block after 3 nonzero",1,c1v1-measured-grpc2391-b04-L-ok-a1,c1v1-measured-grpc2391-b04-L-ok-a2 c1v1-measured-grpc2391-b04-L-ok-a3,PASS,,,,0,0.399,0.001665,
grpc2391,4,A,c1v1-grpc2391-b04,L,V_bad,P3-retain,BLOCK,,P3 decision; flag accept after failure,3,c1v1-measured-grpc2391-b04-L-bad-a1 c1v1-measured-grpc2391-b04-L-bad-a2 c1v1-measured-grpc2391-b04-L-bad-a3,,FOCAL_DEFECT_WITNESS | FOCAL_DEFECT_WITNESS | FOCAL_DEFECT_WITNESS,1,1,0,,56.949,0.035977,
grpc2391,4,A,c1v1-grpc2391-b04,L,V_ok,P3-retain,ACCEPT,,P3 decision; flag accept after failure,1,c1v1-measured-grpc2391-b04-L-ok-a1,c1v1-measured-grpc2391-b04-L-ok-a2 c1v1-measured-grpc2391-b04-L-ok-a3,PASS,,,,0,0.399,0.001665,
grpc2391,5,A,c1v1-grpc2391-b05,R,V_bad,P1,BLOCK,,first attempt only,1,c1v1-measured-grpc2391-b05-R-bad-a1,c1v1-measured-grpc2391-b05-R-bad-a2 c1v1-measured-grpc2391-b05-R-bad-a3,FOCAL_DEFECT_WITNESS,1,1,0,,19.068,0.096424,
grpc2391,5,A,c1v1-grpc2391-b05,R,V_ok,P1,ACCEPT,,first attempt only,1,c1v1-measured-grpc2391-b05-R-ok-a1,c1v1-measured-grpc2391-b05-R-ok-a2 c1v1-measured-grpc2391-b05-R-ok-a3,PASS,,,,0,0.476,0.013702,
grpc2391,5,A,c1v1-grpc2391-b05,R,V_bad,P3,ACCEPT,,"accept on first zero, block after 3 nonzero",3,c1v1-measured-grpc2391-b05-R-bad-a1 c1v1-measured-grpc2391-b05-R-bad-a2 c1v1-measured-grpc2391-b05-R-bad-a3,,FOCAL_DEFECT_WITNESS | FOCAL_DEFECT_WITNESS | PASS,0,1,1,,38.361,0.204988,
grpc2391,5,A,c1v1-grpc2391-b05,R,V_ok,P3,ACCEPT,,"accept on first zero, block after 3 nonzero",1,c1v1-measured-grpc2391-b05-R-ok-a1,c1v1-measured-grpc2391-b05-R-ok-a2 c1v1-measured-grpc2391-b05-R-ok-a3,PASS,,,,0,0.476,0.013702,
grpc2391,5,A,c1v1-grpc2391-b05,R,V_bad,P3-retain,ACCEPT,ACCEPT_WITH_PRIOR_FAILURE,P3 decision; flag accept after failure,3,c1v1-measured-grpc2391-b05-R-bad-a1 c1v1-measured-grpc2391-b05-R-bad-a2 c1v1-measured-grpc2391-b05-R-bad-a3,,FOCAL_DEFECT_WITNESS | FOCAL_DEFECT_WITNESS | PASS,0,1,1,,38.361,0.204988,
grpc2391,5,A,c1v1-grpc2391-b05,R,V_ok,P3-retain,ACCEPT,,P3 decision; flag accept after failure,1,c1v1-measured-grpc2391-b05-R-ok-a1,c1v1-measured-grpc2391-b05-R-ok-a2 c1v1-measured-grpc2391-b05-R-ok-a3,PASS,,,,0,0.476,0.013702,
grpc2391,5,A,c1v1-grpc2391-b05,L,V_bad,P1,BLOCK,,first attempt only,1,c1v1-measured-grpc2391-b05-L-bad-a1,c1v1-measured-grpc2391-b05-L-bad-a2 c1v1-measured-grpc2391-b05-L-bad-a3,FOCAL_DEFECT_WITNESS,1,1,0,,18.751,0.011864,
grpc2391,5,A,c1v1-grpc2391-b05,L,V_ok,P1,ACCEPT,,first attempt only,1,c1v1-measured-grpc2391-b05-L-ok-a1,c1v1-measured-grpc2391-b05-L-ok-a2 c1v1-measured-grpc2391-b05-L-ok-a3,PASS,,,,0,0.438,0.001652,
grpc2391,5,A,c1v1-grpc2391-b05,L,V_bad,P3,BLOCK,,"accept on first zero, block after 3 nonzero",3,c1v1-measured-grpc2391-b05-L-bad-a1 c1v1-measured-grpc2391-b05-L-bad-a2 c1v1-measured-grpc2391-b05-L-bad-a3,,FOCAL_DEFECT_WITNESS | FOCAL_DEFECT_WITNESS | FOCAL_DEFECT_WITNESS,1,1,0,,56.738,0.035861,
grpc2391,5,A,c1v1-grpc2391-b05,L,V_ok,P3,ACCEPT,,"accept on first zero, block after 3 nonzero",1,c1v1-measured-grpc2391-b05-L-ok-a1,c1v1-measured-grpc2391-b05-L-ok-a2 c1v1-measured-grpc2391-b05-L-ok-a3,PASS,,,,0,0.438,0.001652,
grpc2391,5,A,c1v1-grpc2391-b05,L,V_bad,P3-retain,BLOCK,,P3 decision; flag accept after failure,3,c1v1-measured-grpc2391-b05-L-bad-a1 c1v1-measured-grpc2391-b05-L-bad-a2 c1v1-measured-grpc2391-b05-L-bad-a3,,FOCAL_DEFECT_WITNESS | FOCAL_DEFECT_WITNESS | FOCAL_DEFECT_WITNESS,1,1,0,,56.738,0.035861,
grpc2391,5,A,c1v1-grpc2391-b05,L,V_ok,P3-retain,ACCEPT,,P3 decision; flag accept after failure,1,c1v1-measured-grpc2391-b05-L-ok-a1,c1v1-measured-grpc2391-b05-L-ok-a2 c1v1-measured-grpc2391-b05-L-ok-a3,PASS,,,,0,0.438,0.001652,
grpc2391,6,B,c1v1-grpc2391-b06,R,V_bad,P1,BLOCK,,first attempt only,1,c1v1-measured-grpc2391-b06-R-bad-a1,c1v1-measured-grpc2391-b06-R-bad-a2 c1v1-measured-grpc2391-b06-R-bad-a3,FOCAL_DEFECT_WITNESS,1,1,0,,19.824,0.099724,
grpc2391,6,B,c1v1-grpc2391-b06,R,V_ok,P1,ACCEPT,,first attempt only,1,c1v1-measured-grpc2391-b06-R-ok-a1,c1v1-measured-grpc2391-b06-R-ok-a2 c1v1-measured-grpc2391-b06-R-ok-a3,PASS,,,,0,0.412,0.013485,
grpc2391,6,B,c1v1-grpc2391-b06,R,V_bad,P3,BLOCK,,"accept on first zero, block after 3 nonzero",3,c1v1-measured-grpc2391-b06-R-bad-a1 c1v1-measured-grpc2391-b06-R-bad-a2 c1v1-measured-grpc2391-b06-R-bad-a3,,FOCAL_DEFECT_WITNESS | FOCAL_DEFECT_WITNESS | FOCAL_DEFECT_WITNESS,1,1,0,,59.349,0.298274,
grpc2391,6,B,c1v1-grpc2391-b06,R,V_ok,P3,ACCEPT,,"accept on first zero, block after 3 nonzero",1,c1v1-measured-grpc2391-b06-R-ok-a1,c1v1-measured-grpc2391-b06-R-ok-a2 c1v1-measured-grpc2391-b06-R-ok-a3,PASS,,,,0,0.412,0.013485,
grpc2391,6,B,c1v1-grpc2391-b06,R,V_bad,P3-retain,BLOCK,,P3 decision; flag accept after failure,3,c1v1-measured-grpc2391-b06-R-bad-a1 c1v1-measured-grpc2391-b06-R-bad-a2 c1v1-measured-grpc2391-b06-R-bad-a3,,FOCAL_DEFECT_WITNESS | FOCAL_DEFECT_WITNESS | FOCAL_DEFECT_WITNESS,1,1,0,,59.349,0.298274,
grpc2391,6,B,c1v1-grpc2391-b06,R,V_ok,P3-retain,ACCEPT,,P3 decision; flag accept after failure,1,c1v1-measured-grpc2391-b06-R-ok-a1,c1v1-measured-grpc2391-b06-R-ok-a2 c1v1-measured-grpc2391-b06-R-ok-a3,PASS,,,,0,0.412,0.013485,
grpc2391,6,B,c1v1-grpc2391-b06,L,V_bad,P1,BLOCK,,first attempt only,1,c1v1-measured-grpc2391-b06-L-bad-a1,c1v1-measured-grpc2391-b06-L-bad-a2 c1v1-measured-grpc2391-b06-L-bad-a3,FOCAL_DEFECT_WITNESS,1,1,0,,19.471,0.012267,
grpc2391,6,B,c1v1-grpc2391-b06,L,V_ok,P1,ACCEPT,,first attempt only,1,c1v1-measured-grpc2391-b06-L-ok-a1,c1v1-measured-grpc2391-b06-L-ok-a2 c1v1-measured-grpc2391-b06-L-ok-a3,PASS,,,,0,0.432,0.001691,
grpc2391,6,B,c1v1-grpc2391-b06,L,V_bad,P3,BLOCK,,"accept on first zero, block after 3 nonzero",3,c1v1-measured-grpc2391-b06-L-bad-a1 c1v1-measured-grpc2391-b06-L-bad-a2 c1v1-measured-grpc2391-b06-L-bad-a3,,FOCAL_DEFECT_WITNESS | FOCAL_DEFECT_WITNESS | FOCAL_DEFECT_WITNESS,1,1,0,,59.237,0.037261,
grpc2391,6,B,c1v1-grpc2391-b06,L,V_ok,P3,ACCEPT,,"accept on first zero, block after 3 nonzero",1,c1v1-measured-grpc2391-b06-L-ok-a1,c1v1-measured-grpc2391-b06-L-ok-a2 c1v1-measured-grpc2391-b06-L-ok-a3,PASS,,,,0,0.432,0.001691,
grpc2391,6,B,c1v1-grpc2391-b06,L,V_bad,P3-retain,BLOCK,,P3 decision; flag accept after failure,3,c1v1-measured-grpc2391-b06-L-bad-a1 c1v1-measured-grpc2391-b06-L-bad-a2 c1v1-measured-grpc2391-b06-L-bad-a3,,FOCAL_DEFECT_WITNESS | FOCAL_DEFECT_WITNESS | FOCAL_DEFECT_WITNESS,1,1,0,,59.237,0.037261,
grpc2391,6,B,c1v1-grpc2391-b06,L,V_ok,P3-retain,ACCEPT,,P3 decision; flag accept after failure,1,c1v1-measured-grpc2391-b06-L-ok-a1,c1v1-measured-grpc2391-b06-L-ok-a2 c1v1-measured-grpc2391-b06-L-ok-a3,PASS,,,,0,0.432,0.001691,
grpc2391,7,B,c1v1-grpc2391-b07,R,V_bad,P1,BLOCK,,first attempt only,1,c1v1-measured-grpc2391-b07-R-bad-a1,c1v1-measured-grpc2391-b07-R-bad-a2 c1v1-measured-grpc2391-b07-R-bad-a3,FOCAL_DEFECT_WITNESS,1,1,0,,20.257,0.10164,
grpc2391,7,B,c1v1-grpc2391-b07,R,V_ok,P1,ACCEPT,,first attempt only,1,c1v1-measured-grpc2391-b07-R-ok-a1,c1v1-measured-grpc2391-b07-R-ok-a2 c1v1-measured-grpc2391-b07-R-ok-a3,PASS,,,,0,0.524,0.014059,
grpc2391,7,B,c1v1-grpc2391-b07,R,V_bad,P3,BLOCK,,"accept on first zero, block after 3 nonzero",3,c1v1-measured-grpc2391-b07-R-bad-a1 c1v1-measured-grpc2391-b07-R-bad-a2 c1v1-measured-grpc2391-b07-R-bad-a3,,FOCAL_DEFECT_WITNESS | FOCAL_DEFECT_WITNESS | FOCAL_DEFECT_WITNESS,1,1,0,,60.893,0.304802,
grpc2391,7,B,c1v1-grpc2391-b07,R,V_ok,P3,ACCEPT,,"accept on first zero, block after 3 nonzero",1,c1v1-measured-grpc2391-b07-R-ok-a1,c1v1-measured-grpc2391-b07-R-ok-a2 c1v1-measured-grpc2391-b07-R-ok-a3,PASS,,,,0,0.524,0.014059,
grpc2391,7,B,c1v1-grpc2391-b07,R,V_bad,P3-retain,BLOCK,,P3 decision; flag accept after failure,3,c1v1-measured-grpc2391-b07-R-bad-a1 c1v1-measured-grpc2391-b07-R-bad-a2 c1v1-measured-grpc2391-b07-R-bad-a3,,FOCAL_DEFECT_WITNESS | FOCAL_DEFECT_WITNESS | FOCAL_DEFECT_WITNESS,1,1,0,,60.893,0.304802,
grpc2391,7,B,c1v1-grpc2391-b07,R,V_ok,P3-retain,ACCEPT,,P3 decision; flag accept after failure,1,c1v1-measured-grpc2391-b07-R-ok-a1,c1v1-measured-grpc2391-b07-R-ok-a2 c1v1-measured-grpc2391-b07-R-ok-a3,PASS,,,,0,0.524,0.014059,
grpc2391,7,B,c1v1-grpc2391-b07,L,V_bad,P1,BLOCK,,first attempt only,1,c1v1-measured-grpc2391-b07-L-bad-a1,c1v1-measured-grpc2391-b07-L-bad-a2 c1v1-measured-grpc2391-b07-L-bad-a3,FOCAL_DEFECT_WITNESS,1,1,0,,20.202,0.012679,
grpc2391,7,B,c1v1-grpc2391-b07,L,V_ok,P1,ACCEPT,,first attempt only,1,c1v1-measured-grpc2391-b07-L-ok-a1,c1v1-measured-grpc2391-b07-L-ok-a2 c1v1-measured-grpc2391-b07-L-ok-a3,PASS,,,,0,0.523,0.001741,
grpc2391,7,B,c1v1-grpc2391-b07,L,V_bad,P3,BLOCK,,"accept on first zero, block after 3 nonzero",3,c1v1-measured-grpc2391-b07-L-bad-a1 c1v1-measured-grpc2391-b07-L-bad-a2 c1v1-measured-grpc2391-b07-L-bad-a3,,FOCAL_DEFECT_WITNESS | FOCAL_DEFECT_WITNESS | FOCAL_DEFECT_WITNESS,1,1,0,,60.714,0.038093,
grpc2391,7,B,c1v1-grpc2391-b07,L,V_ok,P3,ACCEPT,,"accept on first zero, block after 3 nonzero",1,c1v1-measured-grpc2391-b07-L-ok-a1,c1v1-measured-grpc2391-b07-L-ok-a2 c1v1-measured-grpc2391-b07-L-ok-a3,PASS,,,,0,0.523,0.001741,
grpc2391,7,B,c1v1-grpc2391-b07,L,V_bad,P3-retain,BLOCK,,P3 decision; flag accept after failure,3,c1v1-measured-grpc2391-b07-L-bad-a1 c1v1-measured-grpc2391-b07-L-bad-a2 c1v1-measured-grpc2391-b07-L-bad-a3,,FOCAL_DEFECT_WITNESS | FOCAL_DEFECT_WITNESS | FOCAL_DEFECT_WITNESS,1,1,0,,60.714,0.038093,
grpc2391,7,B,c1v1-grpc2391-b07,L,V_ok,P3-retain,ACCEPT,,P3 decision; flag accept after failure,1,c1v1-measured-grpc2391-b07-L-ok-a1,c1v1-measured-grpc2391-b07-L-ok-a2 c1v1-measured-grpc2391-b07-L-ok-a3,PASS,,,,0,0.523,0.001741,
grpc2391,8,B,c1v1-grpc2391-b08,R,V_bad,P1,BLOCK,,first attempt only,1,c1v1-measured-grpc2391-b08-R-bad-a1,c1v1-measured-grpc2391-b08-R-bad-a2 c1v1-measured-grpc2391-b08-R-bad-a3,FOCAL_DEFECT_WITNESS,1,1,0,,20.343,0.10174,
grpc2391,8,B,c1v1-grpc2391-b08,R,V_ok,P1,ACCEPT,,first attempt only,1,c1v1-measured-grpc2391-b08-R-ok-a1,c1v1-measured-grpc2391-b08-R-ok-a2 c1v1-measured-grpc2391-b08-R-ok-a3,PASS,,,,0,0.453,0.013285,
grpc2391,8,B,c1v1-grpc2391-b08,R,V_bad,P3,BLOCK,,"accept on first zero, block after 3 nonzero",3,c1v1-measured-grpc2391-b08-R-bad-a1 c1v1-measured-grpc2391-b08-R-bad-a2 c1v1-measured-grpc2391-b08-R-bad-a3,,FOCAL_DEFECT_WITNESS | FOCAL_DEFECT_WITNESS | FOCAL_DEFECT_WITNESS,1,1,0,,61.136,0.305701,
grpc2391,8,B,c1v1-grpc2391-b08,R,V_ok,P3,ACCEPT,,"accept on first zero, block after 3 nonzero",1,c1v1-measured-grpc2391-b08-R-ok-a1,c1v1-measured-grpc2391-b08-R-ok-a2 c1v1-measured-grpc2391-b08-R-ok-a3,PASS,,,,0,0.453,0.013285,
grpc2391,8,B,c1v1-grpc2391-b08,R,V_bad,P3-retain,BLOCK,,P3 decision; flag accept after failure,3,c1v1-measured-grpc2391-b08-R-bad-a1 c1v1-measured-grpc2391-b08-R-bad-a2 c1v1-measured-grpc2391-b08-R-bad-a3,,FOCAL_DEFECT_WITNESS | FOCAL_DEFECT_WITNESS | FOCAL_DEFECT_WITNESS,1,1,0,,61.136,0.305701,
grpc2391,8,B,c1v1-grpc2391-b08,R,V_ok,P3-retain,ACCEPT,,P3 decision; flag accept after failure,1,c1v1-measured-grpc2391-b08-R-ok-a1,c1v1-measured-grpc2391-b08-R-ok-a2 c1v1-measured-grpc2391-b08-R-ok-a3,PASS,,,,0,0.453,0.013285,
grpc2391,8,B,c1v1-grpc2391-b08,L,V_bad,P1,BLOCK,,first attempt only,1,c1v1-measured-grpc2391-b08-L-bad-a1,c1v1-measured-grpc2391-b08-L-bad-a2 c1v1-measured-grpc2391-b08-L-bad-a3,FOCAL_DEFECT_WITNESS,1,1,0,,20.394,0.012761,
grpc2391,8,B,c1v1-grpc2391-b08,L,V_ok,P1,ACCEPT,,first attempt only,1,c1v1-measured-grpc2391-b08-L-ok-a1,c1v1-measured-grpc2391-b08-L-ok-a2 c1v1-measured-grpc2391-b08-L-ok-a3,PASS,,,,0,0.429,0.001693,
grpc2391,8,B,c1v1-grpc2391-b08,L,V_bad,P3,BLOCK,,"accept on first zero, block after 3 nonzero",3,c1v1-measured-grpc2391-b08-L-bad-a1 c1v1-measured-grpc2391-b08-L-bad-a2 c1v1-measured-grpc2391-b08-L-bad-a3,,FOCAL_DEFECT_WITNESS | FOCAL_DEFECT_WITNESS | FOCAL_DEFECT_WITNESS,1,1,0,,61.103,0.038154,
grpc2391,8,B,c1v1-grpc2391-b08,L,V_ok,P3,ACCEPT,,"accept on first zero, block after 3 nonzero",1,c1v1-measured-grpc2391-b08-L-ok-a1,c1v1-measured-grpc2391-b08-L-ok-a2 c1v1-measured-grpc2391-b08-L-ok-a3,PASS,,,,0,0.429,0.001693,
grpc2391,8,B,c1v1-grpc2391-b08,L,V_bad,P3-retain,BLOCK,,P3 decision; flag accept after failure,3,c1v1-measured-grpc2391-b08-L-bad-a1 c1v1-measured-grpc2391-b08-L-bad-a2 c1v1-measured-grpc2391-b08-L-bad-a3,,FOCAL_DEFECT_WITNESS | FOCAL_DEFECT_WITNESS | FOCAL_DEFECT_WITNESS,1,1,0,,61.103,0.038154,
grpc2391,8,B,c1v1-grpc2391-b08,L,V_ok,P3-retain,ACCEPT,,P3 decision; flag accept after failure,1,c1v1-measured-grpc2391-b08-L-ok-a1,c1v1-measured-grpc2391-b08-L-ok-a2 c1v1-measured-grpc2391-b08-L-ok-a3,PASS,,,,0,0.429,0.001693,
grpc2391,9,B,c1v1-grpc2391-b09,R,V_bad,P1,BLOCK,,first attempt only,1,c1v1-measured-grpc2391-b09-R-bad-a1,c1v1-measured-grpc2391-b09-R-bad-a2 c1v1-measured-grpc2391-b09-R-bad-a3,FOCAL_DEFECT_WITNESS,1,1,0,,20.468,0.102039,
grpc2391,9,B,c1v1-grpc2391-b09,R,V_ok,P1,ACCEPT,,first attempt only,1,c1v1-measured-grpc2391-b09-R-ok-a1,c1v1-measured-grpc2391-b09-R-ok-a2 c1v1-measured-grpc2391-b09-R-ok-a3,PASS,,,,0,0.431,0.013203,
grpc2391,9,B,c1v1-grpc2391-b09,R,V_bad,P3,BLOCK,,"accept on first zero, block after 3 nonzero",3,c1v1-measured-grpc2391-b09-R-bad-a1 c1v1-measured-grpc2391-b09-R-bad-a2 c1v1-measured-grpc2391-b09-R-bad-a3,,FOCAL_DEFECT_WITNESS | FOCAL_DEFECT_WITNESS | FOCAL_DEFECT_WITNESS,1,1,0,,61.328,0.306178,
grpc2391,9,B,c1v1-grpc2391-b09,R,V_ok,P3,ACCEPT,,"accept on first zero, block after 3 nonzero",1,c1v1-measured-grpc2391-b09-R-ok-a1,c1v1-measured-grpc2391-b09-R-ok-a2 c1v1-measured-grpc2391-b09-R-ok-a3,PASS,,,,0,0.431,0.013203,
grpc2391,9,B,c1v1-grpc2391-b09,R,V_bad,P3-retain,BLOCK,,P3 decision; flag accept after failure,3,c1v1-measured-grpc2391-b09-R-bad-a1 c1v1-measured-grpc2391-b09-R-bad-a2 c1v1-measured-grpc2391-b09-R-bad-a3,,FOCAL_DEFECT_WITNESS | FOCAL_DEFECT_WITNESS | FOCAL_DEFECT_WITNESS,1,1,0,,61.328,0.306178,
grpc2391,9,B,c1v1-grpc2391-b09,R,V_ok,P3-retain,ACCEPT,,P3 decision; flag accept after failure,1,c1v1-measured-grpc2391-b09-R-ok-a1,c1v1-measured-grpc2391-b09-R-ok-a2 c1v1-measured-grpc2391-b09-R-ok-a3,PASS,,,,0,0.431,0.013203,
grpc2391,9,B,c1v1-grpc2391-b09,L,V_bad,P1,BLOCK,,first attempt only,1,c1v1-measured-grpc2391-b09-L-bad-a1,c1v1-measured-grpc2391-b09-L-bad-a2 c1v1-measured-grpc2391-b09-L-bad-a3,FOCAL_DEFECT_WITNESS,1,1,0,,20.432,0.012687,
grpc2391,9,B,c1v1-grpc2391-b09,L,V_ok,P1,ACCEPT,,first attempt only,1,c1v1-measured-grpc2391-b09-L-ok-a1,c1v1-measured-grpc2391-b09-L-ok-a2 c1v1-measured-grpc2391-b09-L-ok-a3,PASS,,,,0,0.51,0.001734,
grpc2391,9,B,c1v1-grpc2391-b09,L,V_bad,P3,BLOCK,,"accept on first zero, block after 3 nonzero",3,c1v1-measured-grpc2391-b09-L-bad-a1 c1v1-measured-grpc2391-b09-L-bad-a2 c1v1-measured-grpc2391-b09-L-bad-a3,,FOCAL_DEFECT_WITNESS | FOCAL_DEFECT_WITNESS | FOCAL_DEFECT_WITNESS,1,1,0,,61.247,0.038184,
grpc2391,9,B,c1v1-grpc2391-b09,L,V_ok,P3,ACCEPT,,"accept on first zero, block after 3 nonzero",1,c1v1-measured-grpc2391-b09-L-ok-a1,c1v1-measured-grpc2391-b09-L-ok-a2 c1v1-measured-grpc2391-b09-L-ok-a3,PASS,,,,0,0.51,0.001734,
grpc2391,9,B,c1v1-grpc2391-b09,L,V_bad,P3-retain,BLOCK,,P3 decision; flag accept after failure,3,c1v1-measured-grpc2391-b09-L-bad-a1 c1v1-measured-grpc2391-b09-L-bad-a2 c1v1-measured-grpc2391-b09-L-bad-a3,,FOCAL_DEFECT_WITNESS | FOCAL_DEFECT_WITNESS | FOCAL_DEFECT_WITNESS,1,1,0,,61.247,0.038184,
grpc2391,9,B,c1v1-grpc2391-b09,L,V_ok,P3-retain,ACCEPT,,P3 decision; flag accept after failure,1,c1v1-measured-grpc2391-b09-L-ok-a1,c1v1-measured-grpc2391-b09-L-ok-a2 c1v1-measured-grpc2391-b09-L-ok-a3,PASS,,,,0,0.51,0.001734,
grpc2391,10,B,c1v1-grpc2391-b10,R,V_bad,P1,ACCEPT,,first attempt only,1,c1v1-measured-grpc2391-b10-R-bad-a1,c1v1-measured-grpc2391-b10-R-bad-a2 c1v1-measured-grpc2391-b10-R-bad-a3,PASS,0,0,0,,0.472,0.013752,
grpc2391,10,B,c1v1-grpc2391-b10,R,V_ok,P1,ACCEPT,,first attempt only,1,c1v1-measured-grpc2391-b10-R-ok-a1,c1v1-measured-grpc2391-b10-R-ok-a2 c1v1-measured-grpc2391-b10-R-ok-a3,PASS,,,,0,0.504,0.01392,
grpc2391,10,B,c1v1-grpc2391-b10,R,V_bad,P3,ACCEPT,,"accept on first zero, block after 3 nonzero",1,c1v1-measured-grpc2391-b10-R-bad-a1,c1v1-measured-grpc2391-b10-R-bad-a2 c1v1-measured-grpc2391-b10-R-bad-a3,PASS,0,0,0,,0.472,0.013752,
grpc2391,10,B,c1v1-grpc2391-b10,R,V_ok,P3,ACCEPT,,"accept on first zero, block after 3 nonzero",1,c1v1-measured-grpc2391-b10-R-ok-a1,c1v1-measured-grpc2391-b10-R-ok-a2 c1v1-measured-grpc2391-b10-R-ok-a3,PASS,,,,0,0.504,0.01392,
grpc2391,10,B,c1v1-grpc2391-b10,R,V_bad,P3-retain,ACCEPT,,P3 decision; flag accept after failure,1,c1v1-measured-grpc2391-b10-R-bad-a1,c1v1-measured-grpc2391-b10-R-bad-a2 c1v1-measured-grpc2391-b10-R-bad-a3,PASS,0,0,0,,0.472,0.013752,
grpc2391,10,B,c1v1-grpc2391-b10,R,V_ok,P3-retain,ACCEPT,,P3 decision; flag accept after failure,1,c1v1-measured-grpc2391-b10-R-ok-a1,c1v1-measured-grpc2391-b10-R-ok-a2 c1v1-measured-grpc2391-b10-R-ok-a3,PASS,,,,0,0.504,0.01392,
grpc2391,10,B,c1v1-grpc2391-b10,L,V_bad,P1,ACCEPT,,first attempt only,1,c1v1-measured-grpc2391-b10-L-bad-a1,c1v1-measured-grpc2391-b10-L-bad-a2 c1v1-measured-grpc2391-b10-L-bad-a3,PASS,0,0,0,,0.442,0.0017,
grpc2391,10,B,c1v1-grpc2391-b10,L,V_ok,P1,ACCEPT,,first attempt only,1,c1v1-measured-grpc2391-b10-L-ok-a1,c1v1-measured-grpc2391-b10-L-ok-a2 c1v1-measured-grpc2391-b10-L-ok-a3,PASS,,,,0,0.427,0.001692,
grpc2391,10,B,c1v1-grpc2391-b10,L,V_bad,P3,ACCEPT,,"accept on first zero, block after 3 nonzero",1,c1v1-measured-grpc2391-b10-L-bad-a1,c1v1-measured-grpc2391-b10-L-bad-a2 c1v1-measured-grpc2391-b10-L-bad-a3,PASS,0,0,0,,0.442,0.0017,
grpc2391,10,B,c1v1-grpc2391-b10,L,V_ok,P3,ACCEPT,,"accept on first zero, block after 3 nonzero",1,c1v1-measured-grpc2391-b10-L-ok-a1,c1v1-measured-grpc2391-b10-L-ok-a2 c1v1-measured-grpc2391-b10-L-ok-a3,PASS,,,,0,0.427,0.001692,
grpc2391,10,B,c1v1-grpc2391-b10,L,V_bad,P3-retain,ACCEPT,,P3 decision; flag accept after failure,1,c1v1-measured-grpc2391-b10-L-bad-a1,c1v1-measured-grpc2391-b10-L-bad-a2 c1v1-measured-grpc2391-b10-L-bad-a3,PASS,0,0,0,,0.442,0.0017,
grpc2391,10,B,c1v1-grpc2391-b10,L,V_ok,P3-retain,ACCEPT,,P3 decision; flag accept after failure,1,c1v1-measured-grpc2391-b10-L-ok-a1,c1v1-measured-grpc2391-b10-L-ok-a2 c1v1-measured-grpc2391-b10-L-ok-a3,PASS,,,,0,0.427,0.001692,
istio17860,1,A,c1v1-istio17860-b01,R,V_bad,P1,BLOCK,,first attempt only,1,c1v1-measured-istio17860-b01-R-bad-a1,c1v1-measured-istio17860-b01-R-bad-a2 c1v1-measured-istio17860-b01-R-bad-a3,FOCAL_DEFECT_WITNESS,1,1,0,,5.202,0.03467,
istio17860,1,A,c1v1-istio17860-b01,R,V_ok,P1,ACCEPT,,first attempt only,1,c1v1-measured-istio17860-b01-R-ok-a1,c1v1-measured-istio17860-b01-R-ok-a2 c1v1-measured-istio17860-b01-R-ok-a3,PASS,,,,0,0.977,0.01575,
istio17860,1,A,c1v1-istio17860-b01,R,V_bad,P3,BLOCK,,"accept on first zero, block after 3 nonzero",3,c1v1-measured-istio17860-b01-R-bad-a1 c1v1-measured-istio17860-b01-R-bad-a2 c1v1-measured-istio17860-b01-R-bad-a3,,FOCAL_DEFECT_WITNESS | FOCAL_DEFECT_WITNESS | FOCAL_DEFECT_WITNESS,1,1,0,,15.327,0.103426,
istio17860,1,A,c1v1-istio17860-b01,R,V_ok,P3,ACCEPT,,"accept on first zero, block after 3 nonzero",1,c1v1-measured-istio17860-b01-R-ok-a1,c1v1-measured-istio17860-b01-R-ok-a2 c1v1-measured-istio17860-b01-R-ok-a3,PASS,,,,0,0.977,0.01575,
istio17860,1,A,c1v1-istio17860-b01,R,V_bad,P3-retain,BLOCK,,P3 decision; flag accept after failure,3,c1v1-measured-istio17860-b01-R-bad-a1 c1v1-measured-istio17860-b01-R-bad-a2 c1v1-measured-istio17860-b01-R-bad-a3,,FOCAL_DEFECT_WITNESS | FOCAL_DEFECT_WITNESS | FOCAL_DEFECT_WITNESS,1,1,0,,15.327,0.103426,
istio17860,1,A,c1v1-istio17860-b01,R,V_ok,P3-retain,ACCEPT,,P3 decision; flag accept after failure,1,c1v1-measured-istio17860-b01-R-ok-a1,c1v1-measured-istio17860-b01-R-ok-a2 c1v1-measured-istio17860-b01-R-ok-a3,PASS,,,,0,0.977,0.01575,
istio17860,1,A,c1v1-istio17860-b01,L,V_bad,P1,BLOCK,,first attempt only,1,c1v1-measured-istio17860-b01-L-bad-a1,c1v1-measured-istio17860-b01-L-bad-a2 c1v1-measured-istio17860-b01-L-bad-a3,FOCAL_DEFECT_WITNESS,1,1,0,,5.073,0.004273,
istio17860,1,A,c1v1-istio17860-b01,L,V_ok,P1,ACCEPT,,first attempt only,1,c1v1-measured-istio17860-b01-L-ok-a1,c1v1-measured-istio17860-b01-L-ok-a2 c1v1-measured-istio17860-b01-L-ok-a3,PASS,,,,0,0.86,0.001907,
istio17860,1,A,c1v1-istio17860-b01,L,V_bad,P3,BLOCK,,"accept on first zero, block after 3 nonzero",3,c1v1-measured-istio17860-b01-L-bad-a1 c1v1-measured-istio17860-b01-L-bad-a2 c1v1-measured-istio17860-b01-L-bad-a3,,FOCAL_DEFECT_WITNESS | FOCAL_DEFECT_WITNESS | FOCAL_DEFECT_WITNESS,1,1,0,,15.232,0.012837,
istio17860,1,A,c1v1-istio17860-b01,L,V_ok,P3,ACCEPT,,"accept on first zero, block after 3 nonzero",1,c1v1-measured-istio17860-b01-L-ok-a1,c1v1-measured-istio17860-b01-L-ok-a2 c1v1-measured-istio17860-b01-L-ok-a3,PASS,,,,0,0.86,0.001907,
istio17860,1,A,c1v1-istio17860-b01,L,V_bad,P3-retain,BLOCK,,P3 decision; flag accept after failure,3,c1v1-measured-istio17860-b01-L-bad-a1 c1v1-measured-istio17860-b01-L-bad-a2 c1v1-measured-istio17860-b01-L-bad-a3,,FOCAL_DEFECT_WITNESS | FOCAL_DEFECT_WITNESS | FOCAL_DEFECT_WITNESS,1,1,0,,15.232,0.012837,
istio17860,1,A,c1v1-istio17860-b01,L,V_ok,P3-retain,ACCEPT,,P3 decision; flag accept after failure,1,c1v1-measured-istio17860-b01-L-ok-a1,c1v1-measured-istio17860-b01-L-ok-a2 c1v1-measured-istio17860-b01-L-ok-a3,PASS,,,,0,0.86,0.001907,
istio17860,2,A,c1v1-istio17860-b02,R,V_bad,P1,BLOCK,,first attempt only,1,c1v1-measured-istio17860-b02-R-bad-a1,c1v1-measured-istio17860-b02-R-bad-a2 c1v1-measured-istio17860-b02-R-bad-a3,FOCAL_DEFECT_WITNESS,1,1,0,,5.055,0.03414,
istio17860,2,A,c1v1-istio17860-b02,R,V_ok,P1,ACCEPT,,first attempt only,1,c1v1-measured-istio17860-b02-R-ok-a1,c1v1-measured-istio17860-b02-R-ok-a2 c1v1-measured-istio17860-b02-R-ok-a3,PASS,,,,0,0.917,0.015847,
istio17860,2,A,c1v1-istio17860-b02,R,V_bad,P3,BLOCK,,"accept on first zero, block after 3 nonzero",3,c1v1-measured-istio17860-b02-R-bad-a1 c1v1-measured-istio17860-b02-R-bad-a2 c1v1-measured-istio17860-b02-R-bad-a3,,FOCAL_DEFECT_WITNESS | FOCAL_DEFECT_WITNESS | FOCAL_DEFECT_WITNESS,1,1,0,,15.243,0.102602,
istio17860,2,A,c1v1-istio17860-b02,R,V_ok,P3,ACCEPT,,"accept on first zero, block after 3 nonzero",1,c1v1-measured-istio17860-b02-R-ok-a1,c1v1-measured-istio17860-b02-R-ok-a2 c1v1-measured-istio17860-b02-R-ok-a3,PASS,,,,0,0.917,0.015847,
istio17860,2,A,c1v1-istio17860-b02,R,V_bad,P3-retain,BLOCK,,P3 decision; flag accept after failure,3,c1v1-measured-istio17860-b02-R-bad-a1 c1v1-measured-istio17860-b02-R-bad-a2 c1v1-measured-istio17860-b02-R-bad-a3,,FOCAL_DEFECT_WITNESS | FOCAL_DEFECT_WITNESS | FOCAL_DEFECT_WITNESS,1,1,0,,15.243,0.102602,
istio17860,2,A,c1v1-istio17860-b02,R,V_ok,P3-retain,ACCEPT,,P3 decision; flag accept after failure,1,c1v1-measured-istio17860-b02-R-ok-a1,c1v1-measured-istio17860-b02-R-ok-a2 c1v1-measured-istio17860-b02-R-ok-a3,PASS,,,,0,0.917,0.015847,
istio17860,2,A,c1v1-istio17860-b02,L,V_bad,P1,BLOCK,,first attempt only,1,c1v1-measured-istio17860-b02-L-bad-a1,c1v1-measured-istio17860-b02-L-bad-a2 c1v1-measured-istio17860-b02-L-bad-a3,FOCAL_DEFECT_WITNESS,1,1,0,,5.072,0.004273,
istio17860,2,A,c1v1-istio17860-b02,L,V_ok,P1,ACCEPT,,first attempt only,1,c1v1-measured-istio17860-b02-L-ok-a1,c1v1-measured-istio17860-b02-L-ok-a2 c1v1-measured-istio17860-b02-L-ok-a3,PASS,,,,0,0.887,0.001949,
istio17860,2,A,c1v1-istio17860-b02,L,V_bad,P3,BLOCK,,"accept on first zero, block after 3 nonzero",3,c1v1-measured-istio17860-b02-L-bad-a1 c1v1-measured-istio17860-b02-L-bad-a2 c1v1-measured-istio17860-b02-L-bad-a3,,FOCAL_DEFECT_WITNESS | FOCAL_DEFECT_WITNESS | FOCAL_DEFECT_WITNESS,1,1,0,,15.193,0.012834,
istio17860,2,A,c1v1-istio17860-b02,L,V_ok,P3,ACCEPT,,"accept on first zero, block after 3 nonzero",1,c1v1-measured-istio17860-b02-L-ok-a1,c1v1-measured-istio17860-b02-L-ok-a2 c1v1-measured-istio17860-b02-L-ok-a3,PASS,,,,0,0.887,0.001949,
istio17860,2,A,c1v1-istio17860-b02,L,V_bad,P3-retain,BLOCK,,P3 decision; flag accept after failure,3,c1v1-measured-istio17860-b02-L-bad-a1 c1v1-measured-istio17860-b02-L-bad-a2 c1v1-measured-istio17860-b02-L-bad-a3,,FOCAL_DEFECT_WITNESS | FOCAL_DEFECT_WITNESS | FOCAL_DEFECT_WITNESS,1,1,0,,15.193,0.012834,
istio17860,2,A,c1v1-istio17860-b02,L,V_ok,P3-retain,ACCEPT,,P3 decision; flag accept after failure,1,c1v1-measured-istio17860-b02-L-ok-a1,c1v1-measured-istio17860-b02-L-ok-a2 c1v1-measured-istio17860-b02-L-ok-a3,PASS,,,,0,0.887,0.001949,
istio17860,3,A,c1v1-istio17860-b03,R,V_bad,P1,BLOCK,,first attempt only,1,c1v1-measured-istio17860-b03-R-bad-a1,c1v1-measured-istio17860-b03-R-bad-a2 c1v1-measured-istio17860-b03-R-bad-a3,FOCAL_DEFECT_WITNESS,1,1,0,,5.04,0.034125,
istio17860,3,A,c1v1-istio17860-b03,R,V_ok,P1,ACCEPT,,first attempt only,1,c1v1-measured-istio17860-b03-R-ok-a1,c1v1-measured-istio17860-b03-R-ok-a2 c1v1-measured-istio17860-b03-R-ok-a3,PASS,,,,0,0.906,0.015799,
istio17860,3,A,c1v1-istio17860-b03,R,V_bad,P3,BLOCK,,"accept on first zero, block after 3 nonzero",3,c1v1-measured-istio17860-b03-R-bad-a1 c1v1-measured-istio17860-b03-R-bad-a2 c1v1-measured-istio17860-b03-R-bad-a3,,FOCAL_DEFECT_WITNESS | FOCAL_DEFECT_WITNESS | FOCAL_DEFECT_WITNESS,1,1,0,,15.286,0.102613,
istio17860,3,A,c1v1-istio17860-b03,R,V_ok,P3,ACCEPT,,"accept on first zero, block after 3 nonzero",1,c1v1-measured-istio17860-b03-R-ok-a1,c1v1-measured-istio17860-b03-R-ok-a2 c1v1-measured-istio17860-b03-R-ok-a3,PASS,,,,0,0.906,0.015799,
istio17860,3,A,c1v1-istio17860-b03,R,V_bad,P3-retain,BLOCK,,P3 decision; flag accept after failure,3,c1v1-measured-istio17860-b03-R-bad-a1 c1v1-measured-istio17860-b03-R-bad-a2 c1v1-measured-istio17860-b03-R-bad-a3,,FOCAL_DEFECT_WITNESS | FOCAL_DEFECT_WITNESS | FOCAL_DEFECT_WITNESS,1,1,0,,15.286,0.102613,
istio17860,3,A,c1v1-istio17860-b03,R,V_ok,P3-retain,ACCEPT,,P3 decision; flag accept after failure,1,c1v1-measured-istio17860-b03-R-ok-a1,c1v1-measured-istio17860-b03-R-ok-a2 c1v1-measured-istio17860-b03-R-ok-a3,PASS,,,,0,0.906,0.015799,
istio17860,3,A,c1v1-istio17860-b03,L,V_bad,P1,BLOCK,,first attempt only,1,c1v1-measured-istio17860-b03-L-bad-a1,c1v1-measured-istio17860-b03-L-bad-a2 c1v1-measured-istio17860-b03-L-bad-a3,FOCAL_DEFECT_WITNESS,1,1,0,,5.088,0.00429,
istio17860,3,A,c1v1-istio17860-b03,L,V_ok,P1,ACCEPT,,first attempt only,1,c1v1-measured-istio17860-b03-L-ok-a1,c1v1-measured-istio17860-b03-L-ok-a2 c1v1-measured-istio17860-b03-L-ok-a3,PASS,,,,0,0.997,0.002021,
istio17860,3,A,c1v1-istio17860-b03,L,V_bad,P3,BLOCK,,"accept on first zero, block after 3 nonzero",3,c1v1-measured-istio17860-b03-L-bad-a1 c1v1-measured-istio17860-b03-L-bad-a2 c1v1-measured-istio17860-b03-L-bad-a3,,FOCAL_DEFECT_WITNESS | FOCAL_DEFECT_WITNESS | FOCAL_DEFECT_WITNESS,1,1,0,,15.073,0.012768,
istio17860,3,A,c1v1-istio17860-b03,L,V_ok,P3,ACCEPT,,"accept on first zero, block after 3 nonzero",1,c1v1-measured-istio17860-b03-L-ok-a1,c1v1-measured-istio17860-b03-L-ok-a2 c1v1-measured-istio17860-b03-L-ok-a3,PASS,,,,0,0.997,0.002021,
istio17860,3,A,c1v1-istio17860-b03,L,V_bad,P3-retain,BLOCK,,P3 decision; flag accept after failure,3,c1v1-measured-istio17860-b03-L-bad-a1 c1v1-measured-istio17860-b03-L-bad-a2 c1v1-measured-istio17860-b03-L-bad-a3,,FOCAL_DEFECT_WITNESS | FOCAL_DEFECT_WITNESS | FOCAL_DEFECT_WITNESS,1,1,0,,15.073,0.012768,
istio17860,3,A,c1v1-istio17860-b03,L,V_ok,P3-retain,ACCEPT,,P3 decision; flag accept after failure,1,c1v1-measured-istio17860-b03-L-ok-a1,c1v1-measured-istio17860-b03-L-ok-a2 c1v1-measured-istio17860-b03-L-ok-a3,PASS,,,,0,0.997,0.002021,
istio17860,4,A,c1v1-istio17860-b04,R,V_bad,P1,BLOCK,,first attempt only,1,c1v1-measured-istio17860-b04-R-bad-a1,c1v1-measured-istio17860-b04-R-bad-a2 c1v1-measured-istio17860-b04-R-bad-a3,FOCAL_DEFECT_WITNESS,1,1,0,,5.112,0.034366,
istio17860,4,A,c1v1-istio17860-b04,R,V_ok,P1,ACCEPT,,first attempt only,1,c1v1-measured-istio17860-b04-R-ok-a1,c1v1-measured-istio17860-b04-R-ok-a2 c1v1-measured-istio17860-b04-R-ok-a3,PASS,,,,0,1.001,0.016137,
istio17860,4,A,c1v1-istio17860-b04,R,V_bad,P3,BLOCK,,"accept on first zero, block after 3 nonzero",3,c1v1-measured-istio17860-b04-R-bad-a1 c1v1-measured-istio17860-b04-R-bad-a2 c1v1-measured-istio17860-b04-R-bad-a3,,FOCAL_DEFECT_WITNESS | FOCAL_DEFECT_WITNESS | FOCAL_DEFECT_WITNESS,1,1,0,,15.324,0.103149,
istio17860,4,A,c1v1-istio17860-b04,R,V_ok,P3,ACCEPT,,"accept on first zero, block after 3 nonzero",1,c1v1-measured-istio17860-b04-R-ok-a1,c1v1-measured-istio17860-b04-R-ok-a2 c1v1-measured-istio17860-b04-R-ok-a3,PASS,,,,0,1.001,0.016137,
istio17860,4,A,c1v1-istio17860-b04,R,V_bad,P3-retain,BLOCK,,P3 decision; flag accept after failure,3,c1v1-measured-istio17860-b04-R-bad-a1 c1v1-measured-istio17860-b04-R-bad-a2 c1v1-measured-istio17860-b04-R-bad-a3,,FOCAL_DEFECT_WITNESS | FOCAL_DEFECT_WITNESS | FOCAL_DEFECT_WITNESS,1,1,0,,15.324,0.103149,
istio17860,4,A,c1v1-istio17860-b04,R,V_ok,P3-retain,ACCEPT,,P3 decision; flag accept after failure,1,c1v1-measured-istio17860-b04-R-ok-a1,c1v1-measured-istio17860-b04-R-ok-a2 c1v1-measured-istio17860-b04-R-ok-a3,PASS,,,,0,1.001,0.016137,
istio17860,4,A,c1v1-istio17860-b04,L,V_bad,P1,BLOCK,,first attempt only,1,c1v1-measured-istio17860-b04-L-bad-a1,c1v1-measured-istio17860-b04-L-bad-a2 c1v1-measured-istio17860-b04-L-bad-a3,FOCAL_DEFECT_WITNESS,1,1,0,,5.037,0.00426,
istio17860,4,A,c1v1-istio17860-b04,L,V_ok,P1,ACCEPT,,first attempt only,1,c1v1-measured-istio17860-b04-L-ok-a1,c1v1-measured-istio17860-b04-L-ok-a2 c1v1-measured-istio17860-b04-L-ok-a3,PASS,,,,0,0.87,0.001903,
istio17860,4,A,c1v1-istio17860-b04,L,V_bad,P3,BLOCK,,"accept on first zero, block after 3 nonzero",3,c1v1-measured-istio17860-b04-L-bad-a1 c1v1-measured-istio17860-b04-L-bad-a2 c1v1-measured-istio17860-b04-L-bad-a3,,FOCAL_DEFECT_WITNESS | FOCAL_DEFECT_WITNESS | FOCAL_DEFECT_WITNESS,1,1,0,,15.134,0.012741,
istio17860,4,A,c1v1-istio17860-b04,L,V_ok,P3,ACCEPT,,"accept on first zero, block after 3 nonzero",1,c1v1-measured-istio17860-b04-L-ok-a1,c1v1-measured-istio17860-b04-L-ok-a2 c1v1-measured-istio17860-b04-L-ok-a3,PASS,,,,0,0.87,0.001903,
istio17860,4,A,c1v1-istio17860-b04,L,V_bad,P3-retain,BLOCK,,P3 decision; flag accept after failure,3,c1v1-measured-istio17860-b04-L-bad-a1 c1v1-measured-istio17860-b04-L-bad-a2 c1v1-measured-istio17860-b04-L-bad-a3,,FOCAL_DEFECT_WITNESS | FOCAL_DEFECT_WITNESS | FOCAL_DEFECT_WITNESS,1,1,0,,15.134,0.012741,
istio17860,4,A,c1v1-istio17860-b04,L,V_ok,P3-retain,ACCEPT,,P3 decision; flag accept after failure,1,c1v1-measured-istio17860-b04-L-ok-a1,c1v1-measured-istio17860-b04-L-ok-a2 c1v1-measured-istio17860-b04-L-ok-a3,PASS,,,,0,0.87,0.001903,
istio17860,5,A,c1v1-istio17860-b05,R,V_bad,P1,BLOCK,,first attempt only,1,c1v1-measured-istio17860-b05-R-bad-a1,c1v1-measured-istio17860-b05-R-bad-a2 c1v1-measured-istio17860-b05-R-bad-a3,FOCAL_DEFECT_WITNESS,1,1,0,,5.104,0.03417,
istio17860,5,A,c1v1-istio17860-b05,R,V_ok,P1,ACCEPT,,first attempt only,1,c1v1-measured-istio17860-b05-R-ok-a1,c1v1-measured-istio17860-b05-R-ok-a2 c1v1-measured-istio17860-b05-R-ok-a3,PASS,,,,0,0.882,0.015597,
istio17860,5,A,c1v1-istio17860-b05,R,V_bad,P3,BLOCK,,"accept on first zero, block after 3 nonzero",3,c1v1-measured-istio17860-b05-R-bad-a1 c1v1-measured-istio17860-b05-R-bad-a2 c1v1-measured-istio17860-b05-R-bad-a3,,FOCAL_DEFECT_WITNESS | FOCAL_DEFECT_WITNESS | FOCAL_DEFECT_WITNESS,1,1,0,,15.169,0.102054,
istio17860,5,A,c1v1-istio17860-b05,R,V_ok,P3,ACCEPT,,"accept on first zero, block after 3 nonzero",1,c1v1-measured-istio17860-b05-R-ok-a1,c1v1-measured-istio17860-b05-R-ok-a2 c1v1-measured-istio17860-b05-R-ok-a3,PASS,,,,0,0.882,0.015597,
istio17860,5,A,c1v1-istio17860-b05,R,V_bad,P3-retain,BLOCK,,P3 decision; flag accept after failure,3,c1v1-measured-istio17860-b05-R-bad-a1 c1v1-measured-istio17860-b05-R-bad-a2 c1v1-measured-istio17860-b05-R-bad-a3,,FOCAL_DEFECT_WITNESS | FOCAL_DEFECT_WITNESS | FOCAL_DEFECT_WITNESS,1,1,0,,15.169,0.102054,
istio17860,5,A,c1v1-istio17860-b05,R,V_ok,P3-retain,ACCEPT,,P3 decision; flag accept after failure,1,c1v1-measured-istio17860-b05-R-ok-a1,c1v1-measured-istio17860-b05-R-ok-a2 c1v1-measured-istio17860-b05-R-ok-a3,PASS,,,,0,0.882,0.015597,
istio17860,5,A,c1v1-istio17860-b05,L,V_bad,P1,BLOCK,,first attempt only,1,c1v1-measured-istio17860-b05-L-bad-a1,c1v1-measured-istio17860-b05-L-bad-a2 c1v1-measured-istio17860-b05-L-bad-a3,FOCAL_DEFECT_WITNESS,1,1,0,,5.062,0.004262,
istio17860,5,A,c1v1-istio17860-b05,L,V_ok,P1,ACCEPT,,first attempt only,1,c1v1-measured-istio17860-b05-L-ok-a1,c1v1-measured-istio17860-b05-L-ok-a2 c1v1-measured-istio17860-b05-L-ok-a3,PASS,,,,0,0.889,0.001924,
istio17860,5,A,c1v1-istio17860-b05,L,V_bad,P3,BLOCK,,"accept on first zero, block after 3 nonzero",3,c1v1-measured-istio17860-b05-L-bad-a1 c1v1-measured-istio17860-b05-L-bad-a2 c1v1-measured-istio17860-b05-L-bad-a3,,FOCAL_DEFECT_WITNESS | FOCAL_DEFECT_WITNESS | FOCAL_DEFECT_WITNESS,1,1,0,,15.286,0.012839,
istio17860,5,A,c1v1-istio17860-b05,L,V_ok,P3,ACCEPT,,"accept on first zero, block after 3 nonzero",1,c1v1-measured-istio17860-b05-L-ok-a1,c1v1-measured-istio17860-b05-L-ok-a2 c1v1-measured-istio17860-b05-L-ok-a3,PASS,,,,0,0.889,0.001924,
istio17860,5,A,c1v1-istio17860-b05,L,V_bad,P3-retain,BLOCK,,P3 decision; flag accept after failure,3,c1v1-measured-istio17860-b05-L-bad-a1 c1v1-measured-istio17860-b05-L-bad-a2 c1v1-measured-istio17860-b05-L-bad-a3,,FOCAL_DEFECT_WITNESS | FOCAL_DEFECT_WITNESS | FOCAL_DEFECT_WITNESS,1,1,0,,15.286,0.012839,
istio17860,5,A,c1v1-istio17860-b05,L,V_ok,P3-retain,ACCEPT,,P3 decision; flag accept after failure,1,c1v1-measured-istio17860-b05-L-ok-a1,c1v1-measured-istio17860-b05-L-ok-a2 c1v1-measured-istio17860-b05-L-ok-a3,PASS,,,,0,0.889,0.001924,
istio17860,6,B,c1v1-istio17860-b06,R,V_bad,P1,BLOCK,,first attempt only,1,c1v1-measured-istio17860-b06-R-bad-a1,c1v1-measured-istio17860-b06-R-bad-a2 c1v1-measured-istio17860-b06-R-bad-a3,FOCAL_DEFECT_WITNESS,1,1,0,,5.208,0.034768,
istio17860,6,B,c1v1-istio17860-b06,R,V_ok,P1,ACCEPT,,first attempt only,1,c1v1-measured-istio17860-b06-R-ok-a1,c1v1-measured-istio17860-b06-R-ok-a2 c1v1-measured-istio17860-b06-R-ok-a3,PASS,,,,0,0.914,0.015719,
istio17860,6,B,c1v1-istio17860-b06,R,V_bad,P3,BLOCK,,"accept on first zero, block after 3 nonzero",3,c1v1-measured-istio17860-b06-R-bad-a1 c1v1-measured-istio17860-b06-R-bad-a2 c1v1-measured-istio17860-b06-R-bad-a3,,FOCAL_DEFECT_WITNESS | FOCAL_DEFECT_WITNESS | FOCAL_DEFECT_WITNESS,1,1,0,,15.588,0.103832,
istio17860,6,B,c1v1-istio17860-b06,R,V_ok,P3,ACCEPT,,"accept on first zero, block after 3 nonzero",1,c1v1-measured-istio17860-b06-R-ok-a1,c1v1-measured-istio17860-b06-R-ok-a2 c1v1-measured-istio17860-b06-R-ok-a3,PASS,,,,0,0.914,0.015719,
istio17860,6,B,c1v1-istio17860-b06,R,V_bad,P3-retain,BLOCK,,P3 decision; flag accept after failure,3,c1v1-measured-istio17860-b06-R-bad-a1 c1v1-measured-istio17860-b06-R-bad-a2 c1v1-measured-istio17860-b06-R-bad-a3,,FOCAL_DEFECT_WITNESS | FOCAL_DEFECT_WITNESS | FOCAL_DEFECT_WITNESS,1,1,0,,15.588,0.103832,
istio17860,6,B,c1v1-istio17860-b06,R,V_ok,P3-retain,ACCEPT,,P3 decision; flag accept after failure,1,c1v1-measured-istio17860-b06-R-ok-a1,c1v1-measured-istio17860-b06-R-ok-a2 c1v1-measured-istio17860-b06-R-ok-a3,PASS,,,,0,0.914,0.015719,
istio17860,6,B,c1v1-istio17860-b06,L,V_bad,P1,BLOCK,,first attempt only,1,c1v1-measured-istio17860-b06-L-bad-a1,c1v1-measured-istio17860-b06-L-bad-a2 c1v1-measured-istio17860-b06-L-bad-a3,FOCAL_DEFECT_WITNESS,1,1,0,,5.33,0.004378,
istio17860,6,B,c1v1-istio17860-b06,L,V_ok,P1,ACCEPT,,first attempt only,1,c1v1-measured-istio17860-b06-L-ok-a1,c1v1-measured-istio17860-b06-L-ok-a2 c1v1-measured-istio17860-b06-L-ok-a3,PASS,,,,0,0.984,0.00196,
istio17860,6,B,c1v1-istio17860-b06,L,V_bad,P3,BLOCK,,"accept on first zero, block after 3 nonzero",3,c1v1-measured-istio17860-b06-L-bad-a1 c1v1-measured-istio17860-b06-L-bad-a2 c1v1-measured-istio17860-b06-L-bad-a3,,FOCAL_DEFECT_WITNESS | FOCAL_DEFECT_WITNESS | FOCAL_DEFECT_WITNESS,1,1,0,,15.963,0.013187,
istio17860,6,B,c1v1-istio17860-b06,L,V_ok,P3,ACCEPT,,"accept on first zero, block after 3 nonzero",1,c1v1-measured-istio17860-b06-L-ok-a1,c1v1-measured-istio17860-b06-L-ok-a2 c1v1-measured-istio17860-b06-L-ok-a3,PASS,,,,0,0.984,0.00196,
istio17860,6,B,c1v1-istio17860-b06,L,V_bad,P3-retain,BLOCK,,P3 decision; flag accept after failure,3,c1v1-measured-istio17860-b06-L-bad-a1 c1v1-measured-istio17860-b06-L-bad-a2 c1v1-measured-istio17860-b06-L-bad-a3,,FOCAL_DEFECT_WITNESS | FOCAL_DEFECT_WITNESS | FOCAL_DEFECT_WITNESS,1,1,0,,15.963,0.013187,
istio17860,6,B,c1v1-istio17860-b06,L,V_ok,P3-retain,ACCEPT,,P3 decision; flag accept after failure,1,c1v1-measured-istio17860-b06-L-ok-a1,c1v1-measured-istio17860-b06-L-ok-a2 c1v1-measured-istio17860-b06-L-ok-a3,PASS,,,,0,0.984,0.00196,
istio17860,7,B,c1v1-istio17860-b07,R,V_bad,P1,BLOCK,,first attempt only,1,c1v1-measured-istio17860-b07-R-bad-a1,c1v1-measured-istio17860-b07-R-bad-a2 c1v1-measured-istio17860-b07-R-bad-a3,FOCAL_DEFECT_WITNESS,1,1,0,,5.421,0.035757,
istio17860,7,B,c1v1-istio17860-b07,R,V_ok,P1,ACCEPT,,first attempt only,1,c1v1-measured-istio17860-b07-R-ok-a1,c1v1-measured-istio17860-b07-R-ok-a2 c1v1-measured-istio17860-b07-R-ok-a3,PASS,,,,0,0.97,0.016015,
istio17860,7,B,c1v1-istio17860-b07,R,V_bad,P3,BLOCK,,"accept on first zero, block after 3 nonzero",3,c1v1-measured-istio17860-b07-R-bad-a1 c1v1-measured-istio17860-b07-R-bad-a2 c1v1-measured-istio17860-b07-R-bad-a3,,FOCAL_DEFECT_WITNESS | FOCAL_DEFECT_WITNESS | FOCAL_DEFECT_WITNESS,1,1,0,,16.099,0.106289,
istio17860,7,B,c1v1-istio17860-b07,R,V_ok,P3,ACCEPT,,"accept on first zero, block after 3 nonzero",1,c1v1-measured-istio17860-b07-R-ok-a1,c1v1-measured-istio17860-b07-R-ok-a2 c1v1-measured-istio17860-b07-R-ok-a3,PASS,,,,0,0.97,0.016015,
istio17860,7,B,c1v1-istio17860-b07,R,V_bad,P3-retain,BLOCK,,P3 decision; flag accept after failure,3,c1v1-measured-istio17860-b07-R-bad-a1 c1v1-measured-istio17860-b07-R-bad-a2 c1v1-measured-istio17860-b07-R-bad-a3,,FOCAL_DEFECT_WITNESS | FOCAL_DEFECT_WITNESS | FOCAL_DEFECT_WITNESS,1,1,0,,16.099,0.106289,
istio17860,7,B,c1v1-istio17860-b07,R,V_ok,P3-retain,ACCEPT,,P3 decision; flag accept after failure,1,c1v1-measured-istio17860-b07-R-ok-a1,c1v1-measured-istio17860-b07-R-ok-a2 c1v1-measured-istio17860-b07-R-ok-a3,PASS,,,,0,0.97,0.016015,
istio17860,7,B,c1v1-istio17860-b07,L,V_bad,P1,BLOCK,,first attempt only,1,c1v1-measured-istio17860-b07-L-bad-a1,c1v1-measured-istio17860-b07-L-bad-a2 c1v1-measured-istio17860-b07-L-bad-a3,FOCAL_DEFECT_WITNESS,1,1,0,,5.305,0.0044,
istio17860,7,B,c1v1-istio17860-b07,L,V_ok,P1,ACCEPT,,first attempt only,1,c1v1-measured-istio17860-b07-L-ok-a1,c1v1-measured-istio17860-b07-L-ok-a2 c1v1-measured-istio17860-b07-L-ok-a3,PASS,,,,0,1.008,0.002025,
istio17860,7,B,c1v1-istio17860-b07,L,V_bad,P3,BLOCK,,"accept on first zero, block after 3 nonzero",3,c1v1-measured-istio17860-b07-L-bad-a1 c1v1-measured-istio17860-b07-L-bad-a2 c1v1-measured-istio17860-b07-L-bad-a3,,FOCAL_DEFECT_WITNESS | FOCAL_DEFECT_WITNESS | FOCAL_DEFECT_WITNESS,1,1,0,,15.997,0.013246,
istio17860,7,B,c1v1-istio17860-b07,L,V_ok,P3,ACCEPT,,"accept on first zero, block after 3 nonzero",1,c1v1-measured-istio17860-b07-L-ok-a1,c1v1-measured-istio17860-b07-L-ok-a2 c1v1-measured-istio17860-b07-L-ok-a3,PASS,,,,0,1.008,0.002025,
istio17860,7,B,c1v1-istio17860-b07,L,V_bad,P3-retain,BLOCK,,P3 decision; flag accept after failure,3,c1v1-measured-istio17860-b07-L-bad-a1 c1v1-measured-istio17860-b07-L-bad-a2 c1v1-measured-istio17860-b07-L-bad-a3,,FOCAL_DEFECT_WITNESS | FOCAL_DEFECT_WITNESS | FOCAL_DEFECT_WITNESS,1,1,0,,15.997,0.013246,
istio17860,7,B,c1v1-istio17860-b07,L,V_ok,P3-retain,ACCEPT,,P3 decision; flag accept after failure,1,c1v1-measured-istio17860-b07-L-ok-a1,c1v1-measured-istio17860-b07-L-ok-a2 c1v1-measured-istio17860-b07-L-ok-a3,PASS,,,,0,1.008,0.002025,
istio17860,8,B,c1v1-istio17860-b08,R,V_bad,P1,BLOCK,,first attempt only,1,c1v1-measured-istio17860-b08-R-bad-a1,c1v1-measured-istio17860-b08-R-bad-a2 c1v1-measured-istio17860-b08-R-bad-a3,FOCAL_DEFECT_WITNESS,1,1,0,,5.36,0.035173,
istio17860,8,B,c1v1-istio17860-b08,R,V_ok,P1,ACCEPT,,first attempt only,1,c1v1-measured-istio17860-b08-R-ok-a1,c1v1-measured-istio17860-b08-R-ok-a2 c1v1-measured-istio17860-b08-R-ok-a3,PASS,,,,0,0.929,0.015764,
istio17860,8,B,c1v1-istio17860-b08,R,V_bad,P3,BLOCK,,"accept on first zero, block after 3 nonzero",3,c1v1-measured-istio17860-b08-R-bad-a1 c1v1-measured-istio17860-b08-R-bad-a2 c1v1-measured-istio17860-b08-R-bad-a3,,FOCAL_DEFECT_WITNESS | FOCAL_DEFECT_WITNESS | FOCAL_DEFECT_WITNESS,1,1,0,,16.14,0.10633,
istio17860,8,B,c1v1-istio17860-b08,R,V_ok,P3,ACCEPT,,"accept on first zero, block after 3 nonzero",1,c1v1-measured-istio17860-b08-R-ok-a1,c1v1-measured-istio17860-b08-R-ok-a2 c1v1-measured-istio17860-b08-R-ok-a3,PASS,,,,0,0.929,0.015764,
istio17860,8,B,c1v1-istio17860-b08,R,V_bad,P3-retain,BLOCK,,P3 decision; flag accept after failure,3,c1v1-measured-istio17860-b08-R-bad-a1 c1v1-measured-istio17860-b08-R-bad-a2 c1v1-measured-istio17860-b08-R-bad-a3,,FOCAL_DEFECT_WITNESS | FOCAL_DEFECT_WITNESS | FOCAL_DEFECT_WITNESS,1,1,0,,16.14,0.10633,
istio17860,8,B,c1v1-istio17860-b08,R,V_ok,P3-retain,ACCEPT,,P3 decision; flag accept after failure,1,c1v1-measured-istio17860-b08-R-ok-a1,c1v1-measured-istio17860-b08-R-ok-a2 c1v1-measured-istio17860-b08-R-ok-a3,PASS,,,,0,0.929,0.015764,
istio17860,8,B,c1v1-istio17860-b08,L,V_bad,P1,BLOCK,,first attempt only,1,c1v1-measured-istio17860-b08-L-bad-a1,c1v1-measured-istio17860-b08-L-bad-a2 c1v1-measured-istio17860-b08-L-bad-a3,FOCAL_DEFECT_WITNESS,1,1,0,,5.552,0.004545,
istio17860,8,B,c1v1-istio17860-b08,L,V_ok,P1,ACCEPT,,first attempt only,1,c1v1-measured-istio17860-b08-L-ok-a1,c1v1-measured-istio17860-b08-L-ok-a2 c1v1-measured-istio17860-b08-L-ok-a3,PASS,,,,0,1.099,0.002039,
istio17860,8,B,c1v1-istio17860-b08,L,V_bad,P3,BLOCK,,"accept on first zero, block after 3 nonzero",3,c1v1-measured-istio17860-b08-L-bad-a1 c1v1-measured-istio17860-b08-L-bad-a2 c1v1-measured-istio17860-b08-L-bad-a3,,FOCAL_DEFECT_WITNESS | FOCAL_DEFECT_WITNESS | FOCAL_DEFECT_WITNESS,1,1,0,,16.429,0.013513,
istio17860,8,B,c1v1-istio17860-b08,L,V_ok,P3,ACCEPT,,"accept on first zero, block after 3 nonzero",1,c1v1-measured-istio17860-b08-L-ok-a1,c1v1-measured-istio17860-b08-L-ok-a2 c1v1-measured-istio17860-b08-L-ok-a3,PASS,,,,0,1.099,0.002039,
istio17860,8,B,c1v1-istio17860-b08,L,V_bad,P3-retain,BLOCK,,P3 decision; flag accept after failure,3,c1v1-measured-istio17860-b08-L-bad-a1 c1v1-measured-istio17860-b08-L-bad-a2 c1v1-measured-istio17860-b08-L-bad-a3,,FOCAL_DEFECT_WITNESS | FOCAL_DEFECT_WITNESS | FOCAL_DEFECT_WITNESS,1,1,0,,16.429,0.013513,
istio17860,8,B,c1v1-istio17860-b08,L,V_ok,P3-retain,ACCEPT,,P3 decision; flag accept after failure,1,c1v1-measured-istio17860-b08-L-ok-a1,c1v1-measured-istio17860-b08-L-ok-a2 c1v1-measured-istio17860-b08-L-ok-a3,PASS,,,,0,1.099,0.002039,
istio17860,9,B,c1v1-istio17860-b09,R,V_bad,P1,BLOCK,,first attempt only,1,c1v1-measured-istio17860-b09-R-bad-a1,c1v1-measured-istio17860-b09-R-bad-a2 c1v1-measured-istio17860-b09-R-bad-a3,FOCAL_DEFECT_WITNESS,1,1,0,,5.435,0.035809,
istio17860,9,B,c1v1-istio17860-b09,R,V_ok,P1,ACCEPT,,first attempt only,1,c1v1-measured-istio17860-b09-R-ok-a1,c1v1-measured-istio17860-b09-R-ok-a2 c1v1-measured-istio17860-b09-R-ok-a3,PASS,,,,0,0.987,0.016145,
istio17860,9,B,c1v1-istio17860-b09,R,V_bad,P3,BLOCK,,"accept on first zero, block after 3 nonzero",3,c1v1-measured-istio17860-b09-R-bad-a1 c1v1-measured-istio17860-b09-R-bad-a2 c1v1-measured-istio17860-b09-R-bad-a3,,FOCAL_DEFECT_WITNESS | FOCAL_DEFECT_WITNESS | FOCAL_DEFECT_WITNESS,1,1,0,,16.287,0.106974,
istio17860,9,B,c1v1-istio17860-b09,R,V_ok,P3,ACCEPT,,"accept on first zero, block after 3 nonzero",1,c1v1-measured-istio17860-b09-R-ok-a1,c1v1-measured-istio17860-b09-R-ok-a2 c1v1-measured-istio17860-b09-R-ok-a3,PASS,,,,0,0.987,0.016145,
istio17860,9,B,c1v1-istio17860-b09,R,V_bad,P3-retain,BLOCK,,P3 decision; flag accept after failure,3,c1v1-measured-istio17860-b09-R-bad-a1 c1v1-measured-istio17860-b09-R-bad-a2 c1v1-measured-istio17860-b09-R-bad-a3,,FOCAL_DEFECT_WITNESS | FOCAL_DEFECT_WITNESS | FOCAL_DEFECT_WITNESS,1,1,0,,16.287,0.106974,
istio17860,9,B,c1v1-istio17860-b09,R,V_ok,P3-retain,ACCEPT,,P3 decision; flag accept after failure,1,c1v1-measured-istio17860-b09-R-ok-a1,c1v1-measured-istio17860-b09-R-ok-a2 c1v1-measured-istio17860-b09-R-ok-a3,PASS,,,,0,0.987,0.016145,
istio17860,9,B,c1v1-istio17860-b09,L,V_bad,P1,BLOCK,,first attempt only,1,c1v1-measured-istio17860-b09-L-bad-a1,c1v1-measured-istio17860-b09-L-bad-a2 c1v1-measured-istio17860-b09-L-bad-a3,FOCAL_DEFECT_WITNESS,1,1,0,,5.449,0.004476,
istio17860,9,B,c1v1-istio17860-b09,L,V_ok,P1,ACCEPT,,first attempt only,1,c1v1-measured-istio17860-b09-L-ok-a1,c1v1-measured-istio17860-b09-L-ok-a2 c1v1-measured-istio17860-b09-L-ok-a3,PASS,,,,0,0.965,0.001995,
istio17860,9,B,c1v1-istio17860-b09,L,V_bad,P3,BLOCK,,"accept on first zero, block after 3 nonzero",3,c1v1-measured-istio17860-b09-L-bad-a1 c1v1-measured-istio17860-b09-L-bad-a2 c1v1-measured-istio17860-b09-L-bad-a3,,FOCAL_DEFECT_WITNESS | FOCAL_DEFECT_WITNESS | FOCAL_DEFECT_WITNESS,1,1,0,,16.451,0.013494,
istio17860,9,B,c1v1-istio17860-b09,L,V_ok,P3,ACCEPT,,"accept on first zero, block after 3 nonzero",1,c1v1-measured-istio17860-b09-L-ok-a1,c1v1-measured-istio17860-b09-L-ok-a2 c1v1-measured-istio17860-b09-L-ok-a3,PASS,,,,0,0.965,0.001995,
istio17860,9,B,c1v1-istio17860-b09,L,V_bad,P3-retain,BLOCK,,P3 decision; flag accept after failure,3,c1v1-measured-istio17860-b09-L-bad-a1 c1v1-measured-istio17860-b09-L-bad-a2 c1v1-measured-istio17860-b09-L-bad-a3,,FOCAL_DEFECT_WITNESS | FOCAL_DEFECT_WITNESS | FOCAL_DEFECT_WITNESS,1,1,0,,16.451,0.013494,
istio17860,9,B,c1v1-istio17860-b09,L,V_ok,P3-retain,ACCEPT,,P3 decision; flag accept after failure,1,c1v1-measured-istio17860-b09-L-ok-a1,c1v1-measured-istio17860-b09-L-ok-a2 c1v1-measured-istio17860-b09-L-ok-a3,PASS,,,,0,0.965,0.001995,
istio17860,10,B,c1v1-istio17860-b10,R,V_bad,P1,BLOCK,,first attempt only,1,c1v1-measured-istio17860-b10-R-bad-a1,c1v1-measured-istio17860-b10-R-bad-a2 c1v1-measured-istio17860-b10-R-bad-a3,FOCAL_DEFECT_WITNESS,1,1,0,,5.671,0.036868,
istio17860,10,B,c1v1-istio17860-b10,R,V_ok,P1,ACCEPT,,first attempt only,1,c1v1-measured-istio17860-b10-R-ok-a1,c1v1-measured-istio17860-b10-R-ok-a2 c1v1-measured-istio17860-b10-R-ok-a3,PASS,,,,0,1.077,0.016454,
istio17860,10,B,c1v1-istio17860-b10,R,V_bad,P3,BLOCK,,"accept on first zero, block after 3 nonzero",3,c1v1-measured-istio17860-b10-R-bad-a1 c1v1-measured-istio17860-b10-R-bad-a2 c1v1-measured-istio17860-b10-R-bad-a3,,FOCAL_DEFECT_WITNESS | FOCAL_DEFECT_WITNESS | FOCAL_DEFECT_WITNESS,1,1,0,,16.563,0.108542,
istio17860,10,B,c1v1-istio17860-b10,R,V_ok,P3,ACCEPT,,"accept on first zero, block after 3 nonzero",1,c1v1-measured-istio17860-b10-R-ok-a1,c1v1-measured-istio17860-b10-R-ok-a2 c1v1-measured-istio17860-b10-R-ok-a3,PASS,,,,0,1.077,0.016454,
istio17860,10,B,c1v1-istio17860-b10,R,V_bad,P3-retain,BLOCK,,P3 decision; flag accept after failure,3,c1v1-measured-istio17860-b10-R-bad-a1 c1v1-measured-istio17860-b10-R-bad-a2 c1v1-measured-istio17860-b10-R-bad-a3,,FOCAL_DEFECT_WITNESS | FOCAL_DEFECT_WITNESS | FOCAL_DEFECT_WITNESS,1,1,0,,16.563,0.108542,
istio17860,10,B,c1v1-istio17860-b10,R,V_ok,P3-retain,ACCEPT,,P3 decision; flag accept after failure,1,c1v1-measured-istio17860-b10-R-ok-a1,c1v1-measured-istio17860-b10-R-ok-a2 c1v1-measured-istio17860-b10-R-ok-a3,PASS,,,,0,1.077,0.016454,
istio17860,10,B,c1v1-istio17860-b10,L,V_bad,P1,BLOCK,,first attempt only,1,c1v1-measured-istio17860-b10-L-bad-a1,c1v1-measured-istio17860-b10-L-bad-a2 c1v1-measured-istio17860-b10-L-bad-a3,FOCAL_DEFECT_WITNESS,1,1,0,,5.443,0.004438,
istio17860,10,B,c1v1-istio17860-b10,L,V_ok,P1,ACCEPT,,first attempt only,1,c1v1-measured-istio17860-b10-L-ok-a1,c1v1-measured-istio17860-b10-L-ok-a2 c1v1-measured-istio17860-b10-L-ok-a3,PASS,,,,0,1.066,0.002055,
istio17860,10,B,c1v1-istio17860-b10,L,V_bad,P3,BLOCK,,"accept on first zero, block after 3 nonzero",3,c1v1-measured-istio17860-b10-L-bad-a1 c1v1-measured-istio17860-b10-L-bad-a2 c1v1-measured-istio17860-b10-L-bad-a3,,FOCAL_DEFECT_WITNESS | FOCAL_DEFECT_WITNESS | FOCAL_DEFECT_WITNESS,1,1,0,,16.308,0.013385,
istio17860,10,B,c1v1-istio17860-b10,L,V_ok,P3,ACCEPT,,"accept on first zero, block after 3 nonzero",1,c1v1-measured-istio17860-b10-L-ok-a1,c1v1-measured-istio17860-b10-L-ok-a2 c1v1-measured-istio17860-b10-L-ok-a3,PASS,,,,0,1.066,0.002055,
istio17860,10,B,c1v1-istio17860-b10,L,V_bad,P3-retain,BLOCK,,P3 decision; flag accept after failure,3,c1v1-measured-istio17860-b10-L-bad-a1 c1v1-measured-istio17860-b10-L-bad-a2 c1v1-measured-istio17860-b10-L-bad-a3,,FOCAL_DEFECT_WITNESS | FOCAL_DEFECT_WITNESS | FOCAL_DEFECT_WITNESS,1,1,0,,16.308,0.013385,
istio17860,10,B,c1v1-istio17860-b10,L,V_ok,P3-retain,ACCEPT,,P3 decision; flag accept after failure,1,c1v1-measured-istio17860-b10-L-ok-a1,c1v1-measured-istio17860-b10-L-ok-a2 c1v1-measured-istio17860-b10-L-ok-a3,PASS,,,,0,1.066,0.002055,
k8s26980,1,A,c1v1-k8s26980-b01,R,V_bad,P1,ACCEPT,,first attempt only,1,c1v1-measured-k8s26980-b01-R-bad-a1,c1v1-measured-k8s26980-b01-R-bad-a2 c1v1-measured-k8s26980-b01-R-bad-a3,PASS,0,0,0,,0.493,0.013871,
k8s26980,1,A,c1v1-k8s26980-b01,R,V_ok,P1,ACCEPT,,first attempt only,1,c1v1-measured-k8s26980-b01-R-ok-a1,c1v1-measured-k8s26980-b01-R-ok-a2 c1v1-measured-k8s26980-b01-R-ok-a3,PASS,,,,0,0.527,0.014024,
k8s26980,1,A,c1v1-k8s26980-b01,R,V_bad,P3,ACCEPT,,"accept on first zero, block after 3 nonzero",1,c1v1-measured-k8s26980-b01-R-bad-a1,c1v1-measured-k8s26980-b01-R-bad-a2 c1v1-measured-k8s26980-b01-R-bad-a3,PASS,0,0,0,,0.493,0.013871,
k8s26980,1,A,c1v1-k8s26980-b01,R,V_ok,P3,ACCEPT,,"accept on first zero, block after 3 nonzero",1,c1v1-measured-k8s26980-b01-R-ok-a1,c1v1-measured-k8s26980-b01-R-ok-a2 c1v1-measured-k8s26980-b01-R-ok-a3,PASS,,,,0,0.527,0.014024,
k8s26980,1,A,c1v1-k8s26980-b01,R,V_bad,P3-retain,ACCEPT,,P3 decision; flag accept after failure,1,c1v1-measured-k8s26980-b01-R-bad-a1,c1v1-measured-k8s26980-b01-R-bad-a2 c1v1-measured-k8s26980-b01-R-bad-a3,PASS,0,0,0,,0.493,0.013871,
k8s26980,1,A,c1v1-k8s26980-b01,R,V_ok,P3-retain,ACCEPT,,P3 decision; flag accept after failure,1,c1v1-measured-k8s26980-b01-R-ok-a1,c1v1-measured-k8s26980-b01-R-ok-a2 c1v1-measured-k8s26980-b01-R-ok-a3,PASS,,,,0,0.527,0.014024,
k8s26980,1,A,c1v1-k8s26980-b01,L,V_bad,P1,ACCEPT,,first attempt only,1,c1v1-measured-k8s26980-b01-L-bad-a1,c1v1-measured-k8s26980-b01-L-bad-a2 c1v1-measured-k8s26980-b01-L-bad-a3,PASS,0,0,0,,0.422,0.001648,
k8s26980,1,A,c1v1-k8s26980-b01,L,V_ok,P1,ACCEPT,,first attempt only,1,c1v1-measured-k8s26980-b01-L-ok-a1,c1v1-measured-k8s26980-b01-L-ok-a2 c1v1-measured-k8s26980-b01-L-ok-a3,PASS,,,,0,0.347,0.001646,
k8s26980,1,A,c1v1-k8s26980-b01,L,V_bad,P3,ACCEPT,,"accept on first zero, block after 3 nonzero",1,c1v1-measured-k8s26980-b01-L-bad-a1,c1v1-measured-k8s26980-b01-L-bad-a2 c1v1-measured-k8s26980-b01-L-bad-a3,PASS,0,0,0,,0.422,0.001648,
k8s26980,1,A,c1v1-k8s26980-b01,L,V_ok,P3,ACCEPT,,"accept on first zero, block after 3 nonzero",1,c1v1-measured-k8s26980-b01-L-ok-a1,c1v1-measured-k8s26980-b01-L-ok-a2 c1v1-measured-k8s26980-b01-L-ok-a3,PASS,,,,0,0.347,0.001646,
k8s26980,1,A,c1v1-k8s26980-b01,L,V_bad,P3-retain,ACCEPT,,P3 decision; flag accept after failure,1,c1v1-measured-k8s26980-b01-L-bad-a1,c1v1-measured-k8s26980-b01-L-bad-a2 c1v1-measured-k8s26980-b01-L-bad-a3,PASS,0,0,0,,0.422,0.001648,
k8s26980,1,A,c1v1-k8s26980-b01,L,V_ok,P3-retain,ACCEPT,,P3 decision; flag accept after failure,1,c1v1-measured-k8s26980-b01-L-ok-a1,c1v1-measured-k8s26980-b01-L-ok-a2 c1v1-measured-k8s26980-b01-L-ok-a3,PASS,,,,0,0.347,0.001646,
k8s26980,2,A,c1v1-k8s26980-b02,R,V_bad,P1,ACCEPT,,first attempt only,1,c1v1-measured-k8s26980-b02-R-bad-a1,c1v1-measured-k8s26980-b02-R-bad-a2 c1v1-measured-k8s26980-b02-R-bad-a3,PASS,0,0,0,,0.412,0.0135,
k8s26980,2,A,c1v1-k8s26980-b02,R,V_ok,P1,ACCEPT,,first attempt only,1,c1v1-measured-k8s26980-b02-R-ok-a1,c1v1-measured-k8s26980-b02-R-ok-a2 c1v1-measured-k8s26980-b02-R-ok-a3,PASS,,,,0,0.462,0.013732,
k8s26980,2,A,c1v1-k8s26980-b02,R,V_bad,P3,ACCEPT,,"accept on first zero, block after 3 nonzero",1,c1v1-measured-k8s26980-b02-R-bad-a1,c1v1-measured-k8s26980-b02-R-bad-a2 c1v1-measured-k8s26980-b02-R-bad-a3,PASS,0,0,0,,0.412,0.0135,
k8s26980,2,A,c1v1-k8s26980-b02,R,V_ok,P3,ACCEPT,,"accept on first zero, block after 3 nonzero",1,c1v1-measured-k8s26980-b02-R-ok-a1,c1v1-measured-k8s26980-b02-R-ok-a2 c1v1-measured-k8s26980-b02-R-ok-a3,PASS,,,,0,0.462,0.013732,
k8s26980,2,A,c1v1-k8s26980-b02,R,V_bad,P3-retain,ACCEPT,,P3 decision; flag accept after failure,1,c1v1-measured-k8s26980-b02-R-bad-a1,c1v1-measured-k8s26980-b02-R-bad-a2 c1v1-measured-k8s26980-b02-R-bad-a3,PASS,0,0,0,,0.412,0.0135,
k8s26980,2,A,c1v1-k8s26980-b02,R,V_ok,P3-retain,ACCEPT,,P3 decision; flag accept after failure,1,c1v1-measured-k8s26980-b02-R-ok-a1,c1v1-measured-k8s26980-b02-R-ok-a2 c1v1-measured-k8s26980-b02-R-ok-a3,PASS,,,,0,0.462,0.013732,
k8s26980,2,A,c1v1-k8s26980-b02,L,V_bad,P1,ACCEPT,,first attempt only,1,c1v1-measured-k8s26980-b02-L-bad-a1,c1v1-measured-k8s26980-b02-L-bad-a2 c1v1-measured-k8s26980-b02-L-bad-a3,PASS,0,0,0,,0.386,0.001664,
k8s26980,2,A,c1v1-k8s26980-b02,L,V_ok,P1,ACCEPT,,first attempt only,1,c1v1-measured-k8s26980-b02-L-ok-a1,c1v1-measured-k8s26980-b02-L-ok-a2 c1v1-measured-k8s26980-b02-L-ok-a3,PASS,,,,0,0.432,0.001693,
k8s26980,2,A,c1v1-k8s26980-b02,L,V_bad,P3,ACCEPT,,"accept on first zero, block after 3 nonzero",1,c1v1-measured-k8s26980-b02-L-bad-a1,c1v1-measured-k8s26980-b02-L-bad-a2 c1v1-measured-k8s26980-b02-L-bad-a3,PASS,0,0,0,,0.386,0.001664,
k8s26980,2,A,c1v1-k8s26980-b02,L,V_ok,P3,ACCEPT,,"accept on first zero, block after 3 nonzero",1,c1v1-measured-k8s26980-b02-L-ok-a1,c1v1-measured-k8s26980-b02-L-ok-a2 c1v1-measured-k8s26980-b02-L-ok-a3,PASS,,,,0,0.432,0.001693,
k8s26980,2,A,c1v1-k8s26980-b02,L,V_bad,P3-retain,ACCEPT,,P3 decision; flag accept after failure,1,c1v1-measured-k8s26980-b02-L-bad-a1,c1v1-measured-k8s26980-b02-L-bad-a2 c1v1-measured-k8s26980-b02-L-bad-a3,PASS,0,0,0,,0.386,0.001664,
k8s26980,2,A,c1v1-k8s26980-b02,L,V_ok,P3-retain,ACCEPT,,P3 decision; flag accept after failure,1,c1v1-measured-k8s26980-b02-L-ok-a1,c1v1-measured-k8s26980-b02-L-ok-a2 c1v1-measured-k8s26980-b02-L-ok-a3,PASS,,,,0,0.432,0.001693,
k8s26980,3,A,c1v1-k8s26980-b03,R,V_bad,P1,ACCEPT,,first attempt only,1,c1v1-measured-k8s26980-b03-R-bad-a1,c1v1-measured-k8s26980-b03-R-bad-a2 c1v1-measured-k8s26980-b03-R-bad-a3,PASS,0,0,0,,0.478,0.013854,
k8s26980,3,A,c1v1-k8s26980-b03,R,V_ok,P1,ACCEPT,,first attempt only,1,c1v1-measured-k8s26980-b03-R-ok-a1,c1v1-measured-k8s26980-b03-R-ok-a2 c1v1-measured-k8s26980-b03-R-ok-a3,PASS,,,,0,0.506,0.01391,
k8s26980,3,A,c1v1-k8s26980-b03,R,V_bad,P3,ACCEPT,,"accept on first zero, block after 3 nonzero",1,c1v1-measured-k8s26980-b03-R-bad-a1,c1v1-measured-k8s26980-b03-R-bad-a2 c1v1-measured-k8s26980-b03-R-bad-a3,PASS,0,0,0,,0.478,0.013854,
k8s26980,3,A,c1v1-k8s26980-b03,R,V_ok,P3,ACCEPT,,"accept on first zero, block after 3 nonzero",1,c1v1-measured-k8s26980-b03-R-ok-a1,c1v1-measured-k8s26980-b03-R-ok-a2 c1v1-measured-k8s26980-b03-R-ok-a3,PASS,,,,0,0.506,0.01391,
k8s26980,3,A,c1v1-k8s26980-b03,R,V_bad,P3-retain,ACCEPT,,P3 decision; flag accept after failure,1,c1v1-measured-k8s26980-b03-R-bad-a1,c1v1-measured-k8s26980-b03-R-bad-a2 c1v1-measured-k8s26980-b03-R-bad-a3,PASS,0,0,0,,0.478,0.013854,
k8s26980,3,A,c1v1-k8s26980-b03,R,V_ok,P3-retain,ACCEPT,,P3 decision; flag accept after failure,1,c1v1-measured-k8s26980-b03-R-ok-a1,c1v1-measured-k8s26980-b03-R-ok-a2 c1v1-measured-k8s26980-b03-R-ok-a3,PASS,,,,0,0.506,0.01391,
k8s26980,3,A,c1v1-k8s26980-b03,L,V_bad,P1,ACCEPT,,first attempt only,1,c1v1-measured-k8s26980-b03-L-bad-a1,c1v1-measured-k8s26980-b03-L-bad-a2 c1v1-measured-k8s26980-b03-L-bad-a3,PASS,0,0,0,,0.427,0.001686,
k8s26980,3,A,c1v1-k8s26980-b03,L,V_ok,P1,ACCEPT,,first attempt only,1,c1v1-measured-k8s26980-b03-L-ok-a1,c1v1-measured-k8s26980-b03-L-ok-a2 c1v1-measured-k8s26980-b03-L-ok-a3,PASS,,,,0,0.399,0.001669,
k8s26980,3,A,c1v1-k8s26980-b03,L,V_bad,P3,ACCEPT,,"accept on first zero, block after 3 nonzero",1,c1v1-measured-k8s26980-b03-L-bad-a1,c1v1-measured-k8s26980-b03-L-bad-a2 c1v1-measured-k8s26980-b03-L-bad-a3,PASS,0,0,0,,0.427,0.001686,
k8s26980,3,A,c1v1-k8s26980-b03,L,V_ok,P3,ACCEPT,,"accept on first zero, block after 3 nonzero",1,c1v1-measured-k8s26980-b03-L-ok-a1,c1v1-measured-k8s26980-b03-L-ok-a2 c1v1-measured-k8s26980-b03-L-ok-a3,PASS,,,,0,0.399,0.001669,
k8s26980,3,A,c1v1-k8s26980-b03,L,V_bad,P3-retain,ACCEPT,,P3 decision; flag accept after failure,1,c1v1-measured-k8s26980-b03-L-bad-a1,c1v1-measured-k8s26980-b03-L-bad-a2 c1v1-measured-k8s26980-b03-L-bad-a3,PASS,0,0,0,,0.427,0.001686,
k8s26980,3,A,c1v1-k8s26980-b03,L,V_ok,P3-retain,ACCEPT,,P3 decision; flag accept after failure,1,c1v1-measured-k8s26980-b03-L-ok-a1,c1v1-measured-k8s26980-b03-L-ok-a2 c1v1-measured-k8s26980-b03-L-ok-a3,PASS,,,,0,0.399,0.001669,
k8s26980,4,A,c1v1-k8s26980-b04,R,V_bad,P1,ACCEPT,,first attempt only,1,c1v1-measured-k8s26980-b04-R-bad-a1,c1v1-measured-k8s26980-b04-R-bad-a2 c1v1-measured-k8s26980-b04-R-bad-a3,PASS,0,0,0,,0.458,0.013848,
k8s26980,4,A,c1v1-k8s26980-b04,R,V_ok,P1,ACCEPT,,first attempt only,1,c1v1-measured-k8s26980-b04-R-ok-a1,c1v1-measured-k8s26980-b04-R-ok-a2 c1v1-measured-k8s26980-b04-R-ok-a3,PASS,,,,0,0.426,0.013561,
k8s26980,4,A,c1v1-k8s26980-b04,R,V_bad,P3,ACCEPT,,"accept on first zero, block after 3 nonzero",1,c1v1-measured-k8s26980-b04-R-bad-a1,c1v1-measured-k8s26980-b04-R-bad-a2 c1v1-measured-k8s26980-b04-R-bad-a3,PASS,0,0,0,,0.458,0.013848,
k8s26980,4,A,c1v1-k8s26980-b04,R,V_ok,P3,ACCEPT,,"accept on first zero, block after 3 nonzero",1,c1v1-measured-k8s26980-b04-R-ok-a1,c1v1-measured-k8s26980-b04-R-ok-a2 c1v1-measured-k8s26980-b04-R-ok-a3,PASS,,,,0,0.426,0.013561,
k8s26980,4,A,c1v1-k8s26980-b04,R,V_bad,P3-retain,ACCEPT,,P3 decision; flag accept after failure,1,c1v1-measured-k8s26980-b04-R-bad-a1,c1v1-measured-k8s26980-b04-R-bad-a2 c1v1-measured-k8s26980-b04-R-bad-a3,PASS,0,0,0,,0.458,0.013848,
k8s26980,4,A,c1v1-k8s26980-b04,R,V_ok,P3-retain,ACCEPT,,P3 decision; flag accept after failure,1,c1v1-measured-k8s26980-b04-R-ok-a1,c1v1-measured-k8s26980-b04-R-ok-a2 c1v1-measured-k8s26980-b04-R-ok-a3,PASS,,,,0,0.426,0.013561,
k8s26980,4,A,c1v1-k8s26980-b04,L,V_bad,P1,ACCEPT,,first attempt only,1,c1v1-measured-k8s26980-b04-L-bad-a1,c1v1-measured-k8s26980-b04-L-bad-a2 c1v1-measured-k8s26980-b04-L-bad-a3,PASS,0,0,0,,0.415,0.001683,
k8s26980,4,A,c1v1-k8s26980-b04,L,V_ok,P1,ACCEPT,,first attempt only,1,c1v1-measured-k8s26980-b04-L-ok-a1,c1v1-measured-k8s26980-b04-L-ok-a2 c1v1-measured-k8s26980-b04-L-ok-a3,PASS,,,,0,0.393,0.001674,
k8s26980,4,A,c1v1-k8s26980-b04,L,V_bad,P3,ACCEPT,,"accept on first zero, block after 3 nonzero",1,c1v1-measured-k8s26980-b04-L-bad-a1,c1v1-measured-k8s26980-b04-L-bad-a2 c1v1-measured-k8s26980-b04-L-bad-a3,PASS,0,0,0,,0.415,0.001683,
k8s26980,4,A,c1v1-k8s26980-b04,L,V_ok,P3,ACCEPT,,"accept on first zero, block after 3 nonzero",1,c1v1-measured-k8s26980-b04-L-ok-a1,c1v1-measured-k8s26980-b04-L-ok-a2 c1v1-measured-k8s26980-b04-L-ok-a3,PASS,,,,0,0.393,0.001674,
k8s26980,4,A,c1v1-k8s26980-b04,L,V_bad,P3-retain,ACCEPT,,P3 decision; flag accept after failure,1,c1v1-measured-k8s26980-b04-L-bad-a1,c1v1-measured-k8s26980-b04-L-bad-a2 c1v1-measured-k8s26980-b04-L-bad-a3,PASS,0,0,0,,0.415,0.001683,
k8s26980,4,A,c1v1-k8s26980-b04,L,V_ok,P3-retain,ACCEPT,,P3 decision; flag accept after failure,1,c1v1-measured-k8s26980-b04-L-ok-a1,c1v1-measured-k8s26980-b04-L-ok-a2 c1v1-measured-k8s26980-b04-L-ok-a3,PASS,,,,0,0.393,0.001674,
k8s26980,5,A,c1v1-k8s26980-b05,R,V_bad,P1,ACCEPT,,first attempt only,1,c1v1-measured-k8s26980-b05-R-bad-a1,c1v1-measured-k8s26980-b05-R-bad-a2 c1v1-measured-k8s26980-b05-R-bad-a3,PASS,0,0,0,,0.415,0.013414,
k8s26980,5,A,c1v1-k8s26980-b05,R,V_ok,P1,ACCEPT,,first attempt only,1,c1v1-measured-k8s26980-b05-R-ok-a1,c1v1-measured-k8s26980-b05-R-ok-a2 c1v1-measured-k8s26980-b05-R-ok-a3,PASS,,,,0,0.557,0.014053,
k8s26980,5,A,c1v1-k8s26980-b05,R,V_bad,P3,ACCEPT,,"accept on first zero, block after 3 nonzero",1,c1v1-measured-k8s26980-b05-R-bad-a1,c1v1-measured-k8s26980-b05-R-bad-a2 c1v1-measured-k8s26980-b05-R-bad-a3,PASS,0,0,0,,0.415,0.013414,
k8s26980,5,A,c1v1-k8s26980-b05,R,V_ok,P3,ACCEPT,,"accept on first zero, block after 3 nonzero",1,c1v1-measured-k8s26980-b05-R-ok-a1,c1v1-measured-k8s26980-b05-R-ok-a2 c1v1-measured-k8s26980-b05-R-ok-a3,PASS,,,,0,0.557,0.014053,
k8s26980,5,A,c1v1-k8s26980-b05,R,V_bad,P3-retain,ACCEPT,,P3 decision; flag accept after failure,1,c1v1-measured-k8s26980-b05-R-bad-a1,c1v1-measured-k8s26980-b05-R-bad-a2 c1v1-measured-k8s26980-b05-R-bad-a3,PASS,0,0,0,,0.415,0.013414,
k8s26980,5,A,c1v1-k8s26980-b05,R,V_ok,P3-retain,ACCEPT,,P3 decision; flag accept after failure,1,c1v1-measured-k8s26980-b05-R-ok-a1,c1v1-measured-k8s26980-b05-R-ok-a2 c1v1-measured-k8s26980-b05-R-ok-a3,PASS,,,,0,0.557,0.014053,
k8s26980,5,A,c1v1-k8s26980-b05,L,V_bad,P1,ACCEPT,,first attempt only,1,c1v1-measured-k8s26980-b05-L-bad-a1,c1v1-measured-k8s26980-b05-L-bad-a2 c1v1-measured-k8s26980-b05-L-bad-a3,PASS,0,0,0,,0.49,0.001684,
k8s26980,5,A,c1v1-k8s26980-b05,L,V_ok,P1,ACCEPT,,first attempt only,1,c1v1-measured-k8s26980-b05-L-ok-a1,c1v1-measured-k8s26980-b05-L-ok-a2 c1v1-measured-k8s26980-b05-L-ok-a3,PASS,,,,0,0.475,0.00171,
k8s26980,5,A,c1v1-k8s26980-b05,L,V_bad,P3,ACCEPT,,"accept on first zero, block after 3 nonzero",1,c1v1-measured-k8s26980-b05-L-bad-a1,c1v1-measured-k8s26980-b05-L-bad-a2 c1v1-measured-k8s26980-b05-L-bad-a3,PASS,0,0,0,,0.49,0.001684,
k8s26980,5,A,c1v1-k8s26980-b05,L,V_ok,P3,ACCEPT,,"accept on first zero, block after 3 nonzero",1,c1v1-measured-k8s26980-b05-L-ok-a1,c1v1-measured-k8s26980-b05-L-ok-a2 c1v1-measured-k8s26980-b05-L-ok-a3,PASS,,,,0,0.475,0.00171,
k8s26980,5,A,c1v1-k8s26980-b05,L,V_bad,P3-retain,ACCEPT,,P3 decision; flag accept after failure,1,c1v1-measured-k8s26980-b05-L-bad-a1,c1v1-measured-k8s26980-b05-L-bad-a2 c1v1-measured-k8s26980-b05-L-bad-a3,PASS,0,0,0,,0.49,0.001684,
k8s26980,5,A,c1v1-k8s26980-b05,L,V_ok,P3-retain,ACCEPT,,P3 decision; flag accept after failure,1,c1v1-measured-k8s26980-b05-L-ok-a1,c1v1-measured-k8s26980-b05-L-ok-a2 c1v1-measured-k8s26980-b05-L-ok-a3,PASS,,,,0,0.475,0.00171,
k8s26980,6,B,c1v1-k8s26980-b06,R,V_bad,P1,ACCEPT,,first attempt only,1,c1v1-measured-k8s26980-b06-R-bad-a1,c1v1-measured-k8s26980-b06-R-bad-a2 c1v1-measured-k8s26980-b06-R-bad-a3,PASS,0,0,0,,0.498,0.013893,
k8s26980,6,B,c1v1-k8s26980-b06,R,V_ok,P1,ACCEPT,,first attempt only,1,c1v1-measured-k8s26980-b06-R-ok-a1,c1v1-measured-k8s26980-b06-R-ok-a2 c1v1-measured-k8s26980-b06-R-ok-a3,PASS,,,,0,0.526,0.013981,
k8s26980,6,B,c1v1-k8s26980-b06,R,V_bad,P3,ACCEPT,,"accept on first zero, block after 3 nonzero",1,c1v1-measured-k8s26980-b06-R-bad-a1,c1v1-measured-k8s26980-b06-R-bad-a2 c1v1-measured-k8s26980-b06-R-bad-a3,PASS,0,0,0,,0.498,0.013893,
k8s26980,6,B,c1v1-k8s26980-b06,R,V_ok,P3,ACCEPT,,"accept on first zero, block after 3 nonzero",1,c1v1-measured-k8s26980-b06-R-ok-a1,c1v1-measured-k8s26980-b06-R-ok-a2 c1v1-measured-k8s26980-b06-R-ok-a3,PASS,,,,0,0.526,0.013981,
k8s26980,6,B,c1v1-k8s26980-b06,R,V_bad,P3-retain,ACCEPT,,P3 decision; flag accept after failure,1,c1v1-measured-k8s26980-b06-R-bad-a1,c1v1-measured-k8s26980-b06-R-bad-a2 c1v1-measured-k8s26980-b06-R-bad-a3,PASS,0,0,0,,0.498,0.013893,
k8s26980,6,B,c1v1-k8s26980-b06,R,V_ok,P3-retain,ACCEPT,,P3 decision; flag accept after failure,1,c1v1-measured-k8s26980-b06-R-ok-a1,c1v1-measured-k8s26980-b06-R-ok-a2 c1v1-measured-k8s26980-b06-R-ok-a3,PASS,,,,0,0.526,0.013981,
k8s26980,6,B,c1v1-k8s26980-b06,L,V_bad,P1,ACCEPT,,first attempt only,1,c1v1-measured-k8s26980-b06-L-bad-a1,c1v1-measured-k8s26980-b06-L-bad-a2 c1v1-measured-k8s26980-b06-L-bad-a3,PASS,0,0,0,,0.438,0.001703,
k8s26980,6,B,c1v1-k8s26980-b06,L,V_ok,P1,ACCEPT,,first attempt only,1,c1v1-measured-k8s26980-b06-L-ok-a1,c1v1-measured-k8s26980-b06-L-ok-a2 c1v1-measured-k8s26980-b06-L-ok-a3,PASS,,,,0,0.447,0.001718,
k8s26980,6,B,c1v1-k8s26980-b06,L,V_bad,P3,ACCEPT,,"accept on first zero, block after 3 nonzero",1,c1v1-measured-k8s26980-b06-L-bad-a1,c1v1-measured-k8s26980-b06-L-bad-a2 c1v1-measured-k8s26980-b06-L-bad-a3,PASS,0,0,0,,0.438,0.001703,
k8s26980,6,B,c1v1-k8s26980-b06,L,V_ok,P3,ACCEPT,,"accept on first zero, block after 3 nonzero",1,c1v1-measured-k8s26980-b06-L-ok-a1,c1v1-measured-k8s26980-b06-L-ok-a2 c1v1-measured-k8s26980-b06-L-ok-a3,PASS,,,,0,0.447,0.001718,
k8s26980,6,B,c1v1-k8s26980-b06,L,V_bad,P3-retain,ACCEPT,,P3 decision; flag accept after failure,1,c1v1-measured-k8s26980-b06-L-bad-a1,c1v1-measured-k8s26980-b06-L-bad-a2 c1v1-measured-k8s26980-b06-L-bad-a3,PASS,0,0,0,,0.438,0.001703,
k8s26980,6,B,c1v1-k8s26980-b06,L,V_ok,P3-retain,ACCEPT,,P3 decision; flag accept after failure,1,c1v1-measured-k8s26980-b06-L-ok-a1,c1v1-measured-k8s26980-b06-L-ok-a2 c1v1-measured-k8s26980-b06-L-ok-a3,PASS,,,,0,0.447,0.001718,
k8s26980,7,B,c1v1-k8s26980-b07,R,V_bad,P1,ACCEPT,,first attempt only,1,c1v1-measured-k8s26980-b07-R-bad-a1,c1v1-measured-k8s26980-b07-R-bad-a2 c1v1-measured-k8s26980-b07-R-bad-a3,PASS,0,0,0,,0.427,0.013172,
k8s26980,7,B,c1v1-k8s26980-b07,R,V_ok,P1,ACCEPT,,first attempt only,1,c1v1-measured-k8s26980-b07-R-ok-a1,c1v1-measured-k8s26980-b07-R-ok-a2 c1v1-measured-k8s26980-b07-R-ok-a3,PASS,,,,0,0.428,0.01355,
k8s26980,7,B,c1v1-k8s26980-b07,R,V_bad,P3,ACCEPT,,"accept on first zero, block after 3 nonzero",1,c1v1-measured-k8s26980-b07-R-bad-a1,c1v1-measured-k8s26980-b07-R-bad-a2 c1v1-measured-k8s26980-b07-R-bad-a3,PASS,0,0,0,,0.427,0.013172,
k8s26980,7,B,c1v1-k8s26980-b07,R,V_ok,P3,ACCEPT,,"accept on first zero, block after 3 nonzero",1,c1v1-measured-k8s26980-b07-R-ok-a1,c1v1-measured-k8s26980-b07-R-ok-a2 c1v1-measured-k8s26980-b07-R-ok-a3,PASS,,,,0,0.428,0.01355,
k8s26980,7,B,c1v1-k8s26980-b07,R,V_bad,P3-retain,ACCEPT,,P3 decision; flag accept after failure,1,c1v1-measured-k8s26980-b07-R-bad-a1,c1v1-measured-k8s26980-b07-R-bad-a2 c1v1-measured-k8s26980-b07-R-bad-a3,PASS,0,0,0,,0.427,0.013172,
k8s26980,7,B,c1v1-k8s26980-b07,R,V_ok,P3-retain,ACCEPT,,P3 decision; flag accept after failure,1,c1v1-measured-k8s26980-b07-R-ok-a1,c1v1-measured-k8s26980-b07-R-ok-a2 c1v1-measured-k8s26980-b07-R-ok-a3,PASS,,,,0,0.428,0.01355,
k8s26980,7,B,c1v1-k8s26980-b07,L,V_bad,P1,ACCEPT,,first attempt only,1,c1v1-measured-k8s26980-b07-L-bad-a1,c1v1-measured-k8s26980-b07-L-bad-a2 c1v1-measured-k8s26980-b07-L-bad-a3,PASS,0,0,0,,0.499,0.001694,
k8s26980,7,B,c1v1-k8s26980-b07,L,V_ok,P1,ACCEPT,,first attempt only,1,c1v1-measured-k8s26980-b07-L-ok-a1,c1v1-measured-k8s26980-b07-L-ok-a2 c1v1-measured-k8s26980-b07-L-ok-a3,PASS,,,,0,0.508,0.00174,
k8s26980,7,B,c1v1-k8s26980-b07,L,V_bad,P3,ACCEPT,,"accept on first zero, block after 3 nonzero",1,c1v1-measured-k8s26980-b07-L-bad-a1,c1v1-measured-k8s26980-b07-L-bad-a2 c1v1-measured-k8s26980-b07-L-bad-a3,PASS,0,0,0,,0.499,0.001694,
k8s26980,7,B,c1v1-k8s26980-b07,L,V_ok,P3,ACCEPT,,"accept on first zero, block after 3 nonzero",1,c1v1-measured-k8s26980-b07-L-ok-a1,c1v1-measured-k8s26980-b07-L-ok-a2 c1v1-measured-k8s26980-b07-L-ok-a3,PASS,,,,0,0.508,0.00174,
k8s26980,7,B,c1v1-k8s26980-b07,L,V_bad,P3-retain,ACCEPT,,P3 decision; flag accept after failure,1,c1v1-measured-k8s26980-b07-L-bad-a1,c1v1-measured-k8s26980-b07-L-bad-a2 c1v1-measured-k8s26980-b07-L-bad-a3,PASS,0,0,0,,0.499,0.001694,
k8s26980,7,B,c1v1-k8s26980-b07,L,V_ok,P3-retain,ACCEPT,,P3 decision; flag accept after failure,1,c1v1-measured-k8s26980-b07-L-ok-a1,c1v1-measured-k8s26980-b07-L-ok-a2 c1v1-measured-k8s26980-b07-L-ok-a3,PASS,,,,0,0.508,0.00174,
k8s26980,8,B,c1v1-k8s26980-b08,R,V_bad,P1,ACCEPT,,first attempt only,1,c1v1-measured-k8s26980-b08-R-bad-a1,c1v1-measured-k8s26980-b08-R-bad-a2 c1v1-measured-k8s26980-b08-R-bad-a3,PASS,0,0,0,,0.417,0.013443,
k8s26980,8,B,c1v1-k8s26980-b08,R,V_ok,P1,ACCEPT,,first attempt only,1,c1v1-measured-k8s26980-b08-R-ok-a1,c1v1-measured-k8s26980-b08-R-ok-a2 c1v1-measured-k8s26980-b08-R-ok-a3,PASS,,,,0,0.431,0.0135,
k8s26980,8,B,c1v1-k8s26980-b08,R,V_bad,P3,ACCEPT,,"accept on first zero, block after 3 nonzero",1,c1v1-measured-k8s26980-b08-R-bad-a1,c1v1-measured-k8s26980-b08-R-bad-a2 c1v1-measured-k8s26980-b08-R-bad-a3,PASS,0,0,0,,0.417,0.013443,
k8s26980,8,B,c1v1-k8s26980-b08,R,V_ok,P3,ACCEPT,,"accept on first zero, block after 3 nonzero",1,c1v1-measured-k8s26980-b08-R-ok-a1,c1v1-measured-k8s26980-b08-R-ok-a2 c1v1-measured-k8s26980-b08-R-ok-a3,PASS,,,,0,0.431,0.0135,
k8s26980,8,B,c1v1-k8s26980-b08,R,V_bad,P3-retain,ACCEPT,,P3 decision; flag accept after failure,1,c1v1-measured-k8s26980-b08-R-bad-a1,c1v1-measured-k8s26980-b08-R-bad-a2 c1v1-measured-k8s26980-b08-R-bad-a3,PASS,0,0,0,,0.417,0.013443,
k8s26980,8,B,c1v1-k8s26980-b08,R,V_ok,P3-retain,ACCEPT,,P3 decision; flag accept after failure,1,c1v1-measured-k8s26980-b08-R-ok-a1,c1v1-measured-k8s26980-b08-R-ok-a2 c1v1-measured-k8s26980-b08-R-ok-a3,PASS,,,,0,0.431,0.0135,
k8s26980,8,B,c1v1-k8s26980-b08,L,V_bad,P1,ACCEPT,,first attempt only,1,c1v1-measured-k8s26980-b08-L-bad-a1,c1v1-measured-k8s26980-b08-L-bad-a2 c1v1-measured-k8s26980-b08-L-bad-a3,PASS,0,0,0,,0.418,0.001681,
k8s26980,8,B,c1v1-k8s26980-b08,L,V_ok,P1,ACCEPT,,first attempt only,1,c1v1-measured-k8s26980-b08-L-ok-a1,c1v1-measured-k8s26980-b08-L-ok-a2 c1v1-measured-k8s26980-b08-L-ok-a3,PASS,,,,0,0.448,0.001706,
k8s26980,8,B,c1v1-k8s26980-b08,L,V_bad,P3,ACCEPT,,"accept on first zero, block after 3 nonzero",1,c1v1-measured-k8s26980-b08-L-bad-a1,c1v1-measured-k8s26980-b08-L-bad-a2 c1v1-measured-k8s26980-b08-L-bad-a3,PASS,0,0,0,,0.418,0.001681,
k8s26980,8,B,c1v1-k8s26980-b08,L,V_ok,P3,ACCEPT,,"accept on first zero, block after 3 nonzero",1,c1v1-measured-k8s26980-b08-L-ok-a1,c1v1-measured-k8s26980-b08-L-ok-a2 c1v1-measured-k8s26980-b08-L-ok-a3,PASS,,,,0,0.448,0.001706,
k8s26980,8,B,c1v1-k8s26980-b08,L,V_bad,P3-retain,ACCEPT,,P3 decision; flag accept after failure,1,c1v1-measured-k8s26980-b08-L-bad-a1,c1v1-measured-k8s26980-b08-L-bad-a2 c1v1-measured-k8s26980-b08-L-bad-a3,PASS,0,0,0,,0.418,0.001681,
k8s26980,8,B,c1v1-k8s26980-b08,L,V_ok,P3-retain,ACCEPT,,P3 decision; flag accept after failure,1,c1v1-measured-k8s26980-b08-L-ok-a1,c1v1-measured-k8s26980-b08-L-ok-a2 c1v1-measured-k8s26980-b08-L-ok-a3,PASS,,,,0,0.448,0.001706,
k8s26980,9,B,c1v1-k8s26980-b09,R,V_bad,P1,ACCEPT,,first attempt only,1,c1v1-measured-k8s26980-b09-R-bad-a1,c1v1-measured-k8s26980-b09-R-bad-a2 c1v1-measured-k8s26980-b09-R-bad-a3,PASS,0,0,0,,0.473,0.013394,
k8s26980,9,B,c1v1-k8s26980-b09,R,V_ok,P1,ACCEPT,,first attempt only,1,c1v1-measured-k8s26980-b09-R-ok-a1,c1v1-measured-k8s26980-b09-R-ok-a2 c1v1-measured-k8s26980-b09-R-ok-a3,PASS,,,,0,0.444,0.013553,
k8s26980,9,B,c1v1-k8s26980-b09,R,V_bad,P3,ACCEPT,,"accept on first zero, block after 3 nonzero",1,c1v1-measured-k8s26980-b09-R-bad-a1,c1v1-measured-k8s26980-b09-R-bad-a2 c1v1-measured-k8s26980-b09-R-bad-a3,PASS,0,0,0,,0.473,0.013394,
k8s26980,9,B,c1v1-k8s26980-b09,R,V_ok,P3,ACCEPT,,"accept on first zero, block after 3 nonzero",1,c1v1-measured-k8s26980-b09-R-ok-a1,c1v1-measured-k8s26980-b09-R-ok-a2 c1v1-measured-k8s26980-b09-R-ok-a3,PASS,,,,0,0.444,0.013553,
k8s26980,9,B,c1v1-k8s26980-b09,R,V_bad,P3-retain,ACCEPT,,P3 decision; flag accept after failure,1,c1v1-measured-k8s26980-b09-R-bad-a1,c1v1-measured-k8s26980-b09-R-bad-a2 c1v1-measured-k8s26980-b09-R-bad-a3,PASS,0,0,0,,0.473,0.013394,
k8s26980,9,B,c1v1-k8s26980-b09,R,V_ok,P3-retain,ACCEPT,,P3 decision; flag accept after failure,1,c1v1-measured-k8s26980-b09-R-ok-a1,c1v1-measured-k8s26980-b09-R-ok-a2 c1v1-measured-k8s26980-b09-R-ok-a3,PASS,,,,0,0.444,0.013553,
k8s26980,9,B,c1v1-k8s26980-b09,L,V_bad,P1,ACCEPT,,first attempt only,1,c1v1-measured-k8s26980-b09-L-bad-a1,c1v1-measured-k8s26980-b09-L-bad-a2 c1v1-measured-k8s26980-b09-L-bad-a3,PASS,0,0,0,,0.504,0.001693,
k8s26980,9,B,c1v1-k8s26980-b09,L,V_ok,P1,ACCEPT,,first attempt only,1,c1v1-measured-k8s26980-b09-L-ok-a1,c1v1-measured-k8s26980-b09-L-ok-a2 c1v1-measured-k8s26980-b09-L-ok-a3,PASS,,,,0,0.496,0.001726,
k8s26980,9,B,c1v1-k8s26980-b09,L,V_bad,P3,ACCEPT,,"accept on first zero, block after 3 nonzero",1,c1v1-measured-k8s26980-b09-L-bad-a1,c1v1-measured-k8s26980-b09-L-bad-a2 c1v1-measured-k8s26980-b09-L-bad-a3,PASS,0,0,0,,0.504,0.001693,
k8s26980,9,B,c1v1-k8s26980-b09,L,V_ok,P3,ACCEPT,,"accept on first zero, block after 3 nonzero",1,c1v1-measured-k8s26980-b09-L-ok-a1,c1v1-measured-k8s26980-b09-L-ok-a2 c1v1-measured-k8s26980-b09-L-ok-a3,PASS,,,,0,0.496,0.001726,
k8s26980,9,B,c1v1-k8s26980-b09,L,V_bad,P3-retain,ACCEPT,,P3 decision; flag accept after failure,1,c1v1-measured-k8s26980-b09-L-bad-a1,c1v1-measured-k8s26980-b09-L-bad-a2 c1v1-measured-k8s26980-b09-L-bad-a3,PASS,0,0,0,,0.504,0.001693,
k8s26980,9,B,c1v1-k8s26980-b09,L,V_ok,P3-retain,ACCEPT,,P3 decision; flag accept after failure,1,c1v1-measured-k8s26980-b09-L-ok-a1,c1v1-measured-k8s26980-b09-L-ok-a2 c1v1-measured-k8s26980-b09-L-ok-a3,PASS,,,,0,0.496,0.001726,
k8s26980,10,B,c1v1-k8s26980-b10,R,V_bad,P1,ACCEPT,,first attempt only,1,c1v1-measured-k8s26980-b10-R-bad-a1,c1v1-measured-k8s26980-b10-R-bad-a2 c1v1-measured-k8s26980-b10-R-bad-a3,PASS,0,0,0,,0.52,0.013986,
k8s26980,10,B,c1v1-k8s26980-b10,R,V_ok,P1,ACCEPT,,first attempt only,1,c1v1-measured-k8s26980-b10-R-ok-a1,c1v1-measured-k8s26980-b10-R-ok-a2 c1v1-measured-k8s26980-b10-R-ok-a3,PASS,,,,0,0.456,0.013638,
k8s26980,10,B,c1v1-k8s26980-b10,R,V_bad,P3,ACCEPT,,"accept on first zero, block after 3 nonzero",1,c1v1-measured-k8s26980-b10-R-bad-a1,c1v1-measured-k8s26980-b10-R-bad-a2 c1v1-measured-k8s26980-b10-R-bad-a3,PASS,0,0,0,,0.52,0.013986,
k8s26980,10,B,c1v1-k8s26980-b10,R,V_ok,P3,ACCEPT,,"accept on first zero, block after 3 nonzero",1,c1v1-measured-k8s26980-b10-R-ok-a1,c1v1-measured-k8s26980-b10-R-ok-a2 c1v1-measured-k8s26980-b10-R-ok-a3,PASS,,,,0,0.456,0.013638,
k8s26980,10,B,c1v1-k8s26980-b10,R,V_bad,P3-retain,ACCEPT,,P3 decision; flag accept after failure,1,c1v1-measured-k8s26980-b10-R-bad-a1,c1v1-measured-k8s26980-b10-R-bad-a2 c1v1-measured-k8s26980-b10-R-bad-a3,PASS,0,0,0,,0.52,0.013986,
k8s26980,10,B,c1v1-k8s26980-b10,R,V_ok,P3-retain,ACCEPT,,P3 decision; flag accept after failure,1,c1v1-measured-k8s26980-b10-R-ok-a1,c1v1-measured-k8s26980-b10-R-ok-a2 c1v1-measured-k8s26980-b10-R-ok-a3,PASS,,,,0,0.456,0.013638,
k8s26980,10,B,c1v1-k8s26980-b10,L,V_bad,P1,ACCEPT,,first attempt only,1,c1v1-measured-k8s26980-b10-L-bad-a1,c1v1-measured-k8s26980-b10-L-bad-a2 c1v1-measured-k8s26980-b10-L-bad-a3,PASS,0,0,0,,0.425,0.001685,
k8s26980,10,B,c1v1-k8s26980-b10,L,V_ok,P1,ACCEPT,,first attempt only,1,c1v1-measured-k8s26980-b10-L-ok-a1,c1v1-measured-k8s26980-b10-L-ok-a2 c1v1-measured-k8s26980-b10-L-ok-a3,PASS,,,,0,0.575,0.001777,
k8s26980,10,B,c1v1-k8s26980-b10,L,V_bad,P3,ACCEPT,,"accept on first zero, block after 3 nonzero",1,c1v1-measured-k8s26980-b10-L-bad-a1,c1v1-measured-k8s26980-b10-L-bad-a2 c1v1-measured-k8s26980-b10-L-bad-a3,PASS,0,0,0,,0.425,0.001685,
k8s26980,10,B,c1v1-k8s26980-b10,L,V_ok,P3,ACCEPT,,"accept on first zero, block after 3 nonzero",1,c1v1-measured-k8s26980-b10-L-ok-a1,c1v1-measured-k8s26980-b10-L-ok-a2 c1v1-measured-k8s26980-b10-L-ok-a3,PASS,,,,0,0.575,0.001777,
k8s26980,10,B,c1v1-k8s26980-b10,L,V_bad,P3-retain,ACCEPT,,P3 decision; flag accept after failure,1,c1v1-measured-k8s26980-b10-L-bad-a1,c1v1-measured-k8s26980-b10-L-bad-a2 c1v1-measured-k8s26980-b10-L-bad-a3,PASS,0,0,0,,0.425,0.001685,
k8s26980,10,B,c1v1-k8s26980-b10,L,V_ok,P3-retain,ACCEPT,,P3 decision; flag accept after failure,1,c1v1-measured-k8s26980-b10-L-ok-a1,c1v1-measured-k8s26980-b10-L-ok-a2 c1v1-measured-k8s26980-b10-L-ok-a3,PASS,,,,0,0.575,0.001777,
